INFO     18/06 14:52:03   antiSMASH version: 8.0.4
INFO     18/06 14:52:03   diamond using executable: /usr/bin/diamond-aligner (2.1.3)
INFO     18/06 14:52:03   hmmpfam2 using executable: /usr/bin/hmm2pfam (2.3.2)
INFO     18/06 14:52:03   fasttree using executable: /usr/bin/fasttree
INFO     18/06 14:52:03   hmmsearch using executable: /usr/bin/hmmsearch (3.3.2)
INFO     18/06 14:52:03   hmmpress using executable: /usr/bin/hmmpress (3.3.2)
INFO     18/06 14:52:03   hmmscan using executable: /usr/bin/hmmscan (3.3.2)
INFO     18/06 14:52:03   prodigal using executable: /usr/bin/prodigal (V2.6.3)
INFO     18/06 14:52:03   blastp using executable: /usr/bin/blastp (2.12.0+)
INFO     18/06 14:52:03   makeblastdb using executable: /usr/bin/makeblastdb (2.12.0+)
DEBUG    18/06 14:52:03   Checking prerequisites for antismash.detection.hmm_detection
DEBUG    18/06 14:52:03   Found file '/usr/local/lib/python3.11/dist-packages/antismash/detection/hmm_detection/data/bgc_seeds.hmm'
DEBUG    18/06 14:52:03   Found file '/usr/local/lib/python3.11/dist-packages/antismash/detection/hmm_detection/data/bgc_seeds.hmm'
DEBUG    18/06 14:52:03   Found file '/usr/local/lib/python3.11/dist-packages/antismash/detection/hmm_detection/data/bgc_seeds.hmm.h3f'
DEBUG    18/06 14:52:03   Found file '/usr/local/lib/python3.11/dist-packages/antismash/detection/hmm_detection/data/bgc_seeds.hmm.h3i'
DEBUG    18/06 14:52:03   Found file '/usr/local/lib/python3.11/dist-packages/antismash/detection/hmm_detection/data/bgc_seeds.hmm.h3m'
DEBUG    18/06 14:52:03   Found file '/usr/local/lib/python3.11/dist-packages/antismash/detection/hmm_detection/data/bgc_seeds.hmm.h3p'
DEBUG    18/06 14:52:03   Checking prerequisites for antismash.detection.cluster_hmmer
DEBUG    18/06 14:52:03   Found file '/databases/pfam/35.0/Pfam-A.hmm'
DEBUG    18/06 14:52:03   Found file '/databases/pfam/35.0/Pfam-A.hmm.h3f'
DEBUG    18/06 14:52:03   Found file '/databases/pfam/35.0/Pfam-A.hmm.h3i'
DEBUG    18/06 14:52:03   Found file '/databases/pfam/35.0/Pfam-A.hmm.h3m'
DEBUG    18/06 14:52:03   Found file '/databases/pfam/35.0/Pfam-A.hmm.h3p'
DEBUG    18/06 14:52:03   Checking prerequisites for antismash.detection.genefunctions
DEBUG    18/06 14:52:03   Found file '/databases/resfam/Resfams.hmm'
DEBUG    18/06 14:52:03   Found file '/usr/local/lib/python3.11/dist-packages/antismash/detection/genefunctions/tools/data/extras.hmm.h3f'
DEBUG    18/06 14:52:03   Found file '/usr/local/lib/python3.11/dist-packages/antismash/detection/genefunctions/tools/data/extras.hmm.h3i'
DEBUG    18/06 14:52:03   Found file '/usr/local/lib/python3.11/dist-packages/antismash/detection/genefunctions/tools/data/extras.hmm.h3m'
DEBUG    18/06 14:52:03   Found file '/usr/local/lib/python3.11/dist-packages/antismash/detection/genefunctions/tools/data/extras.hmm.h3p'
DEBUG    18/06 14:52:03   Found file '/usr/local/lib/python3.11/dist-packages/antismash/detection/genefunctions/tools/halogenases/data/FDH.hmm'
DEBUG    18/06 14:52:03   Found file '/usr/local/lib/python3.11/dist-packages/antismash/detection/genefunctions/tools/halogenases/data/FDH.hmm.h3f'
DEBUG    18/06 14:52:03   Found file '/usr/local/lib/python3.11/dist-packages/antismash/detection/genefunctions/tools/halogenases/data/FDH.hmm.h3i'
DEBUG    18/06 14:52:03   Found file '/usr/local/lib/python3.11/dist-packages/antismash/detection/genefunctions/tools/halogenases/data/FDH.hmm.h3m'
DEBUG    18/06 14:52:03   Found file '/usr/local/lib/python3.11/dist-packages/antismash/detection/genefunctions/tools/halogenases/data/FDH.hmm.h3p'
DEBUG    18/06 14:52:03   Found file '/databases/mite/1.3/metadata.json'
DEBUG    18/06 14:52:03   Found file '/databases/mite/1.3/mite.fasta'
DEBUG    18/06 14:52:03   Found file '/databases/mite/1.3/mite.db.dmnd'
DEBUG    18/06 14:52:03   Found file '/databases/mite/1.3/mite.db.dmnd'
DEBUG    18/06 14:52:03   Found file '/usr/local/lib/python3.11/dist-packages/antismash/detection/genefunctions/tools/data/smcogs.hmm.h3f'
DEBUG    18/06 14:52:03   Found file '/usr/local/lib/python3.11/dist-packages/antismash/detection/genefunctions/tools/data/smcogs.hmm.h3i'
DEBUG    18/06 14:52:03   Found file '/usr/local/lib/python3.11/dist-packages/antismash/detection/genefunctions/tools/data/smcogs.hmm.h3m'
DEBUG    18/06 14:52:03   Found file '/usr/local/lib/python3.11/dist-packages/antismash/detection/genefunctions/tools/data/smcogs.hmm.h3p'
DEBUG    18/06 14:52:03   Found file '/databases/resfam/Resfams.hmm.h3f'
DEBUG    18/06 14:52:03   Found file '/databases/resfam/Resfams.hmm.h3i'
DEBUG    18/06 14:52:03   Found file '/databases/resfam/Resfams.hmm.h3m'
DEBUG    18/06 14:52:03   Found file '/databases/resfam/Resfams.hmm.h3p'
DEBUG    18/06 14:52:03   Checking prerequisites for antismash.detection.nrps_pks_domains
DEBUG    18/06 14:52:03   Found file '/usr/local/lib/python3.11/dist-packages/antismash/detection/nrps_pks_domains/data/abmotifs.hmm.h3f'
DEBUG    18/06 14:52:03   Found file '/usr/local/lib/python3.11/dist-packages/antismash/detection/nrps_pks_domains/data/abmotifs.hmm.h3i'
DEBUG    18/06 14:52:03   Found file '/usr/local/lib/python3.11/dist-packages/antismash/detection/nrps_pks_domains/data/abmotifs.hmm.h3m'
DEBUG    18/06 14:52:03   Found file '/usr/local/lib/python3.11/dist-packages/antismash/detection/nrps_pks_domains/data/abmotifs.hmm.h3p'
DEBUG    18/06 14:52:03   Found file '/usr/local/lib/python3.11/dist-packages/antismash/detection/nrps_pks_domains/data/dockingdomains.hmm.h3f'
DEBUG    18/06 14:52:03   Found file '/usr/local/lib/python3.11/dist-packages/antismash/detection/nrps_pks_domains/data/dockingdomains.hmm.h3i'
DEBUG    18/06 14:52:03   Found file '/usr/local/lib/python3.11/dist-packages/antismash/detection/nrps_pks_domains/data/dockingdomains.hmm.h3m'
DEBUG    18/06 14:52:03   Found file '/usr/local/lib/python3.11/dist-packages/antismash/detection/nrps_pks_domains/data/dockingdomains.hmm.h3p'
DEBUG    18/06 14:52:03   Found file '/usr/local/lib/python3.11/dist-packages/antismash/detection/nrps_pks_domains/data/ksdomains.hmm.h3f'
DEBUG    18/06 14:52:03   Found file '/usr/local/lib/python3.11/dist-packages/antismash/detection/nrps_pks_domains/data/ksdomains.hmm.h3i'
DEBUG    18/06 14:52:03   Found file '/usr/local/lib/python3.11/dist-packages/antismash/detection/nrps_pks_domains/data/ksdomains.hmm.h3m'
DEBUG    18/06 14:52:03   Found file '/usr/local/lib/python3.11/dist-packages/antismash/detection/nrps_pks_domains/data/ksdomains.hmm.h3p'
DEBUG    18/06 14:52:03   Found file '/usr/local/lib/python3.11/dist-packages/antismash/detection/nrps_pks_domains/data/nrpspksdomains.hmm.h3f'
DEBUG    18/06 14:52:03   Found file '/usr/local/lib/python3.11/dist-packages/antismash/detection/nrps_pks_domains/data/nrpspksdomains.hmm.h3i'
DEBUG    18/06 14:52:03   Found file '/usr/local/lib/python3.11/dist-packages/antismash/detection/nrps_pks_domains/data/nrpspksdomains.hmm.h3m'
DEBUG    18/06 14:52:03   Found file '/usr/local/lib/python3.11/dist-packages/antismash/detection/nrps_pks_domains/data/nrpspksdomains.hmm.h3p'
DEBUG    18/06 14:52:03   Found file '/databases/nrps_pks/transATor/2023.02.23/transATor.hmm.h3f'
DEBUG    18/06 14:52:03   Found file '/databases/nrps_pks/transATor/2023.02.23/transATor.hmm.h3i'
DEBUG    18/06 14:52:03   Found file '/databases/nrps_pks/transATor/2023.02.23/transATor.hmm.h3m'
DEBUG    18/06 14:52:03   Found file '/databases/nrps_pks/transATor/2023.02.23/transATor.hmm.h3p'
DEBUG    18/06 14:52:03   Checking prerequisites for antismash.detection.tigrfam
DEBUG    18/06 14:52:03   Found file '/databases/tigrfam/TIGRFam.hmm'
DEBUG    18/06 14:52:03   Found file '/databases/tigrfam/TIGRFam.hmm.h3f'
DEBUG    18/06 14:52:03   Found file '/databases/tigrfam/TIGRFam.hmm.h3i'
DEBUG    18/06 14:52:03   Found file '/databases/tigrfam/TIGRFam.hmm.h3m'
DEBUG    18/06 14:52:03   Found file '/databases/tigrfam/TIGRFam.hmm.h3p'
DEBUG    18/06 14:52:03   Checking prerequisites for antismash.modules.active_site_finder
DEBUG    18/06 14:52:03   Found file '/usr/local/lib/python3.11/dist-packages/antismash/modules/active_site_finder/data/PKSI-KR.hmm2'
DEBUG    18/06 14:52:03   Found file '/usr/local/lib/python3.11/dist-packages/antismash/modules/active_site_finder/data/PKSI-KS_N.hmm2'
DEBUG    18/06 14:52:03   Found file '/usr/local/lib/python3.11/dist-packages/antismash/modules/active_site_finder/data/PKSI-KS_C.hmm2'
DEBUG    18/06 14:52:03   Found file '/usr/local/lib/python3.11/dist-packages/antismash/modules/active_site_finder/data/PKSI-AT.hmm2'
DEBUG    18/06 14:52:03   Found file '/usr/local/lib/python3.11/dist-packages/antismash/modules/active_site_finder/data/PKSI-ACP.hmm2'
DEBUG    18/06 14:52:03   Found file '/usr/local/lib/python3.11/dist-packages/antismash/modules/active_site_finder/data/PKSI-DH.hmm2'
DEBUG    18/06 14:52:03   Found file '/usr/local/lib/python3.11/dist-packages/antismash/modules/active_site_finder/data/Thioesterase.hmm2'
DEBUG    18/06 14:52:03   Found file '/usr/local/lib/python3.11/dist-packages/antismash/modules/active_site_finder/data/PKSI-ER.hmm2'
DEBUG    18/06 14:52:03   Found file '/usr/local/lib/python3.11/dist-packages/antismash/modules/active_site_finder/data/p450.hmm2'
DEBUG    18/06 14:52:03   Checking prerequisites for antismash.modules.cluster_compare
DEBUG    18/06 14:52:03   Found file '/databases/clustercompare/mibig/4.0/data.json'
DEBUG    18/06 14:52:03   Found file '/databases/clustercompare/mibig/4.0/proteins.fasta'
DEBUG    18/06 14:52:03   Found file '/databases/clustercompare/mibig/4.0/proteins.dmnd'
DEBUG    18/06 14:52:03   Found file '/databases/clustercompare/mibig/4.0/proteins.dmnd'
DEBUG    18/06 14:52:03   Checking prerequisites for antismash.modules.clusterblast
DEBUG    18/06 14:52:03   Found file '/databases/knownclusterblast/4.0/clusters.txt'
DEBUG    18/06 14:52:03   Found file '/databases/knownclusterblast/4.0/proteins.fasta'
DEBUG    18/06 14:52:03   Found file '/databases/knownclusterblast/4.0/proteins.dmnd'
DEBUG    18/06 14:52:03   Found file '/databases/knownclusterblast/4.0/proteins.dmnd'
DEBUG    18/06 14:52:03   Found file '/databases/clusterblast/clusters.txt'
DEBUG    18/06 14:52:03   Found file '/databases/clusterblast/proteins.fasta'
DEBUG    18/06 14:52:03   Found file '/databases/clusterblast/proteins.dmnd'
DEBUG    18/06 14:52:03   Found file '/databases/clusterblast/proteins.dmnd'
DEBUG    18/06 14:52:03   Found file '/usr/local/lib/python3.11/dist-packages/antismash/modules/clusterblast/data/sub/proteins.fasta'
DEBUG    18/06 14:52:03   Found file '/usr/local/lib/python3.11/dist-packages/antismash/modules/clusterblast/data/sub/proteins.fasta.phr'
DEBUG    18/06 14:52:03   Found file '/usr/local/lib/python3.11/dist-packages/antismash/modules/clusterblast/data/sub/proteins.fasta.pin'
DEBUG    18/06 14:52:03   Found file '/usr/local/lib/python3.11/dist-packages/antismash/modules/clusterblast/data/sub/proteins.fasta.psq'
DEBUG    18/06 14:52:03   Found file '/usr/local/lib/python3.11/dist-packages/antismash/modules/clusterblast/data/sub/clusters.txt'
DEBUG    18/06 14:52:03   Checking prerequisites for antismash.modules.lanthipeptides
DEBUG    18/06 14:52:03   Found file '/databases/comparippson/asdb/4.0/cores.fa.pdb'
DEBUG    18/06 14:52:03   Found file '/databases/comparippson/asdb/4.0/cores.fa.phr'
DEBUG    18/06 14:52:03   Found file '/databases/comparippson/asdb/4.0/cores.fa.pin'
DEBUG    18/06 14:52:03   Found file '/databases/comparippson/asdb/4.0/cores.fa.pot'
DEBUG    18/06 14:52:03   Found file '/databases/comparippson/asdb/4.0/cores.fa.psq'
DEBUG    18/06 14:52:03   Found file '/databases/comparippson/asdb/4.0/cores.fa.ptf'
DEBUG    18/06 14:52:03   Found file '/databases/comparippson/asdb/4.0/cores.fa.pto'
DEBUG    18/06 14:52:03   Found file '/databases/comparippson/mibig/4.0/cores.fa.pdb'
DEBUG    18/06 14:52:03   Found file '/databases/comparippson/mibig/4.0/cores.fa.phr'
DEBUG    18/06 14:52:03   Found file '/databases/comparippson/mibig/4.0/cores.fa.pin'
DEBUG    18/06 14:52:03   Found file '/databases/comparippson/mibig/4.0/cores.fa.pot'
DEBUG    18/06 14:52:03   Found file '/databases/comparippson/mibig/4.0/cores.fa.psq'
DEBUG    18/06 14:52:03   Found file '/databases/comparippson/mibig/4.0/cores.fa.ptf'
DEBUG    18/06 14:52:03   Found file '/databases/comparippson/mibig/4.0/cores.fa.pto'
DEBUG    18/06 14:52:03   Checking prerequisites for antismash.modules.lassopeptides
DEBUG    18/06 14:52:03   Checking prerequisites for antismash.modules.nrps_pks
DEBUG    18/06 14:52:03   Found existing cache for /usr/local/lib/python3.11/dist-packages/antismash/modules/nrps_pks/data/terminals/cterm.fasta
DEBUG    18/06 14:52:03   Found existing cache for /usr/local/lib/python3.11/dist-packages/antismash/modules/nrps_pks/data/terminals/nterm.fasta
DEBUG    18/06 14:52:03   Found existing cache for /usr/local/lib/python3.11/dist-packages/antismash/modules/nrps_pks/at_analysis/data/AT_domains_muscle.fasta
DEBUG    18/06 14:52:04   Found existing cache for /usr/local/lib/python3.11/dist-packages/antismash/modules/nrps_pks/c_analysis/data/Rausch_C_203.fa
DEBUG    18/06 14:52:04   Found existing cache for /usr/local/lib/python3.11/dist-packages/antismash/modules/nrps_pks/kr_analysis/data/KRdomains_muscle.fasta
DEBUG    18/06 14:52:04   Found existing cache for /usr/local/lib/python3.11/dist-packages/antismash/modules/nrps_pks/minowa/data/AT_domains_muscle.fasta
DEBUG    18/06 14:52:04   Found existing cache for /usr/local/lib/python3.11/dist-packages/antismash/modules/nrps_pks/minowa/data/CAL_domains_muscle.fasta
DEBUG    18/06 14:52:04   Checking prerequisites for antismash.modules.pfam2go
DEBUG    18/06 14:52:04   Found file '/usr/local/lib/python3.11/dist-packages/antismash/modules/pfam2go/data/pfam2go.txt'
DEBUG    18/06 14:52:04   Checking prerequisites for antismash.modules.rrefinder
DEBUG    18/06 14:52:04   Found file '/usr/local/lib/python3.11/dist-packages/antismash/modules/rrefinder/data/RREFam.hmm.h3f'
DEBUG    18/06 14:52:04   Found file '/usr/local/lib/python3.11/dist-packages/antismash/modules/rrefinder/data/RREFam.hmm.h3i'
DEBUG    18/06 14:52:04   Found file '/usr/local/lib/python3.11/dist-packages/antismash/modules/rrefinder/data/RREFam.hmm.h3m'
DEBUG    18/06 14:52:04   Found file '/usr/local/lib/python3.11/dist-packages/antismash/modules/rrefinder/data/RREFam.hmm.h3p'
DEBUG    18/06 14:52:04   Checking prerequisites for antismash.modules.sactipeptides
DEBUG    18/06 14:52:04   Checking prerequisites for antismash.modules.t2pks
DEBUG    18/06 14:52:04   Found file '/usr/local/lib/python3.11/dist-packages/antismash/modules/t2pks/data/KSIII.fasta'
DEBUG    18/06 14:52:04   Found file '/usr/local/lib/python3.11/dist-packages/antismash/modules/t2pks/data/KSIII.phr'
DEBUG    18/06 14:52:04   Found file '/usr/local/lib/python3.11/dist-packages/antismash/modules/t2pks/data/KSIII.pin'
DEBUG    18/06 14:52:04   Found file '/usr/local/lib/python3.11/dist-packages/antismash/modules/t2pks/data/KSIII.psq'
DEBUG    18/06 14:52:04   Found file '/usr/local/lib/python3.11/dist-packages/antismash/modules/t2pks/data/AT.fasta'
DEBUG    18/06 14:52:04   Found file '/usr/local/lib/python3.11/dist-packages/antismash/modules/t2pks/data/AT.phr'
DEBUG    18/06 14:52:04   Found file '/usr/local/lib/python3.11/dist-packages/antismash/modules/t2pks/data/AT.pin'
DEBUG    18/06 14:52:04   Found file '/usr/local/lib/python3.11/dist-packages/antismash/modules/t2pks/data/AT.psq'
DEBUG    18/06 14:52:04   Found file '/usr/local/lib/python3.11/dist-packages/antismash/modules/t2pks/data/LIG.fasta'
DEBUG    18/06 14:52:04   Found file '/usr/local/lib/python3.11/dist-packages/antismash/modules/t2pks/data/LIG.phr'
DEBUG    18/06 14:52:04   Found file '/usr/local/lib/python3.11/dist-packages/antismash/modules/t2pks/data/LIG.pin'
DEBUG    18/06 14:52:04   Found file '/usr/local/lib/python3.11/dist-packages/antismash/modules/t2pks/data/LIG.psq'
DEBUG    18/06 14:52:04   Found file '/usr/local/lib/python3.11/dist-packages/antismash/modules/t2pks/data/t2pks.hmm.h3f'
DEBUG    18/06 14:52:04   Found file '/usr/local/lib/python3.11/dist-packages/antismash/modules/t2pks/data/t2pks.hmm.h3i'
DEBUG    18/06 14:52:04   Found file '/usr/local/lib/python3.11/dist-packages/antismash/modules/t2pks/data/t2pks.hmm.h3m'
DEBUG    18/06 14:52:04   Found file '/usr/local/lib/python3.11/dist-packages/antismash/modules/t2pks/data/t2pks.hmm.h3p'
DEBUG    18/06 14:52:04   Checking prerequisites for antismash.modules.terpene
DEBUG    18/06 14:52:04   Found file '/usr/local/lib/python3.11/dist-packages/antismash/modules/terpene/data/all_profiles.hmm'
DEBUG    18/06 14:52:04   Found file '/usr/local/lib/python3.11/dist-packages/antismash/modules/terpene/data/all_profiles.hmm.h3f'
DEBUG    18/06 14:52:04   Found file '/usr/local/lib/python3.11/dist-packages/antismash/modules/terpene/data/all_profiles.hmm.h3i'
DEBUG    18/06 14:52:04   Found file '/usr/local/lib/python3.11/dist-packages/antismash/modules/terpene/data/all_profiles.hmm.h3m'
DEBUG    18/06 14:52:04   Found file '/usr/local/lib/python3.11/dist-packages/antismash/modules/terpene/data/all_profiles.hmm.h3p'
DEBUG    18/06 14:52:04   Checking prerequisites for antismash.modules.tfbs_finder
DEBUG    18/06 14:52:04   Found file '/usr/local/lib/python3.11/dist-packages/antismash/modules/tfbs_finder/data/PWMs.json'
DEBUG    18/06 14:52:04   Checking prerequisites for antismash.modules.thiopeptides
DEBUG    18/06 14:52:04   Found file '/usr/local/lib/python3.11/dist-packages/antismash/modules/thiopeptides/data/thiopep3.hmm.h3f'
DEBUG    18/06 14:52:04   Found file '/usr/local/lib/python3.11/dist-packages/antismash/modules/thiopeptides/data/thiopep3.hmm.h3i'
DEBUG    18/06 14:52:04   Found file '/usr/local/lib/python3.11/dist-packages/antismash/modules/thiopeptides/data/thiopep3.hmm.h3m'
DEBUG    18/06 14:52:04   Found file '/usr/local/lib/python3.11/dist-packages/antismash/modules/thiopeptides/data/thiopep3.hmm.h3p'
DEBUG    18/06 14:52:04   Checking prerequisites for antismash.modules.tta
DEBUG    18/06 14:52:04   Checking prerequisites for antismash.outputs.html
DEBUG    18/06 14:52:04   Found file '/usr/local/lib/python3.11/dist-packages/antismash/outputs/html/css/bacteria.css'
DEBUG    18/06 14:52:04   Found file '/usr/local/lib/python3.11/dist-packages/antismash/outputs/html/css/fungi.css'
DEBUG    18/06 14:52:04   Found file '/usr/local/lib/python3.11/dist-packages/antismash/outputs/html/css/plants.css'
DEBUG    18/06 14:52:04   Checking prerequisites for antismash.support.genefinding
DEBUG    18/06 14:52:04   Checking options for antismash.detection.hmm_detection
DEBUG    18/06 14:52:04   Checking options for antismash.detection.cluster_hmmer
DEBUG    18/06 14:52:04   Found file '/databases/pfam/35.0/Pfam-A.hmm'
DEBUG    18/06 14:52:04   Found file '/databases/pfam/35.0/Pfam-A.hmm.h3f'
DEBUG    18/06 14:52:04   Found file '/databases/pfam/35.0/Pfam-A.hmm.h3i'
DEBUG    18/06 14:52:04   Found file '/databases/pfam/35.0/Pfam-A.hmm.h3m'
DEBUG    18/06 14:52:04   Found file '/databases/pfam/35.0/Pfam-A.hmm.h3p'
DEBUG    18/06 14:52:04   Checking options for antismash.detection.genefunctions
DEBUG    18/06 14:52:04   Checking options for antismash.detection.nrps_pks_domains
DEBUG    18/06 14:52:04   Checking options for antismash.detection.tigrfam
DEBUG    18/06 14:52:04   Checking options for antismash.modules.active_site_finder
DEBUG    18/06 14:52:04   Checking options for antismash.modules.cluster_compare
DEBUG    18/06 14:52:04   Checking options for antismash.modules.clusterblast
DEBUG    18/06 14:52:04   Checking options for antismash.modules.lanthipeptides
DEBUG    18/06 14:52:04   Checking options for antismash.modules.lassopeptides
DEBUG    18/06 14:52:04   Checking options for antismash.modules.nrps_pks
DEBUG    18/06 14:52:04   Checking options for antismash.modules.pfam2go
DEBUG    18/06 14:52:04   Checking options for antismash.modules.rrefinder
DEBUG    18/06 14:52:04   Checking options for antismash.modules.sactipeptides
DEBUG    18/06 14:52:04   Checking options for antismash.modules.t2pks
DEBUG    18/06 14:52:04   Checking options for antismash.modules.terpene
DEBUG    18/06 14:52:04   Checking options for antismash.modules.tfbs_finder
DEBUG    18/06 14:52:04   Checking options for antismash.modules.thiopeptides
DEBUG    18/06 14:52:04   Checking options for antismash.modules.tta
DEBUG    18/06 14:52:04   Checking options for antismash.outputs.html
DEBUG    18/06 14:52:04   Checking options for antismash.support.genefinding
INFO     18/06 14:52:04   Parsing input sequence '/input/6D03_short.fasta'
DEBUG    18/06 14:52:04   Stripping antiSMASH features and annotations from record: 6D03_1
DEBUG    18/06 14:52:04   Stripping antiSMASH features and annotations from record: 6D03_2
DEBUG    18/06 14:52:04   Stripping antiSMASH features and annotations from record: 6D03_3
DEBUG    18/06 14:52:04   Stripping antiSMASH features and annotations from record: 6D03_4
DEBUG    18/06 14:52:04   Stripping antiSMASH features and annotations from record: 6D03_5
DEBUG    18/06 14:52:04   Stripping antiSMASH features and annotations from record: 6D03_6
DEBUG    18/06 14:52:04   Stripping antiSMASH features and annotations from record: 6D03_7
DEBUG    18/06 14:52:04   Stripping antiSMASH features and annotations from record: 6D03_8
DEBUG    18/06 14:52:04   Stripping antiSMASH features and annotations from record: 6D03_9
DEBUG    18/06 14:52:04   Stripping antiSMASH features and annotations from record: 6D03_10
DEBUG    18/06 14:52:04   Stripping antiSMASH features and annotations from record: 6D03_11
DEBUG    18/06 14:52:04   Stripping antiSMASH features and annotations from record: 6D03_12
DEBUG    18/06 14:52:04   Stripping antiSMASH features and annotations from record: 6D03_13
DEBUG    18/06 14:52:04   Stripping antiSMASH features and annotations from record: 6D03_14
DEBUG    18/06 14:52:04   Stripping antiSMASH features and annotations from record: 6D03_15
DEBUG    18/06 14:52:04   Stripping antiSMASH features and annotations from record: 6D03_16
DEBUG    18/06 14:52:04   Stripping antiSMASH features and annotations from record: 6D03_17
DEBUG    18/06 14:52:04   Stripping antiSMASH features and annotations from record: 6D03_18
DEBUG    18/06 14:52:04   Stripping antiSMASH features and annotations from record: 6D03_19
DEBUG    18/06 14:52:04   Stripping antiSMASH features and annotations from record: 6D03_20
DEBUG    18/06 14:52:04   Stripping antiSMASH features and annotations from record: 6D03_21
DEBUG    18/06 14:52:04   Stripping antiSMASH features and annotations from record: 6D03_22
DEBUG    18/06 14:52:04   Stripping antiSMASH features and annotations from record: 6D03_23
DEBUG    18/06 14:52:04   Stripping antiSMASH features and annotations from record: 6D03_24
DEBUG    18/06 14:52:04   Stripping antiSMASH features and annotations from record: 6D03_25
DEBUG    18/06 14:52:04   Stripping antiSMASH features and annotations from record: 6D03_26
DEBUG    18/06 14:52:04   Stripping antiSMASH features and annotations from record: 6D03_27
DEBUG    18/06 14:52:04   Stripping antiSMASH features and annotations from record: 6D03_28
DEBUG    18/06 14:52:04   Stripping antiSMASH features and annotations from record: 6D03_29
DEBUG    18/06 14:52:04   Stripping antiSMASH features and annotations from record: 6D03_30
DEBUG    18/06 14:52:04   Stripping antiSMASH features and annotations from record: 6D03_31
DEBUG    18/06 14:52:04   Stripping antiSMASH features and annotations from record: 6D03_32
DEBUG    18/06 14:52:04   Stripping antiSMASH features and annotations from record: 6D03_33
DEBUG    18/06 14:52:04   Stripping antiSMASH features and annotations from record: 6D03_34
DEBUG    18/06 14:52:04   Stripping antiSMASH features and annotations from record: 6D03_35
DEBUG    18/06 14:52:04   Stripping antiSMASH features and annotations from record: 6D03_36
DEBUG    18/06 14:52:04   Stripping antiSMASH features and annotations from record: 6D03_37
DEBUG    18/06 14:52:04   Stripping antiSMASH features and annotations from record: 6D03_38
DEBUG    18/06 14:52:04   Stripping antiSMASH features and annotations from record: 6D03_39
DEBUG    18/06 14:52:04   Stripping antiSMASH features and annotations from record: 6D03_40
DEBUG    18/06 14:52:04   Stripping antiSMASH features and annotations from record: 6D03_41
DEBUG    18/06 14:52:04   Stripping antiSMASH features and annotations from record: 6D03_42
DEBUG    18/06 14:52:04   Stripping antiSMASH features and annotations from record: 6D03_43
DEBUG    18/06 14:52:04   Stripping antiSMASH features and annotations from record: 6D03_44
DEBUG    18/06 14:52:04   Stripping antiSMASH features and annotations from record: 6D03_45
DEBUG    18/06 14:52:04   Stripping antiSMASH features and annotations from record: 6D03_46
DEBUG    18/06 14:52:04   Stripping antiSMASH features and annotations from record: 6D03_47
DEBUG    18/06 14:52:04   Stripping antiSMASH features and annotations from record: 6D03_48
DEBUG    18/06 14:52:04   Stripping antiSMASH features and annotations from record: 6D03_49
DEBUG    18/06 14:52:04   Stripping antiSMASH features and annotations from record: 6D03_50
DEBUG    18/06 14:52:04   Stripping antiSMASH features and annotations from record: 6D03_51
DEBUG    18/06 14:52:04   Stripping antiSMASH features and annotations from record: 6D03_52
DEBUG    18/06 14:52:04   Stripping antiSMASH features and annotations from record: 6D03_53
DEBUG    18/06 14:52:04   Stripping antiSMASH features and annotations from record: 6D03_54
DEBUG    18/06 14:52:04   Stripping antiSMASH features and annotations from record: 6D03_55
DEBUG    18/06 14:52:04   Stripping antiSMASH features and annotations from record: 6D03_56
DEBUG    18/06 14:52:04   Stripping antiSMASH features and annotations from record: 6D03_57
DEBUG    18/06 14:52:04   Stripping antiSMASH features and annotations from record: 6D03_58
DEBUG    18/06 14:52:04   Stripping antiSMASH features and annotations from record: 6D03_59
DEBUG    18/06 14:52:04   Stripping antiSMASH features and annotations from record: 6D03_60
DEBUG    18/06 14:52:04   Stripping antiSMASH features and annotations from record: 6D03_61
DEBUG    18/06 14:52:04   Stripping antiSMASH features and annotations from record: 6D03_62
DEBUG    18/06 14:52:04   Stripping antiSMASH features and annotations from record: 6D03_63
DEBUG    18/06 14:52:04   Stripping antiSMASH features and annotations from record: 6D03_64
DEBUG    18/06 14:52:04   Stripping antiSMASH features and annotations from record: 6D03_65
DEBUG    18/06 14:52:04   Stripping antiSMASH features and annotations from record: 6D03_66
DEBUG    18/06 14:52:04   Stripping antiSMASH features and annotations from record: 6D03_67
DEBUG    18/06 14:52:04   Stripping antiSMASH features and annotations from record: 6D03_68
DEBUG    18/06 14:52:04   Stripping antiSMASH features and annotations from record: 6D03_69
DEBUG    18/06 14:52:04   Stripping antiSMASH features and annotations from record: 6D03_70
DEBUG    18/06 14:52:04   Stripping antiSMASH features and annotations from record: 6D03_71
DEBUG    18/06 14:52:04   Stripping antiSMASH features and annotations from record: 6D03_72
DEBUG    18/06 14:52:04   Converting records from biopython to secmet
DEBUG    18/06 14:52:04   Removing existing region genbank files
DEBUG    18/06 14:52:04   Reusing output directory: /data/antismash/upload/bacteria-abaa4d96-6934-453d-93b1-57d1869f2d81
DEBUG    18/06 14:52:04   Preprocessing 72 sequences
DEBUG    18/06 14:52:04   Sanitising record ids and sequences
DEBUG    18/06 14:52:04   Removing sequences smaller than 1000 bases
DEBUG    18/06 14:52:04   Ensuring records have CDS features with all required information
INFO     18/06 14:52:04   No CDS features found in record '6D03_1', running gene finding.
DEBUG    18/06 14:52:04   Running prodigal based genefinding
INFO     18/06 14:52:04   No CDS features found in record '6D03_6', running gene finding.
DEBUG    18/06 14:52:04   Running prodigal based genefinding
INFO     18/06 14:52:04   No CDS features found in record '6D03_11', running gene finding.
DEBUG    18/06 14:52:04   Running prodigal based genefinding
INFO     18/06 14:52:04   No CDS features found in record '6D03_16', running gene finding.
DEBUG    18/06 14:52:04   Running prodigal based genefinding
DEBUG    18/06 14:52:04   prodigal found 4 CDS features
INFO     18/06 14:52:04   No CDS features found in record '6D03_2', running gene finding.
DEBUG    18/06 14:52:04   Running prodigal based genefinding
DEBUG    18/06 14:52:04   prodigal found 3 CDS features
INFO     18/06 14:52:04   No CDS features found in record '6D03_17', running gene finding.
DEBUG    18/06 14:52:04   Running prodigal based genefinding
DEBUG    18/06 14:52:05   prodigal found 2 CDS features
INFO     18/06 14:52:05   No CDS features found in record '6D03_18', running gene finding.
DEBUG    18/06 14:52:05   Running prodigal based genefinding
DEBUG    18/06 14:52:05   prodigal found 9 CDS features
INFO     18/06 14:52:05   No CDS features found in record '6D03_12', running gene finding.
DEBUG    18/06 14:52:05   Running prodigal based genefinding
DEBUG    18/06 14:52:05   prodigal found 66 CDS features
INFO     18/06 14:52:05   No CDS features found in record '6D03_7', running gene finding.
DEBUG    18/06 14:52:05   Running prodigal based genefinding
DEBUG    18/06 14:52:05   prodigal found 1 CDS features
INFO     18/06 14:52:05   No CDS features found in record '6D03_13', running gene finding.
DEBUG    18/06 14:52:05   Running prodigal based genefinding
DEBUG    18/06 14:52:05   prodigal found 55 CDS features
INFO     18/06 14:52:05   No CDS features found in record '6D03_19', running gene finding.
DEBUG    18/06 14:52:05   Running prodigal based genefinding
DEBUG    18/06 14:52:05   prodigal found 15 CDS features
INFO     18/06 14:52:05   No CDS features found in record '6D03_20', running gene finding.
DEBUG    18/06 14:52:05   Running prodigal based genefinding
DEBUG    18/06 14:52:05   prodigal found 70 CDS features
INFO     18/06 14:52:05   No CDS features found in record '6D03_8', running gene finding.
DEBUG    18/06 14:52:05   Running prodigal based genefinding
DEBUG    18/06 14:52:05   prodigal found 5 CDS features
INFO     18/06 14:52:05   No CDS features found in record '6D03_9', running gene finding.
DEBUG    18/06 14:52:05   Running prodigal based genefinding
DEBUG    18/06 14:52:05   prodigal found 24 CDS features
INFO     18/06 14:52:05   No CDS features found in record '6D03_21', running gene finding.
DEBUG    18/06 14:52:05   Running prodigal based genefinding
DEBUG    18/06 14:52:05   prodigal found 35 CDS features
INFO     18/06 14:52:05   No CDS features found in record '6D03_22', running gene finding.
DEBUG    18/06 14:52:05   Running prodigal based genefinding
DEBUG    18/06 14:52:05   prodigal found 206 CDS features
INFO     18/06 14:52:05   No CDS features found in record '6D03_3', running gene finding.
DEBUG    18/06 14:52:05   Running prodigal based genefinding
DEBUG    18/06 14:52:05   prodigal found 36 CDS features
INFO     18/06 14:52:05   No CDS features found in record '6D03_4', running gene finding.
DEBUG    18/06 14:52:05   Running prodigal based genefinding
DEBUG    18/06 14:52:05   prodigal found 215 CDS features
INFO     18/06 14:52:05   No CDS features found in record '6D03_14', running gene finding.
DEBUG    18/06 14:52:05   Running prodigal based genefinding
DEBUG    18/06 14:52:05   prodigal found 17 CDS features
INFO     18/06 14:52:05   No CDS features found in record '6D03_5', running gene finding.
DEBUG    18/06 14:52:05   Running prodigal based genefinding
DEBUG    18/06 14:52:05   prodigal found 123 CDS features
INFO     18/06 14:52:05   No CDS features found in record '6D03_10', running gene finding.
DEBUG    18/06 14:52:05   Running prodigal based genefinding
DEBUG    18/06 14:52:05   prodigal found 29 CDS features
INFO     18/06 14:52:05   No CDS features found in record '6D03_15', running gene finding.
DEBUG    18/06 14:52:05   Running prodigal based genefinding
DEBUG    18/06 14:52:05   prodigal found 4 CDS features
INFO     18/06 14:52:05   No CDS features found in record '6D03_26', running gene finding.
DEBUG    18/06 14:52:05   Running prodigal based genefinding
DEBUG    18/06 14:52:05   prodigal found 32 CDS features
DEBUG    18/06 14:52:05   prodigal found 33 CDS features
INFO     18/06 14:52:05   No CDS features found in record '6D03_31', running gene finding.
DEBUG    18/06 14:52:05   Running prodigal based genefinding
INFO     18/06 14:52:05   No CDS features found in record '6D03_36', running gene finding.
DEBUG    18/06 14:52:05   Running prodigal based genefinding
DEBUG    18/06 14:52:05   prodigal found 2 CDS features
INFO     18/06 14:52:05   No CDS features found in record '6D03_37', running gene finding.
DEBUG    18/06 14:52:05   Running prodigal based genefinding
DEBUG    18/06 14:52:05   prodigal found 8 CDS features
INFO     18/06 14:52:05   No CDS features found in record '6D03_32', running gene finding.
DEBUG    18/06 14:52:05   Running prodigal based genefinding
DEBUG    18/06 14:52:05   prodigal found 2 CDS features
INFO     18/06 14:52:05   No CDS features found in record '6D03_38', running gene finding.
DEBUG    18/06 14:52:05   Running prodigal based genefinding
DEBUG    18/06 14:52:05   prodigal found 5 CDS features
INFO     18/06 14:52:05   No CDS features found in record '6D03_33', running gene finding.
DEBUG    18/06 14:52:05   Running prodigal based genefinding
DEBUG    18/06 14:52:05   prodigal found 33 CDS features
INFO     18/06 14:52:05   No CDS features found in record '6D03_34', running gene finding.
DEBUG    18/06 14:52:05   Running prodigal based genefinding
DEBUG    18/06 14:52:06   prodigal found 76 CDS features
INFO     18/06 14:52:06   No CDS features found in record '6D03_39', running gene finding.
DEBUG    18/06 14:52:06   Running prodigal based genefinding
DEBUG    18/06 14:52:06   prodigal found 241 CDS features
INFO     18/06 14:52:06   No CDS features found in record '6D03_23', running gene finding.
DEBUG    18/06 14:52:06   Running prodigal based genefinding
DEBUG    18/06 14:52:06   prodigal found 161 CDS features
INFO     18/06 14:52:06   No CDS features found in record '6D03_27', running gene finding.
DEBUG    18/06 14:52:06   Running prodigal based genefinding
DEBUG    18/06 14:52:06   prodigal found 2 CDS features
INFO     18/06 14:52:06   No CDS features found in record '6D03_24', running gene finding.
DEBUG    18/06 14:52:06   Running prodigal based genefinding
DEBUG    18/06 14:52:06   prodigal found 1 CDS features
INFO     18/06 14:52:06   No CDS features found in record '6D03_28', running gene finding.
DEBUG    18/06 14:52:06   Running prodigal based genefinding
DEBUG    18/06 14:52:06   prodigal found 4 CDS features
INFO     18/06 14:52:06   No CDS features found in record '6D03_29', running gene finding.
DEBUG    18/06 14:52:06   Running prodigal based genefinding
DEBUG    18/06 14:52:06   prodigal found 52 CDS features
INFO     18/06 14:52:06   No CDS features found in record '6D03_40', running gene finding.
DEBUG    18/06 14:52:06   Running prodigal based genefinding
DEBUG    18/06 14:52:06   prodigal found 33 CDS features
INFO     18/06 14:52:06   No CDS features found in record '6D03_30', running gene finding.
DEBUG    18/06 14:52:06   Running prodigal based genefinding
DEBUG    18/06 14:52:06   prodigal found 5 CDS features
INFO     18/06 14:52:06   No CDS features found in record '6D03_41', running gene finding.
DEBUG    18/06 14:52:06   Running prodigal based genefinding
DEBUG    18/06 14:52:06   prodigal found 3 CDS features
INFO     18/06 14:52:06   No CDS features found in record '6D03_46', running gene finding.
DEBUG    18/06 14:52:06   Running prodigal based genefinding
DEBUG    18/06 14:52:06   prodigal found 15 CDS features
INFO     18/06 14:52:06   No CDS features found in record '6D03_25', running gene finding.
DEBUG    18/06 14:52:06   Running prodigal based genefinding
DEBUG    18/06 14:52:06   prodigal found 40 CDS features
INFO     18/06 14:52:06   No CDS features found in record '6D03_42', running gene finding.
DEBUG    18/06 14:52:06   Running prodigal based genefinding
DEBUG    18/06 14:52:06   prodigal found 123 CDS features
INFO     18/06 14:52:06   No CDS features found in record '6D03_47', running gene finding.
DEBUG    18/06 14:52:06   Running prodigal based genefinding
DEBUG    18/06 14:52:06   prodigal found 3 CDS features
INFO     18/06 14:52:06   No CDS features found in record '6D03_48', running gene finding.
DEBUG    18/06 14:52:06   Running prodigal based genefinding
DEBUG    18/06 14:52:06   prodigal found 3 CDS features
INFO     18/06 14:52:06   No CDS features found in record '6D03_49', running gene finding.
DEBUG    18/06 14:52:06   Running prodigal based genefinding
DEBUG    18/06 14:52:06   prodigal found 4 CDS features
INFO     18/06 14:52:06   No CDS features found in record '6D03_50', running gene finding.
DEBUG    18/06 14:52:06   Running prodigal based genefinding
DEBUG    18/06 14:52:06   prodigal found 145 CDS features
DEBUG    18/06 14:52:06   prodigal found 4 CDS features
INFO     18/06 14:52:06   No CDS features found in record '6D03_51', running gene finding.
DEBUG    18/06 14:52:06   Running prodigal based genefinding
INFO     18/06 14:52:06   No CDS features found in record '6D03_56', running gene finding.
DEBUG    18/06 14:52:06   Running prodigal based genefinding
DEBUG    18/06 14:52:06   prodigal found 31 CDS features
INFO     18/06 14:52:06   No CDS features found in record '6D03_52', running gene finding.
DEBUG    18/06 14:52:06   Running prodigal based genefinding
DEBUG    18/06 14:52:06   prodigal found 72 CDS features
INFO     18/06 14:52:06   No CDS features found in record '6D03_57', running gene finding.
DEBUG    18/06 14:52:06   Running prodigal based genefinding
DEBUG    18/06 14:52:06   prodigal found 1 CDS features
INFO     18/06 14:52:06   No CDS features found in record '6D03_58', running gene finding.
DEBUG    18/06 14:52:06   Running prodigal based genefinding
DEBUG    18/06 14:52:06   prodigal found 276 CDS features
INFO     18/06 14:52:06   No CDS features found in record '6D03_43', running gene finding.
DEBUG    18/06 14:52:06   Running prodigal based genefinding
DEBUG    18/06 14:52:06   prodigal found 4 CDS features
INFO     18/06 14:52:06   No CDS features found in record '6D03_44', running gene finding.
DEBUG    18/06 14:52:06   Running prodigal based genefinding
DEBUG    18/06 14:52:07   prodigal found 20 CDS features
INFO     18/06 14:52:07   No CDS features found in record '6D03_45', running gene finding.
DEBUG    18/06 14:52:07   Running prodigal based genefinding
DEBUG    18/06 14:52:07   prodigal found 126 CDS features
INFO     18/06 14:52:07   No CDS features found in record '6D03_53', running gene finding.
DEBUG    18/06 14:52:07   Running prodigal based genefinding
DEBUG    18/06 14:52:07   prodigal found 3 CDS features
INFO     18/06 14:52:07   No CDS features found in record '6D03_54', running gene finding.
DEBUG    18/06 14:52:07   Running prodigal based genefinding
DEBUG    18/06 14:52:07   prodigal found 520 CDS features
INFO     18/06 14:52:07   No CDS features found in record '6D03_35', running gene finding.
DEBUG    18/06 14:52:07   Running prodigal based genefinding
DEBUG    18/06 14:52:07   prodigal found 125 CDS features
INFO     18/06 14:52:07   No CDS features found in record '6D03_59', running gene finding.
DEBUG    18/06 14:52:07   Running prodigal based genefinding
DEBUG    18/06 14:52:07   prodigal found 57 CDS features
INFO     18/06 14:52:07   No CDS features found in record '6D03_55', running gene finding.
DEBUG    18/06 14:52:07   Running prodigal based genefinding
DEBUG    18/06 14:52:07   prodigal found 138 CDS features
INFO     18/06 14:52:07   No CDS features found in record '6D03_61', running gene finding.
DEBUG    18/06 14:52:07   Running prodigal based genefinding
DEBUG    18/06 14:52:07   prodigal found 215 CDS features
INFO     18/06 14:52:07   No CDS features found in record '6D03_66', running gene finding.
DEBUG    18/06 14:52:07   Running prodigal based genefinding
DEBUG    18/06 14:52:07   prodigal found 40 CDS features
INFO     18/06 14:52:07   No CDS features found in record '6D03_67', running gene finding.
DEBUG    18/06 14:52:07   Running prodigal based genefinding
DEBUG    18/06 14:52:07   prodigal found 319 CDS features
INFO     18/06 14:52:07   No CDS features found in record '6D03_71', running gene finding.
DEBUG    18/06 14:52:07   Running prodigal based genefinding
DEBUG    18/06 14:52:07   prodigal found 7 CDS features
INFO     18/06 14:52:07   No CDS features found in record '6D03_72', running gene finding.
DEBUG    18/06 14:52:07   Running prodigal based genefinding
DEBUG    18/06 14:52:07   prodigal found 63 CDS features
INFO     18/06 14:52:07   No CDS features found in record '6D03_68', running gene finding.
DEBUG    18/06 14:52:07   Running prodigal based genefinding
DEBUG    18/06 14:52:07   prodigal found 13 CDS features
DEBUG    18/06 14:52:07   prodigal found 154 CDS features
INFO     18/06 14:52:07   No CDS features found in record '6D03_62', running gene finding.
DEBUG    18/06 14:52:07   Running prodigal based genefinding
DEBUG    18/06 14:52:08   prodigal found 2 CDS features
INFO     18/06 14:52:08   No CDS features found in record '6D03_63', running gene finding.
DEBUG    18/06 14:52:08   Running prodigal based genefinding
DEBUG    18/06 14:52:08   prodigal found 215 CDS features
INFO     18/06 14:52:08   No CDS features found in record '6D03_69', running gene finding.
DEBUG    18/06 14:52:08   Running prodigal based genefinding
DEBUG    18/06 14:52:08   prodigal found 216 CDS features
INFO     18/06 14:52:08   No CDS features found in record '6D03_64', running gene finding.
DEBUG    18/06 14:52:08   Running prodigal based genefinding
DEBUG    18/06 14:52:08   prodigal found 49 CDS features
INFO     18/06 14:52:08   No CDS features found in record '6D03_65', running gene finding.
DEBUG    18/06 14:52:08   Running prodigal based genefinding
DEBUG    18/06 14:52:08   prodigal found 20 CDS features
DEBUG    18/06 14:52:08   prodigal found 644 CDS features
INFO     18/06 14:52:08   No CDS features found in record '6D03_60', running gene finding.
DEBUG    18/06 14:52:08   Running prodigal based genefinding
DEBUG    18/06 14:52:08   prodigal found 151 CDS features
INFO     18/06 14:52:08   No CDS features found in record '6D03_70', running gene finding.
DEBUG    18/06 14:52:08   Running prodigal based genefinding
DEBUG    18/06 14:52:08   prodigal found 10 CDS features
DEBUG    18/06 14:52:08   prodigal found 73 CDS features
INFO     18/06 14:52:09   Analysing record: 6D03_1
INFO     18/06 14:52:09   Detecting secondary metabolite clusters
DEBUG    18/06 14:52:09   Checking if antismash.detection.hmm_detection should be run
INFO     18/06 14:52:09   Running antismash.detection.hmm_detection
INFO     18/06 14:52:09   HMM detection using strictness: relaxed
DEBUG    18/06 14:52:09   0 rule-based cluster(s) found in record
DEBUG    18/06 14:52:09   0 protoclusters found
DEBUG    18/06 14:52:09   0 subregions found
INFO     18/06 14:52:09   No regions detected, skipping record
INFO     18/06 14:52:09   Analysing record: 6D03_2
INFO     18/06 14:52:09   Detecting secondary metabolite clusters
DEBUG    18/06 14:52:09   Checking if antismash.detection.hmm_detection should be run
INFO     18/06 14:52:09   Running antismash.detection.hmm_detection
INFO     18/06 14:52:09   HMM detection using strictness: relaxed
DEBUG    18/06 14:52:11   0 rule-based cluster(s) found in record
DEBUG    18/06 14:52:11   0 protoclusters found
DEBUG    18/06 14:52:11   0 subregions found
INFO     18/06 14:52:11   No regions detected, skipping record
INFO     18/06 14:52:11   Analysing record: 6D03_3
INFO     18/06 14:52:11   Detecting secondary metabolite clusters
DEBUG    18/06 14:52:11   Checking if antismash.detection.hmm_detection should be run
INFO     18/06 14:52:11   Running antismash.detection.hmm_detection
INFO     18/06 14:52:11   HMM detection using strictness: relaxed
DEBUG    18/06 14:52:11   1 rule-based cluster(s) found in record
DEBUG    18/06 14:52:11   1 protoclusters found
DEBUG    18/06 14:52:11   0 subregions found
INFO     18/06 14:52:11   1 region(s) detected in record
DEBUG    18/06 14:52:11   Checking if antismash.detection.cluster_hmmer should be run
INFO     18/06 14:52:11   Running antismash.detection.cluster_hmmer
INFO     18/06 14:52:11   Running cluster PFAM search
DEBUG    18/06 14:52:14   Building name mapping for HMMer database Pfam-A.hmm
DEBUG    18/06 14:52:18   Building cutoff mapping for HMMer database /databases/pfam/35.0/Pfam-A.hmm
DEBUG    18/06 14:52:22   Adding detection results from antismash.detection.cluster_hmmer to record
DEBUG    18/06 14:52:22   Checking if antismash.detection.genefunctions should be run
INFO     18/06 14:52:22   Running antismash.detection.genefunctions
DEBUG    18/06 14:52:23   Adding detection results from antismash.detection.genefunctions to record
DEBUG    18/06 14:52:23   annotating CDS features with extras info: 0 CDSes
DEBUG    18/06 14:52:23   annotating CDS features with halogenases info: 0 CDSes
DEBUG    18/06 14:52:23   annotating CDS features with MITE info: 0 CDSes
DEBUG    18/06 14:52:23   annotating CDS features with resist info: 0 CDSes
DEBUG    18/06 14:52:23   annotating CDS features with smcogs info: 1 CDSes
DEBUG    18/06 14:52:23   Checking if antismash.detection.nrps_pks_domains should be run
INFO     18/06 14:52:23   Running antismash.detection.nrps_pks_domains
DEBUG    18/06 14:52:23   Marking NRPS/PKS CDS features and domains in clusters
DEBUG    18/06 14:52:23   Adding detection results from antismash.detection.nrps_pks_domains to record
DEBUG    18/06 14:52:23   Checking if antismash.detection.tigrfam should be run
INFO     18/06 14:52:23   Running antismash.detection.tigrfam
INFO     18/06 14:52:23   Running TIGRFam search
DEBUG    18/06 14:52:24   Building name mapping for HMMer database TIGRFam.hmm
DEBUG    18/06 14:52:25   Adding detection results from antismash.detection.tigrfam to record
DEBUG    18/06 14:52:25   Checking if antismash.modules.active_site_finder should be run
INFO     18/06 14:52:25   Running antismash.modules.active_site_finder
DEBUG    18/06 14:52:25   Checking if antismash.modules.cluster_compare should be run
INFO     18/06 14:52:25   Running antismash.modules.cluster_compare
DEBUG    18/06 14:52:25   Loading comparison database: MIBiG
DEBUG    18/06 14:52:26   Comparison database loaded
INFO     18/06 14:52:26   Comparing regions to reference database
DEBUG    18/06 14:52:28   Checking if antismash.modules.clusterblast should be run
INFO     18/06 14:52:28   Running antismash.modules.clusterblast
INFO     18/06 14:52:28   Running ClusterBlast
INFO     18/06 14:52:28   ClusterBlast: Loading gene cluster database into memory...
INFO     18/06 14:52:31   ClusterBlast: Loading gene cluster database proteins into memory...
INFO     18/06 14:53:04   Comparing regions to reference database
INFO     18/06 14:53:21   Running subcluster search
INFO     18/06 14:53:21   SubClusterBlast: Loading gene cluster database into memory...
INFO     18/06 14:53:21   SubClusterBlast: Loading gene cluster database proteins into memory...
INFO     18/06 14:53:21   Running known cluster search
INFO     18/06 14:53:21   KnownClusterBlast: Loading gene cluster database into memory...
INFO     18/06 14:53:21   KnownClusterBlast: Loading gene cluster database proteins into memory...
DEBUG    18/06 14:53:22   Running DIAMOND knowncluster searches..
INFO     18/06 14:53:22   Comparing regions to reference database
DEBUG    18/06 14:53:26   Checking if antismash.modules.lanthipeptides should be run
INFO     18/06 14:53:26   Running antismash.modules.lanthipeptides
DEBUG    18/06 14:53:26   Lanthipeptide module marked 0 motifs
DEBUG    18/06 14:53:26   Checking if antismash.modules.lassopeptides should be run
INFO     18/06 14:53:26   Running antismash.modules.lassopeptides
DEBUG    18/06 14:53:26   Lassopeptide module marked 0 motifs
DEBUG    18/06 14:53:26   Checking if antismash.modules.nrps_pks should be run
INFO     18/06 14:53:26   Running antismash.modules.nrps_pks
DEBUG    18/06 14:53:26   No NRPS or PKS genes found, skipping analysis
DEBUG    18/06 14:53:26   Checking if antismash.modules.pfam2go should be run
INFO     18/06 14:53:26   Running antismash.modules.pfam2go
DEBUG    18/06 14:53:26   Checking if antismash.modules.rrefinder should be run
INFO     18/06 14:53:26   Running antismash.modules.rrefinder
DEBUG    18/06 14:53:26   Checking if antismash.modules.sactipeptides should be run
INFO     18/06 14:53:26   Running antismash.modules.sactipeptides
DEBUG    18/06 14:53:26   Found no sactipeptide motifs
DEBUG    18/06 14:53:26   Checking if antismash.modules.t2pks should be run
INFO     18/06 14:53:26   Running antismash.modules.t2pks
DEBUG    18/06 14:53:26   No type II PKS clusters to analyze
DEBUG    18/06 14:53:26   Checking if antismash.modules.terpene should be run
INFO     18/06 14:53:26   Running antismash.modules.terpene
DEBUG    18/06 14:53:26   No terpene clusters to analyse
DEBUG    18/06 14:53:26   Checking if antismash.modules.tfbs_finder should be run
INFO     18/06 14:53:26   Running antismash.modules.tfbs_finder
DEBUG    18/06 14:53:26   Checking if antismash.modules.thiopeptides should be run
INFO     18/06 14:53:26   Running antismash.modules.thiopeptides
DEBUG    18/06 14:53:26   Thiopeptides marked 0 motifs
DEBUG    18/06 14:53:27   Checking if antismash.modules.tta should be run
INFO     18/06 14:53:27   Running antismash.modules.tta
INFO     18/06 14:53:27   Skipping TTA codon detection, GC content too low: 44%
INFO     18/06 14:53:27   Analysing record: 6D03_4
INFO     18/06 14:53:27   Detecting secondary metabolite clusters
DEBUG    18/06 14:53:27   Checking if antismash.detection.hmm_detection should be run
INFO     18/06 14:53:27   Running antismash.detection.hmm_detection
INFO     18/06 14:53:27   HMM detection using strictness: relaxed
DEBUG    18/06 14:53:27   0 rule-based cluster(s) found in record
DEBUG    18/06 14:53:27   0 protoclusters found
DEBUG    18/06 14:53:27   0 subregions found
INFO     18/06 14:53:27   No regions detected, skipping record
INFO     18/06 14:53:27   Analysing record: 6D03_5
INFO     18/06 14:53:27   Detecting secondary metabolite clusters
DEBUG    18/06 14:53:27   Checking if antismash.detection.hmm_detection should be run
INFO     18/06 14:53:27   Running antismash.detection.hmm_detection
INFO     18/06 14:53:27   HMM detection using strictness: relaxed
DEBUG    18/06 14:53:27   0 rule-based cluster(s) found in record
DEBUG    18/06 14:53:27   0 protoclusters found
DEBUG    18/06 14:53:27   0 subregions found
INFO     18/06 14:53:27   No regions detected, skipping record
INFO     18/06 14:53:27   Analysing record: 6D03_6
INFO     18/06 14:53:27   Detecting secondary metabolite clusters
DEBUG    18/06 14:53:27   Checking if antismash.detection.hmm_detection should be run
INFO     18/06 14:53:27   Running antismash.detection.hmm_detection
INFO     18/06 14:53:27   HMM detection using strictness: relaxed
DEBUG    18/06 14:53:28   0 rule-based cluster(s) found in record
DEBUG    18/06 14:53:28   0 protoclusters found
DEBUG    18/06 14:53:28   0 subregions found
INFO     18/06 14:53:28   No regions detected, skipping record
INFO     18/06 14:53:28   Analysing record: 6D03_7
INFO     18/06 14:53:28   Detecting secondary metabolite clusters
DEBUG    18/06 14:53:28   Checking if antismash.detection.hmm_detection should be run
INFO     18/06 14:53:28   Running antismash.detection.hmm_detection
INFO     18/06 14:53:28   HMM detection using strictness: relaxed
DEBUG    18/06 14:53:29   0 rule-based cluster(s) found in record
DEBUG    18/06 14:53:29   0 protoclusters found
DEBUG    18/06 14:53:29   0 subregions found
INFO     18/06 14:53:29   No regions detected, skipping record
INFO     18/06 14:53:29   Analysing record: 6D03_8
INFO     18/06 14:53:29   Detecting secondary metabolite clusters
DEBUG    18/06 14:53:29   Checking if antismash.detection.hmm_detection should be run
INFO     18/06 14:53:29   Running antismash.detection.hmm_detection
INFO     18/06 14:53:29   HMM detection using strictness: relaxed
DEBUG    18/06 14:53:29   0 rule-based cluster(s) found in record
DEBUG    18/06 14:53:29   0 protoclusters found
DEBUG    18/06 14:53:29   0 subregions found
INFO     18/06 14:53:29   No regions detected, skipping record
INFO     18/06 14:53:29   Analysing record: 6D03_9
INFO     18/06 14:53:29   Detecting secondary metabolite clusters
DEBUG    18/06 14:53:29   Checking if antismash.detection.hmm_detection should be run
INFO     18/06 14:53:29   Running antismash.detection.hmm_detection
INFO     18/06 14:53:29   HMM detection using strictness: relaxed
DEBUG    18/06 14:53:33   1 rule-based cluster(s) found in record
DEBUG    18/06 14:53:33   1 protoclusters found
DEBUG    18/06 14:53:33   0 subregions found
INFO     18/06 14:53:33   1 region(s) detected in record
DEBUG    18/06 14:53:33   Checking if antismash.detection.cluster_hmmer should be run
INFO     18/06 14:53:33   Running antismash.detection.cluster_hmmer
INFO     18/06 14:53:33   Running cluster PFAM search
DEBUG    18/06 14:53:45   Adding detection results from antismash.detection.cluster_hmmer to record
DEBUG    18/06 14:53:45   Checking if antismash.detection.genefunctions should be run
INFO     18/06 14:53:45   Running antismash.detection.genefunctions
DEBUG    18/06 14:53:47   Adding detection results from antismash.detection.genefunctions to record
DEBUG    18/06 14:53:47   annotating CDS features with extras info: 0 CDSes
DEBUG    18/06 14:53:47   annotating CDS features with halogenases info: 0 CDSes
DEBUG    18/06 14:53:47   annotating CDS features with MITE info: 0 CDSes
DEBUG    18/06 14:53:47   annotating CDS features with resist info: 0 CDSes
DEBUG    18/06 14:53:47   annotating CDS features with smcogs info: 9 CDSes
DEBUG    18/06 14:53:47   Checking if antismash.detection.nrps_pks_domains should be run
INFO     18/06 14:53:47   Running antismash.detection.nrps_pks_domains
DEBUG    18/06 14:53:47   Marking NRPS/PKS CDS features and domains in clusters
DEBUG    18/06 14:53:50   Adding detection results from antismash.detection.nrps_pks_domains to record
DEBUG    18/06 14:53:50   Checking if antismash.detection.tigrfam should be run
INFO     18/06 14:53:50   Running antismash.detection.tigrfam
INFO     18/06 14:53:50   Running TIGRFam search
DEBUG    18/06 14:53:54   Adding detection results from antismash.detection.tigrfam to record
DEBUG    18/06 14:53:54   Checking if antismash.modules.active_site_finder should be run
INFO     18/06 14:53:54   Running antismash.modules.active_site_finder
DEBUG    18/06 14:53:54   Checking if antismash.modules.cluster_compare should be run
INFO     18/06 14:53:54   Running antismash.modules.cluster_compare
DEBUG    18/06 14:53:54   Loading comparison database: MIBiG
DEBUG    18/06 14:53:54   Comparison database loaded
INFO     18/06 14:53:54   Comparing regions to reference database
DEBUG    18/06 14:53:58   Checking if antismash.modules.clusterblast should be run
INFO     18/06 14:53:58   Running antismash.modules.clusterblast
INFO     18/06 14:53:58   Running ClusterBlast
INFO     18/06 14:53:58   ClusterBlast: Loading gene cluster database into memory...
INFO     18/06 14:54:00   ClusterBlast: Loading gene cluster database proteins into memory...
INFO     18/06 14:54:30   Comparing regions to reference database
INFO     18/06 14:55:08   Running subcluster search
INFO     18/06 14:55:08   SubClusterBlast: Loading gene cluster database into memory...
INFO     18/06 14:55:08   SubClusterBlast: Loading gene cluster database proteins into memory...
INFO     18/06 14:55:09   Running known cluster search
INFO     18/06 14:55:09   KnownClusterBlast: Loading gene cluster database into memory...
INFO     18/06 14:55:09   KnownClusterBlast: Loading gene cluster database proteins into memory...
DEBUG    18/06 14:55:10   Running DIAMOND knowncluster searches..
INFO     18/06 14:55:10   Comparing regions to reference database
DEBUG    18/06 14:55:15   Checking if antismash.modules.lanthipeptides should be run
INFO     18/06 14:55:15   Running antismash.modules.lanthipeptides
DEBUG    18/06 14:55:15   Lanthipeptide module marked 0 motifs
DEBUG    18/06 14:55:15   Checking if antismash.modules.lassopeptides should be run
INFO     18/06 14:55:15   Running antismash.modules.lassopeptides
DEBUG    18/06 14:55:15   Lassopeptide module marked 0 motifs
DEBUG    18/06 14:55:15   Checking if antismash.modules.nrps_pks should be run
INFO     18/06 14:55:15   Running antismash.modules.nrps_pks
INFO     18/06 14:55:15   Predicting A domain substrate specificities with nrpys
INFO     18/06 14:55:15   Predicting NRPS C domain activity using active site motifs
INFO     18/06 14:55:16   Predicting CAL domain substrate specificities by Minowa et al. method
INFO     18/06 14:55:16   Predicting PKS KR activity and stereochemistry using KR fingerprints from Starcevic et al.
DEBUG    18/06 14:55:17   CandidateCluster 1 monomer ordering method: colinear
DEBUG    18/06 14:55:17   Checking if antismash.modules.pfam2go should be run
INFO     18/06 14:55:17   Running antismash.modules.pfam2go
DEBUG    18/06 14:55:17   Checking if antismash.modules.rrefinder should be run
INFO     18/06 14:55:17   Running antismash.modules.rrefinder
DEBUG    18/06 14:55:17   Checking if antismash.modules.sactipeptides should be run
INFO     18/06 14:55:17   Running antismash.modules.sactipeptides
DEBUG    18/06 14:55:17   Found no sactipeptide motifs
DEBUG    18/06 14:55:17   Checking if antismash.modules.t2pks should be run
INFO     18/06 14:55:17   Running antismash.modules.t2pks
DEBUG    18/06 14:55:17   No type II PKS clusters to analyze
DEBUG    18/06 14:55:17   Checking if antismash.modules.terpene should be run
INFO     18/06 14:55:17   Running antismash.modules.terpene
DEBUG    18/06 14:55:17   No terpene clusters to analyse
DEBUG    18/06 14:55:17   Checking if antismash.modules.tfbs_finder should be run
INFO     18/06 14:55:17   Running antismash.modules.tfbs_finder
DEBUG    18/06 14:55:17   Checking if antismash.modules.thiopeptides should be run
INFO     18/06 14:55:17   Running antismash.modules.thiopeptides
DEBUG    18/06 14:55:17   Thiopeptides marked 0 motifs
DEBUG    18/06 14:55:17   Checking if antismash.modules.tta should be run
INFO     18/06 14:55:17   Running antismash.modules.tta
INFO     18/06 14:55:17   Skipping TTA codon detection, GC content too low: 44%
INFO     18/06 14:55:17   Analysing record: 6D03_10
INFO     18/06 14:55:17   Detecting secondary metabolite clusters
DEBUG    18/06 14:55:17   Checking if antismash.detection.hmm_detection should be run
INFO     18/06 14:55:17   Running antismash.detection.hmm_detection
INFO     18/06 14:55:17   HMM detection using strictness: relaxed
DEBUG    18/06 14:55:18   1 rule-based cluster(s) found in record
DEBUG    18/06 14:55:18   1 protoclusters found
DEBUG    18/06 14:55:18   0 subregions found
INFO     18/06 14:55:18   1 region(s) detected in record
DEBUG    18/06 14:55:18   Checking if antismash.detection.cluster_hmmer should be run
INFO     18/06 14:55:18   Running antismash.detection.cluster_hmmer
INFO     18/06 14:55:18   Running cluster PFAM search
DEBUG    18/06 14:55:22   Adding detection results from antismash.detection.cluster_hmmer to record
DEBUG    18/06 14:55:22   Checking if antismash.detection.genefunctions should be run
INFO     18/06 14:55:22   Running antismash.detection.genefunctions
DEBUG    18/06 14:55:23   Adding detection results from antismash.detection.genefunctions to record
DEBUG    18/06 14:55:23   annotating CDS features with extras info: 0 CDSes
DEBUG    18/06 14:55:23   annotating CDS features with halogenases info: 0 CDSes
DEBUG    18/06 14:55:23   annotating CDS features with MITE info: 0 CDSes
DEBUG    18/06 14:55:23   annotating CDS features with resist info: 0 CDSes
DEBUG    18/06 14:55:23   annotating CDS features with smcogs info: 3 CDSes
DEBUG    18/06 14:55:23   Checking if antismash.detection.nrps_pks_domains should be run
INFO     18/06 14:55:23   Running antismash.detection.nrps_pks_domains
DEBUG    18/06 14:55:23   Marking NRPS/PKS CDS features and domains in clusters
DEBUG    18/06 14:55:23   Adding detection results from antismash.detection.nrps_pks_domains to record
DEBUG    18/06 14:55:23   Checking if antismash.detection.tigrfam should be run
INFO     18/06 14:55:23   Running antismash.detection.tigrfam
INFO     18/06 14:55:23   Running TIGRFam search
DEBUG    18/06 14:55:24   Adding detection results from antismash.detection.tigrfam to record
DEBUG    18/06 14:55:24   Checking if antismash.modules.active_site_finder should be run
INFO     18/06 14:55:24   Running antismash.modules.active_site_finder
DEBUG    18/06 14:55:24   Checking if antismash.modules.cluster_compare should be run
INFO     18/06 14:55:24   Running antismash.modules.cluster_compare
DEBUG    18/06 14:55:24   Loading comparison database: MIBiG
DEBUG    18/06 14:55:24   Comparison database loaded
INFO     18/06 14:55:24   Comparing regions to reference database
DEBUG    18/06 14:55:26   Checking if antismash.modules.clusterblast should be run
INFO     18/06 14:55:26   Running antismash.modules.clusterblast
INFO     18/06 14:55:26   Running ClusterBlast
INFO     18/06 14:55:26   ClusterBlast: Loading gene cluster database into memory...
INFO     18/06 14:55:28   ClusterBlast: Loading gene cluster database proteins into memory...
INFO     18/06 14:55:58   Comparing regions to reference database
INFO     18/06 14:56:16   Running subcluster search
INFO     18/06 14:56:16   SubClusterBlast: Loading gene cluster database into memory...
INFO     18/06 14:56:16   SubClusterBlast: Loading gene cluster database proteins into memory...
INFO     18/06 14:56:17   Running known cluster search
INFO     18/06 14:56:17   KnownClusterBlast: Loading gene cluster database into memory...
INFO     18/06 14:56:17   KnownClusterBlast: Loading gene cluster database proteins into memory...
DEBUG    18/06 14:56:17   Running DIAMOND knowncluster searches..
INFO     18/06 14:56:17   Comparing regions to reference database
DEBUG    18/06 14:56:21   Checking if antismash.modules.lanthipeptides should be run
INFO     18/06 14:56:21   Running antismash.modules.lanthipeptides
DEBUG    18/06 14:56:21   Lanthipeptide module marked 0 motifs
DEBUG    18/06 14:56:21   Checking if antismash.modules.lassopeptides should be run
INFO     18/06 14:56:21   Running antismash.modules.lassopeptides
DEBUG    18/06 14:56:22   Lassopeptide module marked 0 motifs
DEBUG    18/06 14:56:22   Checking if antismash.modules.nrps_pks should be run
INFO     18/06 14:56:22   Running antismash.modules.nrps_pks
INFO     18/06 14:56:22   Predicting NRPS C domain activity using active site motifs
DEBUG    18/06 14:56:22   Checking if antismash.modules.pfam2go should be run
INFO     18/06 14:56:22   Running antismash.modules.pfam2go
DEBUG    18/06 14:56:22   Checking if antismash.modules.rrefinder should be run
INFO     18/06 14:56:22   Running antismash.modules.rrefinder
DEBUG    18/06 14:56:22   Checking if antismash.modules.sactipeptides should be run
INFO     18/06 14:56:22   Running antismash.modules.sactipeptides
DEBUG    18/06 14:56:22   Found no sactipeptide motifs
DEBUG    18/06 14:56:22   Checking if antismash.modules.t2pks should be run
INFO     18/06 14:56:22   Running antismash.modules.t2pks
DEBUG    18/06 14:56:22   No type II PKS clusters to analyze
DEBUG    18/06 14:56:22   Checking if antismash.modules.terpene should be run
INFO     18/06 14:56:22   Running antismash.modules.terpene
DEBUG    18/06 14:56:22   No terpene clusters to analyse
DEBUG    18/06 14:56:22   Checking if antismash.modules.tfbs_finder should be run
INFO     18/06 14:56:22   Running antismash.modules.tfbs_finder
DEBUG    18/06 14:56:22   Checking if antismash.modules.thiopeptides should be run
INFO     18/06 14:56:22   Running antismash.modules.thiopeptides
DEBUG    18/06 14:56:22   Thiopeptides marked 0 motifs
DEBUG    18/06 14:56:22   Checking if antismash.modules.tta should be run
INFO     18/06 14:56:22   Running antismash.modules.tta
INFO     18/06 14:56:22   Skipping TTA codon detection, GC content too low: 41%
INFO     18/06 14:56:22   Analysing record: 6D03_11
INFO     18/06 14:56:22   Detecting secondary metabolite clusters
DEBUG    18/06 14:56:22   Checking if antismash.detection.hmm_detection should be run
INFO     18/06 14:56:22   Running antismash.detection.hmm_detection
INFO     18/06 14:56:22   HMM detection using strictness: relaxed
DEBUG    18/06 14:56:23   0 rule-based cluster(s) found in record
DEBUG    18/06 14:56:23   0 protoclusters found
DEBUG    18/06 14:56:23   0 subregions found
INFO     18/06 14:56:23   No regions detected, skipping record
INFO     18/06 14:56:23   Analysing record: 6D03_12
INFO     18/06 14:56:23   Detecting secondary metabolite clusters
DEBUG    18/06 14:56:23   Checking if antismash.detection.hmm_detection should be run
INFO     18/06 14:56:23   Running antismash.detection.hmm_detection
INFO     18/06 14:56:23   HMM detection using strictness: relaxed
DEBUG    18/06 14:56:23   0 rule-based cluster(s) found in record
DEBUG    18/06 14:56:23   0 protoclusters found
DEBUG    18/06 14:56:23   0 subregions found
INFO     18/06 14:56:23   No regions detected, skipping record
INFO     18/06 14:56:23   Analysing record: 6D03_13
INFO     18/06 14:56:23   Detecting secondary metabolite clusters
DEBUG    18/06 14:56:23   Checking if antismash.detection.hmm_detection should be run
INFO     18/06 14:56:23   Running antismash.detection.hmm_detection
INFO     18/06 14:56:23   HMM detection using strictness: relaxed
DEBUG    18/06 14:56:25   1 rule-based cluster(s) found in record
DEBUG    18/06 14:56:25   1 protoclusters found
DEBUG    18/06 14:56:25   0 subregions found
INFO     18/06 14:56:25   1 region(s) detected in record
DEBUG    18/06 14:56:25   Checking if antismash.detection.cluster_hmmer should be run
INFO     18/06 14:56:25   Running antismash.detection.cluster_hmmer
INFO     18/06 14:56:25   Running cluster PFAM search
DEBUG    18/06 14:56:40   Adding detection results from antismash.detection.cluster_hmmer to record
DEBUG    18/06 14:56:40   Checking if antismash.detection.genefunctions should be run
INFO     18/06 14:56:40   Running antismash.detection.genefunctions
DEBUG    18/06 14:56:42   Adding detection results from antismash.detection.genefunctions to record
DEBUG    18/06 14:56:42   annotating CDS features with extras info: 0 CDSes
DEBUG    18/06 14:56:42   annotating CDS features with halogenases info: 0 CDSes
DEBUG    18/06 14:56:42   annotating CDS features with MITE info: 0 CDSes
DEBUG    18/06 14:56:42   annotating CDS features with resist info: 0 CDSes
DEBUG    18/06 14:56:42   annotating CDS features with smcogs info: 17 CDSes
DEBUG    18/06 14:56:42   Checking if antismash.detection.nrps_pks_domains should be run
INFO     18/06 14:56:42   Running antismash.detection.nrps_pks_domains
DEBUG    18/06 14:56:42   Marking NRPS/PKS CDS features and domains in clusters
DEBUG    18/06 14:56:42   Adding detection results from antismash.detection.nrps_pks_domains to record
DEBUG    18/06 14:56:42   Checking if antismash.detection.tigrfam should be run
INFO     18/06 14:56:42   Running antismash.detection.tigrfam
INFO     18/06 14:56:42   Running TIGRFam search
DEBUG    18/06 14:56:47   Adding detection results from antismash.detection.tigrfam to record
DEBUG    18/06 14:56:47   Checking if antismash.modules.active_site_finder should be run
INFO     18/06 14:56:47   Running antismash.modules.active_site_finder
DEBUG    18/06 14:56:47   Checking if antismash.modules.cluster_compare should be run
INFO     18/06 14:56:47   Running antismash.modules.cluster_compare
DEBUG    18/06 14:56:47   Loading comparison database: MIBiG
DEBUG    18/06 14:56:47   Comparison database loaded
INFO     18/06 14:56:47   Comparing regions to reference database
DEBUG    18/06 14:56:49   Checking if antismash.modules.clusterblast should be run
INFO     18/06 14:56:49   Running antismash.modules.clusterblast
INFO     18/06 14:56:49   Running ClusterBlast
INFO     18/06 14:56:49   ClusterBlast: Loading gene cluster database into memory...
INFO     18/06 14:56:52   ClusterBlast: Loading gene cluster database proteins into memory...
INFO     18/06 14:57:22   Comparing regions to reference database
INFO     18/06 14:57:47   Running subcluster search
INFO     18/06 14:57:47   SubClusterBlast: Loading gene cluster database into memory...
INFO     18/06 14:57:47   SubClusterBlast: Loading gene cluster database proteins into memory...
INFO     18/06 14:57:48   Running known cluster search
INFO     18/06 14:57:48   KnownClusterBlast: Loading gene cluster database into memory...
INFO     18/06 14:57:48   KnownClusterBlast: Loading gene cluster database proteins into memory...
DEBUG    18/06 14:57:48   Running DIAMOND knowncluster searches..
INFO     18/06 14:57:48   Comparing regions to reference database
DEBUG    18/06 14:57:52   Checking if antismash.modules.lanthipeptides should be run
INFO     18/06 14:57:52   Running antismash.modules.lanthipeptides
DEBUG    18/06 14:57:52   Lanthipeptide module marked 0 motifs
DEBUG    18/06 14:57:52   Checking if antismash.modules.lassopeptides should be run
INFO     18/06 14:57:52   Running antismash.modules.lassopeptides
DEBUG    18/06 14:57:52   Lassopeptide module marked 0 motifs
DEBUG    18/06 14:57:52   Checking if antismash.modules.nrps_pks should be run
INFO     18/06 14:57:52   Running antismash.modules.nrps_pks
DEBUG    18/06 14:57:52   No NRPS or PKS genes found, skipping analysis
DEBUG    18/06 14:57:52   Checking if antismash.modules.pfam2go should be run
INFO     18/06 14:57:52   Running antismash.modules.pfam2go
DEBUG    18/06 14:57:52   Checking if antismash.modules.rrefinder should be run
INFO     18/06 14:57:52   Running antismash.modules.rrefinder
DEBUG    18/06 14:57:52   Checking if antismash.modules.sactipeptides should be run
INFO     18/06 14:57:52   Running antismash.modules.sactipeptides
DEBUG    18/06 14:57:52   Found no sactipeptide motifs
DEBUG    18/06 14:57:53   Checking if antismash.modules.t2pks should be run
INFO     18/06 14:57:53   Running antismash.modules.t2pks
DEBUG    18/06 14:57:53   No type II PKS clusters to analyze
DEBUG    18/06 14:57:53   Checking if antismash.modules.terpene should be run
INFO     18/06 14:57:53   Running antismash.modules.terpene
DEBUG    18/06 14:57:53   No terpene clusters to analyse
DEBUG    18/06 14:57:53   Checking if antismash.modules.tfbs_finder should be run
INFO     18/06 14:57:53   Running antismash.modules.tfbs_finder
DEBUG    18/06 14:57:53   Checking if antismash.modules.thiopeptides should be run
INFO     18/06 14:57:53   Running antismash.modules.thiopeptides
DEBUG    18/06 14:57:53   Thiopeptides marked 0 motifs
DEBUG    18/06 14:57:53   Checking if antismash.modules.tta should be run
INFO     18/06 14:57:53   Running antismash.modules.tta
INFO     18/06 14:57:53   Skipping TTA codon detection, GC content too low: 43%
INFO     18/06 14:57:53   Analysing record: 6D03_14
INFO     18/06 14:57:53   Detecting secondary metabolite clusters
DEBUG    18/06 14:57:53   Checking if antismash.detection.hmm_detection should be run
INFO     18/06 14:57:53   Running antismash.detection.hmm_detection
INFO     18/06 14:57:53   HMM detection using strictness: relaxed
DEBUG    18/06 14:57:54   0 rule-based cluster(s) found in record
DEBUG    18/06 14:57:54   0 protoclusters found
DEBUG    18/06 14:57:54   0 subregions found
INFO     18/06 14:57:54   No regions detected, skipping record
INFO     18/06 14:57:54   Analysing record: 6D03_15
INFO     18/06 14:57:54   Detecting secondary metabolite clusters
DEBUG    18/06 14:57:54   Checking if antismash.detection.hmm_detection should be run
INFO     18/06 14:57:54   Running antismash.detection.hmm_detection
INFO     18/06 14:57:54   HMM detection using strictness: relaxed
DEBUG    18/06 14:57:54   0 rule-based cluster(s) found in record
DEBUG    18/06 14:57:54   0 protoclusters found
DEBUG    18/06 14:57:54   0 subregions found
INFO     18/06 14:57:54   No regions detected, skipping record
INFO     18/06 14:57:54   Analysing record: 6D03_16
INFO     18/06 14:57:54   Detecting secondary metabolite clusters
DEBUG    18/06 14:57:54   Checking if antismash.detection.hmm_detection should be run
INFO     18/06 14:57:54   Running antismash.detection.hmm_detection
INFO     18/06 14:57:54   HMM detection using strictness: relaxed
DEBUG    18/06 14:57:54   0 rule-based cluster(s) found in record
DEBUG    18/06 14:57:54   0 protoclusters found
DEBUG    18/06 14:57:54   0 subregions found
INFO     18/06 14:57:54   No regions detected, skipping record
INFO     18/06 14:57:54   Analysing record: 6D03_17
INFO     18/06 14:57:54   Detecting secondary metabolite clusters
DEBUG    18/06 14:57:54   Checking if antismash.detection.hmm_detection should be run
INFO     18/06 14:57:54   Running antismash.detection.hmm_detection
INFO     18/06 14:57:54   HMM detection using strictness: relaxed
DEBUG    18/06 14:57:55   0 rule-based cluster(s) found in record
DEBUG    18/06 14:57:55   0 protoclusters found
DEBUG    18/06 14:57:55   0 subregions found
INFO     18/06 14:57:55   No regions detected, skipping record
INFO     18/06 14:57:55   Analysing record: 6D03_18
INFO     18/06 14:57:55   Detecting secondary metabolite clusters
DEBUG    18/06 14:57:55   Checking if antismash.detection.hmm_detection should be run
INFO     18/06 14:57:55   Running antismash.detection.hmm_detection
INFO     18/06 14:57:55   HMM detection using strictness: relaxed
DEBUG    18/06 14:57:56   0 rule-based cluster(s) found in record
DEBUG    18/06 14:57:56   0 protoclusters found
DEBUG    18/06 14:57:56   0 subregions found
INFO     18/06 14:57:56   No regions detected, skipping record
INFO     18/06 14:57:56   Analysing record: 6D03_19
INFO     18/06 14:57:56   Detecting secondary metabolite clusters
DEBUG    18/06 14:57:56   Checking if antismash.detection.hmm_detection should be run
INFO     18/06 14:57:56   Running antismash.detection.hmm_detection
INFO     18/06 14:57:56   HMM detection using strictness: relaxed
DEBUG    18/06 14:57:56   0 rule-based cluster(s) found in record
DEBUG    18/06 14:57:56   0 protoclusters found
DEBUG    18/06 14:57:56   0 subregions found
INFO     18/06 14:57:56   No regions detected, skipping record
INFO     18/06 14:57:56   Analysing record: 6D03_20
INFO     18/06 14:57:56   Detecting secondary metabolite clusters
DEBUG    18/06 14:57:56   Checking if antismash.detection.hmm_detection should be run
INFO     18/06 14:57:56   Running antismash.detection.hmm_detection
INFO     18/06 14:57:56   HMM detection using strictness: relaxed
DEBUG    18/06 14:57:56   0 rule-based cluster(s) found in record
DEBUG    18/06 14:57:56   0 protoclusters found
DEBUG    18/06 14:57:56   0 subregions found
INFO     18/06 14:57:56   No regions detected, skipping record
INFO     18/06 14:57:56   Analysing record: 6D03_21
INFO     18/06 14:57:56   Detecting secondary metabolite clusters
DEBUG    18/06 14:57:56   Checking if antismash.detection.hmm_detection should be run
INFO     18/06 14:57:56   Running antismash.detection.hmm_detection
INFO     18/06 14:57:56   HMM detection using strictness: relaxed
DEBUG    18/06 14:57:57   0 rule-based cluster(s) found in record
DEBUG    18/06 14:57:57   0 protoclusters found
DEBUG    18/06 14:57:57   0 subregions found
INFO     18/06 14:57:57   No regions detected, skipping record
INFO     18/06 14:57:57   Analysing record: 6D03_22
INFO     18/06 14:57:57   Detecting secondary metabolite clusters
DEBUG    18/06 14:57:57   Checking if antismash.detection.hmm_detection should be run
INFO     18/06 14:57:57   Running antismash.detection.hmm_detection
INFO     18/06 14:57:57   HMM detection using strictness: relaxed
DEBUG    18/06 14:58:00   1 rule-based cluster(s) found in record
DEBUG    18/06 14:58:00   1 protoclusters found
DEBUG    18/06 14:58:00   0 subregions found
INFO     18/06 14:58:00   1 region(s) detected in record
DEBUG    18/06 14:58:00   Checking if antismash.detection.cluster_hmmer should be run
INFO     18/06 14:58:00   Running antismash.detection.cluster_hmmer
INFO     18/06 14:58:00   Running cluster PFAM search
DEBUG    18/06 14:58:16   Adding detection results from antismash.detection.cluster_hmmer to record
DEBUG    18/06 14:58:16   Checking if antismash.detection.genefunctions should be run
INFO     18/06 14:58:16   Running antismash.detection.genefunctions
DEBUG    18/06 14:58:18   Adding detection results from antismash.detection.genefunctions to record
DEBUG    18/06 14:58:18   annotating CDS features with extras info: 0 CDSes
DEBUG    18/06 14:58:18   annotating CDS features with halogenases info: 0 CDSes
DEBUG    18/06 14:58:18   annotating CDS features with MITE info: 0 CDSes
DEBUG    18/06 14:58:18   annotating CDS features with resist info: 0 CDSes
DEBUG    18/06 14:58:18   annotating CDS features with smcogs info: 14 CDSes
DEBUG    18/06 14:58:18   Checking if antismash.detection.nrps_pks_domains should be run
INFO     18/06 14:58:18   Running antismash.detection.nrps_pks_domains
DEBUG    18/06 14:58:18   Marking NRPS/PKS CDS features and domains in clusters
DEBUG    18/06 14:58:18   Adding detection results from antismash.detection.nrps_pks_domains to record
DEBUG    18/06 14:58:18   Checking if antismash.detection.tigrfam should be run
INFO     18/06 14:58:18   Running antismash.detection.tigrfam
INFO     18/06 14:58:18   Running TIGRFam search
DEBUG    18/06 14:58:23   Adding detection results from antismash.detection.tigrfam to record
DEBUG    18/06 14:58:23   Checking if antismash.modules.active_site_finder should be run
INFO     18/06 14:58:23   Running antismash.modules.active_site_finder
DEBUG    18/06 14:58:23   Checking if antismash.modules.cluster_compare should be run
INFO     18/06 14:58:23   Running antismash.modules.cluster_compare
DEBUG    18/06 14:58:23   Loading comparison database: MIBiG
DEBUG    18/06 14:58:23   Comparison database loaded
INFO     18/06 14:58:23   Comparing regions to reference database
DEBUG    18/06 14:58:26   Checking if antismash.modules.clusterblast should be run
INFO     18/06 14:58:26   Running antismash.modules.clusterblast
INFO     18/06 14:58:26   Running ClusterBlast
INFO     18/06 14:58:26   ClusterBlast: Loading gene cluster database into memory...
INFO     18/06 14:58:27   ClusterBlast: Loading gene cluster database proteins into memory...
INFO     18/06 14:58:57   Comparing regions to reference database
INFO     18/06 14:59:38   Running subcluster search
INFO     18/06 14:59:38   SubClusterBlast: Loading gene cluster database into memory...
INFO     18/06 14:59:38   SubClusterBlast: Loading gene cluster database proteins into memory...
INFO     18/06 14:59:38   Running known cluster search
INFO     18/06 14:59:38   KnownClusterBlast: Loading gene cluster database into memory...
INFO     18/06 14:59:38   KnownClusterBlast: Loading gene cluster database proteins into memory...
DEBUG    18/06 14:59:39   Running DIAMOND knowncluster searches..
INFO     18/06 14:59:39   Comparing regions to reference database
DEBUG    18/06 14:59:43   Checking if antismash.modules.lanthipeptides should be run
INFO     18/06 14:59:43   Running antismash.modules.lanthipeptides
DEBUG    18/06 14:59:43   Lanthipeptide module marked 0 motifs
DEBUG    18/06 14:59:43   Checking if antismash.modules.lassopeptides should be run
INFO     18/06 14:59:43   Running antismash.modules.lassopeptides
DEBUG    18/06 14:59:43   Lassopeptide module marked 0 motifs
DEBUG    18/06 14:59:43   Checking if antismash.modules.nrps_pks should be run
INFO     18/06 14:59:43   Running antismash.modules.nrps_pks
INFO     18/06 14:59:43   Predicting A domain substrate specificities with nrpys
INFO     18/06 14:59:43   Predicting NRPS C domain activity using active site motifs
DEBUG    18/06 14:59:44   CandidateCluster 1 monomer ordering method: colinear
DEBUG    18/06 14:59:44   Checking if antismash.modules.pfam2go should be run
INFO     18/06 14:59:44   Running antismash.modules.pfam2go
DEBUG    18/06 14:59:44   Checking if antismash.modules.rrefinder should be run
INFO     18/06 14:59:44   Running antismash.modules.rrefinder
DEBUG    18/06 14:59:44   Checking if antismash.modules.sactipeptides should be run
INFO     18/06 14:59:44   Running antismash.modules.sactipeptides
DEBUG    18/06 14:59:44   Found no sactipeptide motifs
DEBUG    18/06 14:59:44   Checking if antismash.modules.t2pks should be run
INFO     18/06 14:59:44   Running antismash.modules.t2pks
DEBUG    18/06 14:59:44   No type II PKS clusters to analyze
DEBUG    18/06 14:59:44   Checking if antismash.modules.terpene should be run
INFO     18/06 14:59:44   Running antismash.modules.terpene
DEBUG    18/06 14:59:44   No terpene clusters to analyse
DEBUG    18/06 14:59:44   Checking if antismash.modules.tfbs_finder should be run
INFO     18/06 14:59:44   Running antismash.modules.tfbs_finder
DEBUG    18/06 14:59:44   Checking if antismash.modules.thiopeptides should be run
INFO     18/06 14:59:44   Running antismash.modules.thiopeptides
DEBUG    18/06 14:59:44   Thiopeptides marked 0 motifs
DEBUG    18/06 14:59:44   Checking if antismash.modules.tta should be run
INFO     18/06 14:59:44   Running antismash.modules.tta
INFO     18/06 14:59:44   Skipping TTA codon detection, GC content too low: 44%
INFO     18/06 14:59:44   Analysing record: 6D03_23
INFO     18/06 14:59:44   Detecting secondary metabolite clusters
DEBUG    18/06 14:59:44   Checking if antismash.detection.hmm_detection should be run
INFO     18/06 14:59:44   Running antismash.detection.hmm_detection
INFO     18/06 14:59:44   HMM detection using strictness: relaxed
DEBUG    18/06 14:59:45   0 rule-based cluster(s) found in record
DEBUG    18/06 14:59:45   0 protoclusters found
DEBUG    18/06 14:59:45   0 subregions found
INFO     18/06 14:59:45   No regions detected, skipping record
INFO     18/06 14:59:45   Analysing record: 6D03_24
INFO     18/06 14:59:45   Detecting secondary metabolite clusters
DEBUG    18/06 14:59:45   Checking if antismash.detection.hmm_detection should be run
INFO     18/06 14:59:45   Running antismash.detection.hmm_detection
INFO     18/06 14:59:45   HMM detection using strictness: relaxed
DEBUG    18/06 14:59:45   0 rule-based cluster(s) found in record
DEBUG    18/06 14:59:45   0 protoclusters found
DEBUG    18/06 14:59:45   0 subregions found
INFO     18/06 14:59:45   No regions detected, skipping record
INFO     18/06 14:59:45   Analysing record: 6D03_25
INFO     18/06 14:59:45   Detecting secondary metabolite clusters
DEBUG    18/06 14:59:45   Checking if antismash.detection.hmm_detection should be run
INFO     18/06 14:59:45   Running antismash.detection.hmm_detection
INFO     18/06 14:59:45   HMM detection using strictness: relaxed
DEBUG    18/06 14:59:47   0 rule-based cluster(s) found in record
DEBUG    18/06 14:59:47   0 protoclusters found
DEBUG    18/06 14:59:47   0 subregions found
INFO     18/06 14:59:47   No regions detected, skipping record
INFO     18/06 14:59:47   Analysing record: 6D03_26
INFO     18/06 14:59:47   Detecting secondary metabolite clusters
DEBUG    18/06 14:59:47   Checking if antismash.detection.hmm_detection should be run
INFO     18/06 14:59:47   Running antismash.detection.hmm_detection
INFO     18/06 14:59:47   HMM detection using strictness: relaxed
DEBUG    18/06 14:59:50   1 rule-based cluster(s) found in record
DEBUG    18/06 14:59:50   1 protoclusters found
DEBUG    18/06 14:59:50   0 subregions found
INFO     18/06 14:59:50   1 region(s) detected in record
DEBUG    18/06 14:59:50   Checking if antismash.detection.cluster_hmmer should be run
INFO     18/06 14:59:50   Running antismash.detection.cluster_hmmer
INFO     18/06 14:59:50   Running cluster PFAM search
DEBUG    18/06 15:00:07   Adding detection results from antismash.detection.cluster_hmmer to record
DEBUG    18/06 15:00:07   Checking if antismash.detection.genefunctions should be run
INFO     18/06 15:00:07   Running antismash.detection.genefunctions
DEBUG    18/06 15:00:09   Adding detection results from antismash.detection.genefunctions to record
DEBUG    18/06 15:00:09   annotating CDS features with extras info: 0 CDSes
DEBUG    18/06 15:00:09   annotating CDS features with halogenases info: 0 CDSes
DEBUG    18/06 15:00:09   annotating CDS features with MITE info: 0 CDSes
DEBUG    18/06 15:00:09   annotating CDS features with resist info: 0 CDSes
DEBUG    18/06 15:00:09   annotating CDS features with smcogs info: 16 CDSes
DEBUG    18/06 15:00:09   Checking if antismash.detection.nrps_pks_domains should be run
INFO     18/06 15:00:09   Running antismash.detection.nrps_pks_domains
DEBUG    18/06 15:00:09   Marking NRPS/PKS CDS features and domains in clusters
DEBUG    18/06 15:00:09   Adding detection results from antismash.detection.nrps_pks_domains to record
DEBUG    18/06 15:00:09   Checking if antismash.detection.tigrfam should be run
INFO     18/06 15:00:09   Running antismash.detection.tigrfam
INFO     18/06 15:00:09   Running TIGRFam search
DEBUG    18/06 15:00:15   Adding detection results from antismash.detection.tigrfam to record
DEBUG    18/06 15:00:15   Checking if antismash.modules.active_site_finder should be run
INFO     18/06 15:00:15   Running antismash.modules.active_site_finder
DEBUG    18/06 15:00:15   Checking if antismash.modules.cluster_compare should be run
INFO     18/06 15:00:15   Running antismash.modules.cluster_compare
DEBUG    18/06 15:00:15   Loading comparison database: MIBiG
DEBUG    18/06 15:00:15   Comparison database loaded
INFO     18/06 15:00:15   Comparing regions to reference database
DEBUG    18/06 15:00:17   Checking if antismash.modules.clusterblast should be run
INFO     18/06 15:00:17   Running antismash.modules.clusterblast
INFO     18/06 15:00:17   Running ClusterBlast
INFO     18/06 15:00:17   ClusterBlast: Loading gene cluster database into memory...
INFO     18/06 15:00:20   ClusterBlast: Loading gene cluster database proteins into memory...
INFO     18/06 15:00:51   Comparing regions to reference database
INFO     18/06 15:01:20   Running subcluster search
INFO     18/06 15:01:20   SubClusterBlast: Loading gene cluster database into memory...
INFO     18/06 15:01:20   SubClusterBlast: Loading gene cluster database proteins into memory...
INFO     18/06 15:01:21   Running known cluster search
INFO     18/06 15:01:21   KnownClusterBlast: Loading gene cluster database into memory...
INFO     18/06 15:01:21   KnownClusterBlast: Loading gene cluster database proteins into memory...
DEBUG    18/06 15:01:21   Running DIAMOND knowncluster searches..
INFO     18/06 15:01:21   Comparing regions to reference database
DEBUG    18/06 15:01:26   Checking if antismash.modules.lanthipeptides should be run
INFO     18/06 15:01:26   Running antismash.modules.lanthipeptides
DEBUG    18/06 15:01:26   Lanthipeptide module marked 0 motifs
DEBUG    18/06 15:01:26   Checking if antismash.modules.lassopeptides should be run
INFO     18/06 15:01:26   Running antismash.modules.lassopeptides
DEBUG    18/06 15:01:26   Lassopeptide module marked 0 motifs
DEBUG    18/06 15:01:26   Checking if antismash.modules.nrps_pks should be run
INFO     18/06 15:01:26   Running antismash.modules.nrps_pks
INFO     18/06 15:01:26   Predicting A domain substrate specificities with nrpys
INFO     18/06 15:01:26   Predicting NRPS C domain activity using active site motifs
DEBUG    18/06 15:01:27   CandidateCluster 1 monomer ordering method: colinear
DEBUG    18/06 15:01:27   Checking if antismash.modules.pfam2go should be run
INFO     18/06 15:01:27   Running antismash.modules.pfam2go
DEBUG    18/06 15:01:27   Checking if antismash.modules.rrefinder should be run
INFO     18/06 15:01:27   Running antismash.modules.rrefinder
DEBUG    18/06 15:01:27   Checking if antismash.modules.sactipeptides should be run
INFO     18/06 15:01:27   Running antismash.modules.sactipeptides
DEBUG    18/06 15:01:27   Found no sactipeptide motifs
DEBUG    18/06 15:01:27   Checking if antismash.modules.t2pks should be run
INFO     18/06 15:01:27   Running antismash.modules.t2pks
DEBUG    18/06 15:01:27   No type II PKS clusters to analyze
DEBUG    18/06 15:01:27   Checking if antismash.modules.terpene should be run
INFO     18/06 15:01:27   Running antismash.modules.terpene
DEBUG    18/06 15:01:27   No terpene clusters to analyse
DEBUG    18/06 15:01:27   Checking if antismash.modules.tfbs_finder should be run
INFO     18/06 15:01:27   Running antismash.modules.tfbs_finder
DEBUG    18/06 15:01:28   Checking if antismash.modules.thiopeptides should be run
INFO     18/06 15:01:28   Running antismash.modules.thiopeptides
DEBUG    18/06 15:01:28   Thiopeptides marked 0 motifs
DEBUG    18/06 15:01:28   Checking if antismash.modules.tta should be run
INFO     18/06 15:01:28   Running antismash.modules.tta
INFO     18/06 15:01:28   Skipping TTA codon detection, GC content too low: 43%
INFO     18/06 15:01:28   Analysing record: 6D03_27
INFO     18/06 15:01:28   Detecting secondary metabolite clusters
DEBUG    18/06 15:01:28   Checking if antismash.detection.hmm_detection should be run
INFO     18/06 15:01:28   Running antismash.detection.hmm_detection
INFO     18/06 15:01:28   HMM detection using strictness: relaxed
DEBUG    18/06 15:01:28   0 rule-based cluster(s) found in record
DEBUG    18/06 15:01:28   0 protoclusters found
DEBUG    18/06 15:01:28   0 subregions found
INFO     18/06 15:01:28   No regions detected, skipping record
INFO     18/06 15:01:28   Analysing record: 6D03_28
INFO     18/06 15:01:28   Detecting secondary metabolite clusters
DEBUG    18/06 15:01:28   Checking if antismash.detection.hmm_detection should be run
INFO     18/06 15:01:28   Running antismash.detection.hmm_detection
INFO     18/06 15:01:28   HMM detection using strictness: relaxed
DEBUG    18/06 15:01:29   0 rule-based cluster(s) found in record
DEBUG    18/06 15:01:29   0 protoclusters found
DEBUG    18/06 15:01:29   0 subregions found
INFO     18/06 15:01:29   No regions detected, skipping record
INFO     18/06 15:01:29   Analysing record: 6D03_29
INFO     18/06 15:01:29   Detecting secondary metabolite clusters
DEBUG    18/06 15:01:29   Checking if antismash.detection.hmm_detection should be run
INFO     18/06 15:01:29   Running antismash.detection.hmm_detection
INFO     18/06 15:01:29   HMM detection using strictness: relaxed
DEBUG    18/06 15:01:29   0 rule-based cluster(s) found in record
DEBUG    18/06 15:01:29   0 protoclusters found
DEBUG    18/06 15:01:29   0 subregions found
INFO     18/06 15:01:29   No regions detected, skipping record
INFO     18/06 15:01:29   Analysing record: 6D03_30
INFO     18/06 15:01:29   Detecting secondary metabolite clusters
DEBUG    18/06 15:01:29   Checking if antismash.detection.hmm_detection should be run
INFO     18/06 15:01:29   Running antismash.detection.hmm_detection
INFO     18/06 15:01:29   HMM detection using strictness: relaxed
DEBUG    18/06 15:01:29   0 rule-based cluster(s) found in record
DEBUG    18/06 15:01:29   0 protoclusters found
DEBUG    18/06 15:01:29   0 subregions found
INFO     18/06 15:01:29   No regions detected, skipping record
INFO     18/06 15:01:29   Analysing record: 6D03_31
INFO     18/06 15:01:29   Detecting secondary metabolite clusters
DEBUG    18/06 15:01:29   Checking if antismash.detection.hmm_detection should be run
INFO     18/06 15:01:29   Running antismash.detection.hmm_detection
INFO     18/06 15:01:29   HMM detection using strictness: relaxed
DEBUG    18/06 15:01:30   0 rule-based cluster(s) found in record
DEBUG    18/06 15:01:30   0 protoclusters found
DEBUG    18/06 15:01:30   0 subregions found
INFO     18/06 15:01:30   No regions detected, skipping record
INFO     18/06 15:01:30   Analysing record: 6D03_32
INFO     18/06 15:01:30   Detecting secondary metabolite clusters
DEBUG    18/06 15:01:30   Checking if antismash.detection.hmm_detection should be run
INFO     18/06 15:01:30   Running antismash.detection.hmm_detection
INFO     18/06 15:01:30   HMM detection using strictness: relaxed
DEBUG    18/06 15:01:30   0 rule-based cluster(s) found in record
DEBUG    18/06 15:01:30   0 protoclusters found
DEBUG    18/06 15:01:30   0 subregions found
INFO     18/06 15:01:30   No regions detected, skipping record
INFO     18/06 15:01:30   Analysing record: 6D03_33
INFO     18/06 15:01:30   Detecting secondary metabolite clusters
DEBUG    18/06 15:01:30   Checking if antismash.detection.hmm_detection should be run
INFO     18/06 15:01:30   Running antismash.detection.hmm_detection
INFO     18/06 15:01:30   HMM detection using strictness: relaxed
DEBUG    18/06 15:01:31   1 rule-based cluster(s) found in record
DEBUG    18/06 15:01:31   1 protoclusters found
DEBUG    18/06 15:01:31   0 subregions found
INFO     18/06 15:01:31   1 region(s) detected in record
DEBUG    18/06 15:01:31   Checking if antismash.detection.cluster_hmmer should be run
INFO     18/06 15:01:31   Running antismash.detection.cluster_hmmer
INFO     18/06 15:01:31   Running cluster PFAM search
DEBUG    18/06 15:01:38   Adding detection results from antismash.detection.cluster_hmmer to record
DEBUG    18/06 15:01:38   Checking if antismash.detection.genefunctions should be run
INFO     18/06 15:01:38   Running antismash.detection.genefunctions
DEBUG    18/06 15:01:39   Adding detection results from antismash.detection.genefunctions to record
DEBUG    18/06 15:01:39   annotating CDS features with extras info: 0 CDSes
DEBUG    18/06 15:01:39   annotating CDS features with halogenases info: 0 CDSes
DEBUG    18/06 15:01:39   annotating CDS features with MITE info: 0 CDSes
DEBUG    18/06 15:01:39   annotating CDS features with resist info: 0 CDSes
DEBUG    18/06 15:01:39   annotating CDS features with smcogs info: 8 CDSes
DEBUG    18/06 15:01:39   Checking if antismash.detection.nrps_pks_domains should be run
INFO     18/06 15:01:39   Running antismash.detection.nrps_pks_domains
DEBUG    18/06 15:01:39   Marking NRPS/PKS CDS features and domains in clusters
DEBUG    18/06 15:01:40   Adding detection results from antismash.detection.nrps_pks_domains to record
DEBUG    18/06 15:01:40   Checking if antismash.detection.tigrfam should be run
INFO     18/06 15:01:40   Running antismash.detection.tigrfam
INFO     18/06 15:01:40   Running TIGRFam search
DEBUG    18/06 15:01:42   Adding detection results from antismash.detection.tigrfam to record
DEBUG    18/06 15:01:42   Checking if antismash.modules.active_site_finder should be run
INFO     18/06 15:01:42   Running antismash.modules.active_site_finder
DEBUG    18/06 15:01:42   Checking if antismash.modules.cluster_compare should be run
INFO     18/06 15:01:42   Running antismash.modules.cluster_compare
DEBUG    18/06 15:01:42   Loading comparison database: MIBiG
DEBUG    18/06 15:01:42   Comparison database loaded
INFO     18/06 15:01:42   Comparing regions to reference database
DEBUG    18/06 15:01:44   Checking if antismash.modules.clusterblast should be run
INFO     18/06 15:01:44   Running antismash.modules.clusterblast
INFO     18/06 15:01:44   Running ClusterBlast
INFO     18/06 15:01:44   ClusterBlast: Loading gene cluster database into memory...
INFO     18/06 15:01:47   ClusterBlast: Loading gene cluster database proteins into memory...
INFO     18/06 15:02:18   Comparing regions to reference database
INFO     18/06 15:02:38   Running subcluster search
INFO     18/06 15:02:38   SubClusterBlast: Loading gene cluster database into memory...
INFO     18/06 15:02:38   SubClusterBlast: Loading gene cluster database proteins into memory...
INFO     18/06 15:02:39   Running known cluster search
INFO     18/06 15:02:39   KnownClusterBlast: Loading gene cluster database into memory...
INFO     18/06 15:02:39   KnownClusterBlast: Loading gene cluster database proteins into memory...
DEBUG    18/06 15:02:39   Running DIAMOND knowncluster searches..
INFO     18/06 15:02:39   Comparing regions to reference database
DEBUG    18/06 15:02:43   Checking if antismash.modules.lanthipeptides should be run
INFO     18/06 15:02:43   Running antismash.modules.lanthipeptides
DEBUG    18/06 15:02:43   Lanthipeptide module marked 0 motifs
DEBUG    18/06 15:02:43   Checking if antismash.modules.lassopeptides should be run
INFO     18/06 15:02:43   Running antismash.modules.lassopeptides
DEBUG    18/06 15:02:44   Lassopeptide module marked 0 motifs
DEBUG    18/06 15:02:44   Checking if antismash.modules.nrps_pks should be run
INFO     18/06 15:02:44   Running antismash.modules.nrps_pks
DEBUG    18/06 15:02:44   No NRPS or PKS genes found, skipping analysis
DEBUG    18/06 15:02:44   Checking if antismash.modules.pfam2go should be run
INFO     18/06 15:02:44   Running antismash.modules.pfam2go
DEBUG    18/06 15:02:44   Checking if antismash.modules.rrefinder should be run
INFO     18/06 15:02:44   Running antismash.modules.rrefinder
DEBUG    18/06 15:02:44   Checking if antismash.modules.sactipeptides should be run
INFO     18/06 15:02:44   Running antismash.modules.sactipeptides
DEBUG    18/06 15:02:44   Found no sactipeptide motifs
DEBUG    18/06 15:02:44   Checking if antismash.modules.t2pks should be run
INFO     18/06 15:02:44   Running antismash.modules.t2pks
DEBUG    18/06 15:02:44   No type II PKS clusters to analyze
DEBUG    18/06 15:02:44   Checking if antismash.modules.terpene should be run
INFO     18/06 15:02:44   Running antismash.modules.terpene
DEBUG    18/06 15:02:44   No terpene clusters to analyse
DEBUG    18/06 15:02:44   Checking if antismash.modules.tfbs_finder should be run
INFO     18/06 15:02:44   Running antismash.modules.tfbs_finder
DEBUG    18/06 15:02:44   Checking if antismash.modules.thiopeptides should be run
INFO     18/06 15:02:44   Running antismash.modules.thiopeptides
DEBUG    18/06 15:02:44   Thiopeptides marked 0 motifs
DEBUG    18/06 15:02:44   Checking if antismash.modules.tta should be run
INFO     18/06 15:02:44   Running antismash.modules.tta
INFO     18/06 15:02:44   Skipping TTA codon detection, GC content too low: 44%
INFO     18/06 15:02:44   Analysing record: 6D03_34
INFO     18/06 15:02:44   Detecting secondary metabolite clusters
DEBUG    18/06 15:02:44   Checking if antismash.detection.hmm_detection should be run
INFO     18/06 15:02:44   Running antismash.detection.hmm_detection
INFO     18/06 15:02:44   HMM detection using strictness: relaxed
DEBUG    18/06 15:02:49   3 rule-based cluster(s) found in record
DEBUG    18/06 15:02:49   3 protoclusters found
DEBUG    18/06 15:02:49   0 subregions found
INFO     18/06 15:02:49   2 region(s) detected in record
DEBUG    18/06 15:02:49   Checking if antismash.detection.cluster_hmmer should be run
INFO     18/06 15:02:49   Running antismash.detection.cluster_hmmer
INFO     18/06 15:02:49   Running cluster PFAM search
DEBUG    18/06 15:03:12   Adding detection results from antismash.detection.cluster_hmmer to record
DEBUG    18/06 15:03:12   Checking if antismash.detection.genefunctions should be run
INFO     18/06 15:03:12   Running antismash.detection.genefunctions
DEBUG    18/06 15:03:15   Adding detection results from antismash.detection.genefunctions to record
DEBUG    18/06 15:03:15   annotating CDS features with extras info: 0 CDSes
DEBUG    18/06 15:03:15   annotating CDS features with halogenases info: 0 CDSes
DEBUG    18/06 15:03:15   annotating CDS features with MITE info: 0 CDSes
DEBUG    18/06 15:03:15   annotating CDS features with resist info: 0 CDSes
DEBUG    18/06 15:03:15   annotating CDS features with smcogs info: 29 CDSes
DEBUG    18/06 15:03:15   Checking if antismash.detection.nrps_pks_domains should be run
INFO     18/06 15:03:15   Running antismash.detection.nrps_pks_domains
DEBUG    18/06 15:03:15   Marking NRPS/PKS CDS features and domains in clusters
DEBUG    18/06 15:03:15   Adding detection results from antismash.detection.nrps_pks_domains to record
DEBUG    18/06 15:03:15   Checking if antismash.detection.tigrfam should be run
INFO     18/06 15:03:15   Running antismash.detection.tigrfam
INFO     18/06 15:03:15   Running TIGRFam search
DEBUG    18/06 15:03:23   Adding detection results from antismash.detection.tigrfam to record
DEBUG    18/06 15:03:23   Checking if antismash.modules.active_site_finder should be run
INFO     18/06 15:03:23   Running antismash.modules.active_site_finder
DEBUG    18/06 15:03:23   Checking if antismash.modules.cluster_compare should be run
INFO     18/06 15:03:23   Running antismash.modules.cluster_compare
DEBUG    18/06 15:03:23   Loading comparison database: MIBiG
DEBUG    18/06 15:03:23   Comparison database loaded
INFO     18/06 15:03:23   Comparing regions to reference database
DEBUG    18/06 15:03:25   Checking if antismash.modules.clusterblast should be run
INFO     18/06 15:03:25   Running antismash.modules.clusterblast
INFO     18/06 15:03:25   Running ClusterBlast
INFO     18/06 15:03:25   ClusterBlast: Loading gene cluster database into memory...
INFO     18/06 15:03:28   ClusterBlast: Loading gene cluster database proteins into memory...
INFO     18/06 15:04:00   Comparing regions to reference database
INFO     18/06 15:04:27   Running subcluster search
INFO     18/06 15:04:27   SubClusterBlast: Loading gene cluster database into memory...
INFO     18/06 15:04:27   SubClusterBlast: Loading gene cluster database proteins into memory...
INFO     18/06 15:04:29   Running known cluster search
INFO     18/06 15:04:29   KnownClusterBlast: Loading gene cluster database into memory...
INFO     18/06 15:04:29   KnownClusterBlast: Loading gene cluster database proteins into memory...
DEBUG    18/06 15:04:29   Running DIAMOND knowncluster searches..
INFO     18/06 15:04:29   Comparing regions to reference database
DEBUG    18/06 15:04:33   Checking if antismash.modules.lanthipeptides should be run
INFO     18/06 15:04:33   Running antismash.modules.lanthipeptides
DEBUG    18/06 15:04:33   Lanthipeptide module marked 0 motifs
DEBUG    18/06 15:04:33   Checking if antismash.modules.lassopeptides should be run
INFO     18/06 15:04:33   Running antismash.modules.lassopeptides
DEBUG    18/06 15:04:33   Lassopeptide module marked 0 motifs
DEBUG    18/06 15:04:33   Checking if antismash.modules.nrps_pks should be run
INFO     18/06 15:04:33   Running antismash.modules.nrps_pks
INFO     18/06 15:04:33   Predicting A domain substrate specificities with nrpys
INFO     18/06 15:04:34   Predicting NRPS C domain activity using active site motifs
INFO     18/06 15:04:34   Predicting PKS AT domain substrate specificities by Yadav et al. PKS signature sequences
INFO     18/06 15:04:34   Predicting PKS AT domain substrate specificities by Minowa et al. method
INFO     18/06 15:04:34   Predicting CAL domain substrate specificities by Minowa et al. method
INFO     18/06 15:04:34   Predicting PKS KR activity and stereochemistry using KR fingerprints from Starcevic et al.
DEBUG    18/06 15:04:34   CandidateCluster 2 monomer ordering method: colinear
DEBUG    18/06 15:04:34   Checking if antismash.modules.pfam2go should be run
INFO     18/06 15:04:34   Running antismash.modules.pfam2go
DEBUG    18/06 15:04:34   Checking if antismash.modules.rrefinder should be run
INFO     18/06 15:04:34   Running antismash.modules.rrefinder
DEBUG    18/06 15:04:34   Checking if antismash.modules.sactipeptides should be run
INFO     18/06 15:04:34   Running antismash.modules.sactipeptides
DEBUG    18/06 15:04:34   Found no sactipeptide motifs
DEBUG    18/06 15:04:35   Checking if antismash.modules.t2pks should be run
INFO     18/06 15:04:35   Running antismash.modules.t2pks
DEBUG    18/06 15:04:35   No type II PKS clusters to analyze
DEBUG    18/06 15:04:35   Checking if antismash.modules.terpene should be run
INFO     18/06 15:04:35   Running antismash.modules.terpene
DEBUG    18/06 15:04:35   No terpene clusters to analyse
DEBUG    18/06 15:04:35   Checking if antismash.modules.tfbs_finder should be run
INFO     18/06 15:04:35   Running antismash.modules.tfbs_finder
DEBUG    18/06 15:04:35   Checking if antismash.modules.thiopeptides should be run
INFO     18/06 15:04:35   Running antismash.modules.thiopeptides
DEBUG    18/06 15:04:35   Thiopeptides marked 0 motifs
DEBUG    18/06 15:04:35   Checking if antismash.modules.tta should be run
INFO     18/06 15:04:35   Running antismash.modules.tta
INFO     18/06 15:04:35   Skipping TTA codon detection, GC content too low: 44%
INFO     18/06 15:04:35   Analysing record: 6D03_35
INFO     18/06 15:04:35   Detecting secondary metabolite clusters
DEBUG    18/06 15:04:35   Checking if antismash.detection.hmm_detection should be run
INFO     18/06 15:04:35   Running antismash.detection.hmm_detection
INFO     18/06 15:04:35   HMM detection using strictness: relaxed
DEBUG    18/06 15:04:37   0 rule-based cluster(s) found in record
DEBUG    18/06 15:04:37   0 protoclusters found
DEBUG    18/06 15:04:37   0 subregions found
INFO     18/06 15:04:37   No regions detected, skipping record
INFO     18/06 15:04:37   Analysing record: 6D03_36
INFO     18/06 15:04:37   Detecting secondary metabolite clusters
DEBUG    18/06 15:04:37   Checking if antismash.detection.hmm_detection should be run
INFO     18/06 15:04:37   Running antismash.detection.hmm_detection
INFO     18/06 15:04:37   HMM detection using strictness: relaxed
DEBUG    18/06 15:04:37   0 rule-based cluster(s) found in record
DEBUG    18/06 15:04:37   0 protoclusters found
DEBUG    18/06 15:04:37   0 subregions found
INFO     18/06 15:04:37   No regions detected, skipping record
INFO     18/06 15:04:37   Analysing record: 6D03_37
INFO     18/06 15:04:37   Detecting secondary metabolite clusters
DEBUG    18/06 15:04:37   Checking if antismash.detection.hmm_detection should be run
INFO     18/06 15:04:37   Running antismash.detection.hmm_detection
INFO     18/06 15:04:37   HMM detection using strictness: relaxed
DEBUG    18/06 15:04:37   0 rule-based cluster(s) found in record
DEBUG    18/06 15:04:37   0 protoclusters found
DEBUG    18/06 15:04:37   0 subregions found
INFO     18/06 15:04:37   No regions detected, skipping record
INFO     18/06 15:04:37   Analysing record: 6D03_38
INFO     18/06 15:04:37   Detecting secondary metabolite clusters
DEBUG    18/06 15:04:37   Checking if antismash.detection.hmm_detection should be run
INFO     18/06 15:04:37   Running antismash.detection.hmm_detection
INFO     18/06 15:04:37   HMM detection using strictness: relaxed
DEBUG    18/06 15:04:38   0 rule-based cluster(s) found in record
DEBUG    18/06 15:04:38   0 protoclusters found
DEBUG    18/06 15:04:38   0 subregions found
INFO     18/06 15:04:38   No regions detected, skipping record
INFO     18/06 15:04:38   Analysing record: 6D03_39
INFO     18/06 15:04:38   Detecting secondary metabolite clusters
DEBUG    18/06 15:04:38   Checking if antismash.detection.hmm_detection should be run
INFO     18/06 15:04:38   Running antismash.detection.hmm_detection
INFO     18/06 15:04:38   HMM detection using strictness: relaxed
DEBUG    18/06 15:04:39   0 rule-based cluster(s) found in record
DEBUG    18/06 15:04:39   0 protoclusters found
DEBUG    18/06 15:04:39   0 subregions found
INFO     18/06 15:04:39   No regions detected, skipping record
INFO     18/06 15:04:39   Analysing record: 6D03_40
INFO     18/06 15:04:39   Detecting secondary metabolite clusters
DEBUG    18/06 15:04:39   Checking if antismash.detection.hmm_detection should be run
INFO     18/06 15:04:39   Running antismash.detection.hmm_detection
INFO     18/06 15:04:39   HMM detection using strictness: relaxed
DEBUG    18/06 15:04:39   0 rule-based cluster(s) found in record
DEBUG    18/06 15:04:39   0 protoclusters found
DEBUG    18/06 15:04:39   0 subregions found
INFO     18/06 15:04:39   No regions detected, skipping record
INFO     18/06 15:04:39   Analysing record: 6D03_41
INFO     18/06 15:04:39   Detecting secondary metabolite clusters
DEBUG    18/06 15:04:39   Checking if antismash.detection.hmm_detection should be run
INFO     18/06 15:04:39   Running antismash.detection.hmm_detection
INFO     18/06 15:04:39   HMM detection using strictness: relaxed
DEBUG    18/06 15:04:39   0 rule-based cluster(s) found in record
DEBUG    18/06 15:04:39   0 protoclusters found
DEBUG    18/06 15:04:39   0 subregions found
INFO     18/06 15:04:39   No regions detected, skipping record
INFO     18/06 15:04:39   Analysing record: 6D03_42
INFO     18/06 15:04:39   Detecting secondary metabolite clusters
DEBUG    18/06 15:04:39   Checking if antismash.detection.hmm_detection should be run
INFO     18/06 15:04:39   Running antismash.detection.hmm_detection
INFO     18/06 15:04:39   HMM detection using strictness: relaxed
DEBUG    18/06 15:04:42   1 rule-based cluster(s) found in record
DEBUG    18/06 15:04:42   1 protoclusters found
DEBUG    18/06 15:04:42   0 subregions found
INFO     18/06 15:04:42   1 region(s) detected in record
DEBUG    18/06 15:04:42   Checking if antismash.detection.cluster_hmmer should be run
INFO     18/06 15:04:42   Running antismash.detection.cluster_hmmer
INFO     18/06 15:04:42   Running cluster PFAM search
DEBUG    18/06 15:04:50   Adding detection results from antismash.detection.cluster_hmmer to record
DEBUG    18/06 15:04:50   Checking if antismash.detection.genefunctions should be run
INFO     18/06 15:04:50   Running antismash.detection.genefunctions
DEBUG    18/06 15:04:51   Adding detection results from antismash.detection.genefunctions to record
DEBUG    18/06 15:04:51   annotating CDS features with extras info: 0 CDSes
DEBUG    18/06 15:04:51   annotating CDS features with halogenases info: 0 CDSes
DEBUG    18/06 15:04:51   annotating CDS features with MITE info: 0 CDSes
DEBUG    18/06 15:04:51   annotating CDS features with resist info: 0 CDSes
DEBUG    18/06 15:04:51   annotating CDS features with smcogs info: 4 CDSes
DEBUG    18/06 15:04:51   Checking if antismash.detection.nrps_pks_domains should be run
INFO     18/06 15:04:51   Running antismash.detection.nrps_pks_domains
DEBUG    18/06 15:04:51   Marking NRPS/PKS CDS features and domains in clusters
DEBUG    18/06 15:04:51   Adding detection results from antismash.detection.nrps_pks_domains to record
DEBUG    18/06 15:04:51   Checking if antismash.detection.tigrfam should be run
INFO     18/06 15:04:51   Running antismash.detection.tigrfam
INFO     18/06 15:04:51   Running TIGRFam search
DEBUG    18/06 15:04:54   Adding detection results from antismash.detection.tigrfam to record
DEBUG    18/06 15:04:54   Checking if antismash.modules.active_site_finder should be run
INFO     18/06 15:04:54   Running antismash.modules.active_site_finder
DEBUG    18/06 15:04:54   Checking if antismash.modules.cluster_compare should be run
INFO     18/06 15:04:54   Running antismash.modules.cluster_compare
DEBUG    18/06 15:04:54   Loading comparison database: MIBiG
DEBUG    18/06 15:04:54   Comparison database loaded
INFO     18/06 15:04:54   Comparing regions to reference database
DEBUG    18/06 15:04:56   Checking if antismash.modules.clusterblast should be run
INFO     18/06 15:04:56   Running antismash.modules.clusterblast
INFO     18/06 15:04:56   Running ClusterBlast
INFO     18/06 15:04:56   ClusterBlast: Loading gene cluster database into memory...
INFO     18/06 15:04:58   ClusterBlast: Loading gene cluster database proteins into memory...
INFO     18/06 15:05:30   Comparing regions to reference database
INFO     18/06 15:05:49   Running subcluster search
INFO     18/06 15:05:49   SubClusterBlast: Loading gene cluster database into memory...
INFO     18/06 15:05:49   SubClusterBlast: Loading gene cluster database proteins into memory...
INFO     18/06 15:05:50   Running known cluster search
INFO     18/06 15:05:50   KnownClusterBlast: Loading gene cluster database into memory...
INFO     18/06 15:05:50   KnownClusterBlast: Loading gene cluster database proteins into memory...
DEBUG    18/06 15:05:50   Running DIAMOND knowncluster searches..
INFO     18/06 15:05:50   Comparing regions to reference database
DEBUG    18/06 15:05:54   Checking if antismash.modules.lanthipeptides should be run
INFO     18/06 15:05:54   Running antismash.modules.lanthipeptides
DEBUG    18/06 15:05:54   Lanthipeptide module marked 0 motifs
DEBUG    18/06 15:05:54   Checking if antismash.modules.lassopeptides should be run
INFO     18/06 15:05:54   Running antismash.modules.lassopeptides
DEBUG    18/06 15:05:54   Lassopeptide module marked 0 motifs
DEBUG    18/06 15:05:54   Checking if antismash.modules.nrps_pks should be run
INFO     18/06 15:05:54   Running antismash.modules.nrps_pks
INFO     18/06 15:05:54   Predicting NRPS C domain activity using active site motifs
DEBUG    18/06 15:05:54   Checking if antismash.modules.pfam2go should be run
INFO     18/06 15:05:54   Running antismash.modules.pfam2go
DEBUG    18/06 15:05:54   Checking if antismash.modules.rrefinder should be run
INFO     18/06 15:05:54   Running antismash.modules.rrefinder
DEBUG    18/06 15:05:54   Checking if antismash.modules.sactipeptides should be run
INFO     18/06 15:05:54   Running antismash.modules.sactipeptides
DEBUG    18/06 15:05:54   Found no sactipeptide motifs
DEBUG    18/06 15:05:54   Checking if antismash.modules.t2pks should be run
INFO     18/06 15:05:54   Running antismash.modules.t2pks
DEBUG    18/06 15:05:54   No type II PKS clusters to analyze
DEBUG    18/06 15:05:54   Checking if antismash.modules.terpene should be run
INFO     18/06 15:05:54   Running antismash.modules.terpene
INFO     18/06 15:05:54   Analysing terpene clusters
DEBUG    18/06 15:05:55   Checking if antismash.modules.tfbs_finder should be run
INFO     18/06 15:05:55   Running antismash.modules.tfbs_finder
DEBUG    18/06 15:05:55   Checking if antismash.modules.thiopeptides should be run
INFO     18/06 15:05:55   Running antismash.modules.thiopeptides
DEBUG    18/06 15:05:55   Thiopeptides marked 0 motifs
DEBUG    18/06 15:05:55   Checking if antismash.modules.tta should be run
INFO     18/06 15:05:55   Running antismash.modules.tta
INFO     18/06 15:05:55   Skipping TTA codon detection, GC content too low: 44%
INFO     18/06 15:05:55   Analysing record: 6D03_43
INFO     18/06 15:05:55   Detecting secondary metabolite clusters
DEBUG    18/06 15:05:55   Checking if antismash.detection.hmm_detection should be run
INFO     18/06 15:05:55   Running antismash.detection.hmm_detection
INFO     18/06 15:05:55   HMM detection using strictness: relaxed
DEBUG    18/06 15:05:55   0 rule-based cluster(s) found in record
DEBUG    18/06 15:05:55   0 protoclusters found
DEBUG    18/06 15:05:55   0 subregions found
INFO     18/06 15:05:55   No regions detected, skipping record
INFO     18/06 15:05:55   Analysing record: 6D03_44
INFO     18/06 15:05:55   Detecting secondary metabolite clusters
DEBUG    18/06 15:05:55   Checking if antismash.detection.hmm_detection should be run
INFO     18/06 15:05:55   Running antismash.detection.hmm_detection
INFO     18/06 15:05:55   HMM detection using strictness: relaxed
DEBUG    18/06 15:05:56   0 rule-based cluster(s) found in record
DEBUG    18/06 15:05:56   0 protoclusters found
DEBUG    18/06 15:05:56   0 subregions found
INFO     18/06 15:05:56   No regions detected, skipping record
INFO     18/06 15:05:56   Analysing record: 6D03_45
INFO     18/06 15:05:56   Detecting secondary metabolite clusters
DEBUG    18/06 15:05:56   Checking if antismash.detection.hmm_detection should be run
INFO     18/06 15:05:56   Running antismash.detection.hmm_detection
INFO     18/06 15:05:56   HMM detection using strictness: relaxed
DEBUG    18/06 15:05:58   0 rule-based cluster(s) found in record
DEBUG    18/06 15:05:58   0 protoclusters found
DEBUG    18/06 15:05:58   0 subregions found
INFO     18/06 15:05:58   No regions detected, skipping record
INFO     18/06 15:05:58   Analysing record: 6D03_46
INFO     18/06 15:05:58   Detecting secondary metabolite clusters
DEBUG    18/06 15:05:58   Checking if antismash.detection.hmm_detection should be run
INFO     18/06 15:05:58   Running antismash.detection.hmm_detection
INFO     18/06 15:05:58   HMM detection using strictness: relaxed
DEBUG    18/06 15:05:59   0 rule-based cluster(s) found in record
DEBUG    18/06 15:05:59   0 protoclusters found
DEBUG    18/06 15:05:59   0 subregions found
INFO     18/06 15:05:59   No regions detected, skipping record
INFO     18/06 15:05:59   Analysing record: 6D03_47
INFO     18/06 15:05:59   Detecting secondary metabolite clusters
DEBUG    18/06 15:05:59   Checking if antismash.detection.hmm_detection should be run
INFO     18/06 15:05:59   Running antismash.detection.hmm_detection
INFO     18/06 15:05:59   HMM detection using strictness: relaxed
DEBUG    18/06 15:06:00   0 rule-based cluster(s) found in record
DEBUG    18/06 15:06:00   0 protoclusters found
DEBUG    18/06 15:06:00   0 subregions found
INFO     18/06 15:06:00   No regions detected, skipping record
INFO     18/06 15:06:00   Analysing record: 6D03_48
INFO     18/06 15:06:00   Detecting secondary metabolite clusters
DEBUG    18/06 15:06:00   Checking if antismash.detection.hmm_detection should be run
INFO     18/06 15:06:00   Running antismash.detection.hmm_detection
INFO     18/06 15:06:00   HMM detection using strictness: relaxed
DEBUG    18/06 15:06:00   0 rule-based cluster(s) found in record
DEBUG    18/06 15:06:00   0 protoclusters found
DEBUG    18/06 15:06:00   0 subregions found
INFO     18/06 15:06:00   No regions detected, skipping record
INFO     18/06 15:06:00   Analysing record: 6D03_49
INFO     18/06 15:06:00   Detecting secondary metabolite clusters
DEBUG    18/06 15:06:00   Checking if antismash.detection.hmm_detection should be run
INFO     18/06 15:06:00   Running antismash.detection.hmm_detection
INFO     18/06 15:06:00   HMM detection using strictness: relaxed
DEBUG    18/06 15:06:00   0 rule-based cluster(s) found in record
DEBUG    18/06 15:06:00   0 protoclusters found
DEBUG    18/06 15:06:00   0 subregions found
INFO     18/06 15:06:00   No regions detected, skipping record
INFO     18/06 15:06:00   Analysing record: 6D03_50
INFO     18/06 15:06:00   Detecting secondary metabolite clusters
DEBUG    18/06 15:06:00   Checking if antismash.detection.hmm_detection should be run
INFO     18/06 15:06:00   Running antismash.detection.hmm_detection
INFO     18/06 15:06:00   HMM detection using strictness: relaxed
DEBUG    18/06 15:06:01   0 rule-based cluster(s) found in record
DEBUG    18/06 15:06:01   0 protoclusters found
DEBUG    18/06 15:06:01   0 subregions found
INFO     18/06 15:06:01   No regions detected, skipping record
INFO     18/06 15:06:01   Analysing record: 6D03_51
INFO     18/06 15:06:01   Detecting secondary metabolite clusters
DEBUG    18/06 15:06:01   Checking if antismash.detection.hmm_detection should be run
INFO     18/06 15:06:01   Running antismash.detection.hmm_detection
INFO     18/06 15:06:01   HMM detection using strictness: relaxed
DEBUG    18/06 15:06:01   0 rule-based cluster(s) found in record
DEBUG    18/06 15:06:01   0 protoclusters found
DEBUG    18/06 15:06:01   0 subregions found
INFO     18/06 15:06:01   No regions detected, skipping record
INFO     18/06 15:06:01   Analysing record: 6D03_52
INFO     18/06 15:06:01   Detecting secondary metabolite clusters
DEBUG    18/06 15:06:01   Checking if antismash.detection.hmm_detection should be run
INFO     18/06 15:06:01   Running antismash.detection.hmm_detection
INFO     18/06 15:06:01   HMM detection using strictness: relaxed
DEBUG    18/06 15:06:02   1 rule-based cluster(s) found in record
DEBUG    18/06 15:06:02   1 protoclusters found
DEBUG    18/06 15:06:02   0 subregions found
INFO     18/06 15:06:02   1 region(s) detected in record
DEBUG    18/06 15:06:02   Checking if antismash.detection.cluster_hmmer should be run
INFO     18/06 15:06:02   Running antismash.detection.cluster_hmmer
INFO     18/06 15:06:02   Running cluster PFAM search
DEBUG    18/06 15:06:09   Adding detection results from antismash.detection.cluster_hmmer to record
DEBUG    18/06 15:06:09   Checking if antismash.detection.genefunctions should be run
INFO     18/06 15:06:09   Running antismash.detection.genefunctions
DEBUG    18/06 15:06:10   Adding detection results from antismash.detection.genefunctions to record
DEBUG    18/06 15:06:10   annotating CDS features with extras info: 0 CDSes
DEBUG    18/06 15:06:10   annotating CDS features with halogenases info: 0 CDSes
DEBUG    18/06 15:06:10   annotating CDS features with MITE info: 0 CDSes
DEBUG    18/06 15:06:10   annotating CDS features with resist info: 0 CDSes
DEBUG    18/06 15:06:10   annotating CDS features with smcogs info: 5 CDSes
DEBUG    18/06 15:06:10   Checking if antismash.detection.nrps_pks_domains should be run
INFO     18/06 15:06:10   Running antismash.detection.nrps_pks_domains
DEBUG    18/06 15:06:10   Marking NRPS/PKS CDS features and domains in clusters
DEBUG    18/06 15:06:10   Adding detection results from antismash.detection.nrps_pks_domains to record
DEBUG    18/06 15:06:10   Checking if antismash.detection.tigrfam should be run
INFO     18/06 15:06:10   Running antismash.detection.tigrfam
INFO     18/06 15:06:10   Running TIGRFam search
DEBUG    18/06 15:06:12   Adding detection results from antismash.detection.tigrfam to record
DEBUG    18/06 15:06:12   Checking if antismash.modules.active_site_finder should be run
INFO     18/06 15:06:12   Running antismash.modules.active_site_finder
DEBUG    18/06 15:06:12   Checking if antismash.modules.cluster_compare should be run
INFO     18/06 15:06:12   Running antismash.modules.cluster_compare
DEBUG    18/06 15:06:12   Loading comparison database: MIBiG
DEBUG    18/06 15:06:12   Comparison database loaded
INFO     18/06 15:06:12   Comparing regions to reference database
DEBUG    18/06 15:06:14   Checking if antismash.modules.clusterblast should be run
INFO     18/06 15:06:14   Running antismash.modules.clusterblast
INFO     18/06 15:06:14   Running ClusterBlast
INFO     18/06 15:06:14   ClusterBlast: Loading gene cluster database into memory...
INFO     18/06 15:06:16   ClusterBlast: Loading gene cluster database proteins into memory...
INFO     18/06 15:06:47   Comparing regions to reference database
INFO     18/06 15:07:07   Running subcluster search
INFO     18/06 15:07:07   SubClusterBlast: Loading gene cluster database into memory...
INFO     18/06 15:07:07   SubClusterBlast: Loading gene cluster database proteins into memory...
INFO     18/06 15:07:08   Running known cluster search
INFO     18/06 15:07:08   KnownClusterBlast: Loading gene cluster database into memory...
INFO     18/06 15:07:08   KnownClusterBlast: Loading gene cluster database proteins into memory...
DEBUG    18/06 15:07:08   Running DIAMOND knowncluster searches..
INFO     18/06 15:07:08   Comparing regions to reference database
DEBUG    18/06 15:07:12   Checking if antismash.modules.lanthipeptides should be run
INFO     18/06 15:07:12   Running antismash.modules.lanthipeptides
DEBUG    18/06 15:07:12   Lanthipeptide module marked 0 motifs
DEBUG    18/06 15:07:13   Checking if antismash.modules.lassopeptides should be run
INFO     18/06 15:07:13   Running antismash.modules.lassopeptides
DEBUG    18/06 15:07:13   Lassopeptide module marked 0 motifs
DEBUG    18/06 15:07:13   Checking if antismash.modules.nrps_pks should be run
INFO     18/06 15:07:13   Running antismash.modules.nrps_pks
DEBUG    18/06 15:07:13   No NRPS or PKS genes found, skipping analysis
DEBUG    18/06 15:07:13   Checking if antismash.modules.pfam2go should be run
INFO     18/06 15:07:13   Running antismash.modules.pfam2go
DEBUG    18/06 15:07:13   Checking if antismash.modules.rrefinder should be run
INFO     18/06 15:07:13   Running antismash.modules.rrefinder
DEBUG    18/06 15:07:13   Checking if antismash.modules.sactipeptides should be run
INFO     18/06 15:07:13   Running antismash.modules.sactipeptides
DEBUG    18/06 15:07:13   Found no sactipeptide motifs
DEBUG    18/06 15:07:13   Checking if antismash.modules.t2pks should be run
INFO     18/06 15:07:13   Running antismash.modules.t2pks
DEBUG    18/06 15:07:13   No type II PKS clusters to analyze
DEBUG    18/06 15:07:13   Checking if antismash.modules.terpene should be run
INFO     18/06 15:07:13   Running antismash.modules.terpene
DEBUG    18/06 15:07:13   No terpene clusters to analyse
DEBUG    18/06 15:07:13   Checking if antismash.modules.tfbs_finder should be run
INFO     18/06 15:07:13   Running antismash.modules.tfbs_finder
DEBUG    18/06 15:07:13   Checking if antismash.modules.thiopeptides should be run
INFO     18/06 15:07:13   Running antismash.modules.thiopeptides
DEBUG    18/06 15:07:13   Thiopeptides marked 0 motifs
DEBUG    18/06 15:07:13   Checking if antismash.modules.tta should be run
INFO     18/06 15:07:13   Running antismash.modules.tta
INFO     18/06 15:07:13   Skipping TTA codon detection, GC content too low: 44%
INFO     18/06 15:07:13   Analysing record: 6D03_53
INFO     18/06 15:07:13   Detecting secondary metabolite clusters
DEBUG    18/06 15:07:13   Checking if antismash.detection.hmm_detection should be run
INFO     18/06 15:07:13   Running antismash.detection.hmm_detection
INFO     18/06 15:07:13   HMM detection using strictness: relaxed
DEBUG    18/06 15:07:14   0 rule-based cluster(s) found in record
DEBUG    18/06 15:07:14   0 protoclusters found
DEBUG    18/06 15:07:14   0 subregions found
INFO     18/06 15:07:14   No regions detected, skipping record
INFO     18/06 15:07:14   Analysing record: 6D03_54
INFO     18/06 15:07:14   Detecting secondary metabolite clusters
DEBUG    18/06 15:07:14   Checking if antismash.detection.hmm_detection should be run
INFO     18/06 15:07:14   Running antismash.detection.hmm_detection
INFO     18/06 15:07:14   HMM detection using strictness: relaxed
DEBUG    18/06 15:07:17   2 rule-based cluster(s) found in record
DEBUG    18/06 15:07:17   2 protoclusters found
DEBUG    18/06 15:07:17   0 subregions found
INFO     18/06 15:07:17   1 region(s) detected in record
DEBUG    18/06 15:07:17   Checking if antismash.detection.cluster_hmmer should be run
INFO     18/06 15:07:17   Running antismash.detection.cluster_hmmer
INFO     18/06 15:07:17   Running cluster PFAM search
DEBUG    18/06 15:07:25   Adding detection results from antismash.detection.cluster_hmmer to record
DEBUG    18/06 15:07:25   Checking if antismash.detection.genefunctions should be run
INFO     18/06 15:07:25   Running antismash.detection.genefunctions
DEBUG    18/06 15:07:27   Adding detection results from antismash.detection.genefunctions to record
DEBUG    18/06 15:07:27   annotating CDS features with extras info: 0 CDSes
DEBUG    18/06 15:07:27   annotating CDS features with halogenases info: 0 CDSes
DEBUG    18/06 15:07:27   annotating CDS features with MITE info: 0 CDSes
DEBUG    18/06 15:07:27   annotating CDS features with resist info: 0 CDSes
DEBUG    18/06 15:07:27   annotating CDS features with smcogs info: 11 CDSes
DEBUG    18/06 15:07:27   Checking if antismash.detection.nrps_pks_domains should be run
INFO     18/06 15:07:27   Running antismash.detection.nrps_pks_domains
DEBUG    18/06 15:07:27   Marking NRPS/PKS CDS features and domains in clusters
DEBUG    18/06 15:07:27   Adding detection results from antismash.detection.nrps_pks_domains to record
DEBUG    18/06 15:07:27   Checking if antismash.detection.tigrfam should be run
INFO     18/06 15:07:27   Running antismash.detection.tigrfam
INFO     18/06 15:07:27   Running TIGRFam search
DEBUG    18/06 15:07:30   Adding detection results from antismash.detection.tigrfam to record
DEBUG    18/06 15:07:30   Checking if antismash.modules.active_site_finder should be run
INFO     18/06 15:07:30   Running antismash.modules.active_site_finder
DEBUG    18/06 15:07:30   Checking if antismash.modules.cluster_compare should be run
INFO     18/06 15:07:30   Running antismash.modules.cluster_compare
DEBUG    18/06 15:07:30   Loading comparison database: MIBiG
DEBUG    18/06 15:07:30   Comparison database loaded
INFO     18/06 15:07:30   Comparing regions to reference database
DEBUG    18/06 15:07:33   Checking if antismash.modules.clusterblast should be run
INFO     18/06 15:07:33   Running antismash.modules.clusterblast
INFO     18/06 15:07:33   Running ClusterBlast
INFO     18/06 15:07:33   ClusterBlast: Loading gene cluster database into memory...
INFO     18/06 15:07:35   ClusterBlast: Loading gene cluster database proteins into memory...
INFO     18/06 15:08:07   Comparing regions to reference database
INFO     18/06 15:08:45   Running subcluster search
INFO     18/06 15:08:45   SubClusterBlast: Loading gene cluster database into memory...
INFO     18/06 15:08:45   SubClusterBlast: Loading gene cluster database proteins into memory...
INFO     18/06 15:08:46   Running known cluster search
INFO     18/06 15:08:46   KnownClusterBlast: Loading gene cluster database into memory...
INFO     18/06 15:08:46   KnownClusterBlast: Loading gene cluster database proteins into memory...
DEBUG    18/06 15:08:46   Running DIAMOND knowncluster searches..
INFO     18/06 15:08:46   Comparing regions to reference database
DEBUG    18/06 15:08:51   Checking if antismash.modules.lanthipeptides should be run
INFO     18/06 15:08:51   Running antismash.modules.lanthipeptides
DEBUG    18/06 15:08:51   Lanthipeptide module marked 0 motifs
DEBUG    18/06 15:08:51   Checking if antismash.modules.lassopeptides should be run
INFO     18/06 15:08:51   Running antismash.modules.lassopeptides
DEBUG    18/06 15:08:52   Lassopeptide module marked 0 motifs
DEBUG    18/06 15:08:52   Checking if antismash.modules.nrps_pks should be run
INFO     18/06 15:08:52   Running antismash.modules.nrps_pks
INFO     18/06 15:08:52   Predicting A domain substrate specificities with nrpys
INFO     18/06 15:08:52   Predicting NRPS C domain activity using active site motifs
DEBUG    18/06 15:08:53   CandidateCluster 1 monomer ordering method: colinear
DEBUG    18/06 15:08:53   CandidateCluster 2 monomer ordering method: colinear
DEBUG    18/06 15:08:53   Checking if antismash.modules.pfam2go should be run
INFO     18/06 15:08:53   Running antismash.modules.pfam2go
DEBUG    18/06 15:08:53   Checking if antismash.modules.rrefinder should be run
INFO     18/06 15:08:53   Running antismash.modules.rrefinder
DEBUG    18/06 15:08:53   Checking if antismash.modules.sactipeptides should be run
INFO     18/06 15:08:53   Running antismash.modules.sactipeptides
DEBUG    18/06 15:08:53   Found no sactipeptide motifs
DEBUG    18/06 15:08:53   Checking if antismash.modules.t2pks should be run
INFO     18/06 15:08:53   Running antismash.modules.t2pks
DEBUG    18/06 15:08:53   No type II PKS clusters to analyze
DEBUG    18/06 15:08:53   Checking if antismash.modules.terpene should be run
INFO     18/06 15:08:53   Running antismash.modules.terpene
DEBUG    18/06 15:08:53   No terpene clusters to analyse
DEBUG    18/06 15:08:53   Checking if antismash.modules.tfbs_finder should be run
INFO     18/06 15:08:53   Running antismash.modules.tfbs_finder
DEBUG    18/06 15:08:53   Checking if antismash.modules.thiopeptides should be run
INFO     18/06 15:08:53   Running antismash.modules.thiopeptides
DEBUG    18/06 15:08:53   Thiopeptides marked 0 motifs
DEBUG    18/06 15:08:53   Checking if antismash.modules.tta should be run
INFO     18/06 15:08:53   Running antismash.modules.tta
INFO     18/06 15:08:53   Skipping TTA codon detection, GC content too low: 46%
INFO     18/06 15:08:53   Analysing record: 6D03_55
INFO     18/06 15:08:53   Detecting secondary metabolite clusters
DEBUG    18/06 15:08:53   Checking if antismash.detection.hmm_detection should be run
INFO     18/06 15:08:53   Running antismash.detection.hmm_detection
INFO     18/06 15:08:53   HMM detection using strictness: relaxed
DEBUG    18/06 15:08:55   1 rule-based cluster(s) found in record
DEBUG    18/06 15:08:55   1 protoclusters found
DEBUG    18/06 15:08:55   0 subregions found
INFO     18/06 15:08:55   1 region(s) detected in record
DEBUG    18/06 15:08:55   Checking if antismash.detection.cluster_hmmer should be run
INFO     18/06 15:08:55   Running antismash.detection.cluster_hmmer
INFO     18/06 15:08:55   Running cluster PFAM search
DEBUG    18/06 15:09:10   Adding detection results from antismash.detection.cluster_hmmer to record
DEBUG    18/06 15:09:10   Checking if antismash.detection.genefunctions should be run
INFO     18/06 15:09:10   Running antismash.detection.genefunctions
DEBUG    18/06 15:09:11   Adding detection results from antismash.detection.genefunctions to record
DEBUG    18/06 15:09:11   annotating CDS features with extras info: 0 CDSes
DEBUG    18/06 15:09:11   annotating CDS features with halogenases info: 0 CDSes
DEBUG    18/06 15:09:11   annotating CDS features with MITE info: 0 CDSes
DEBUG    18/06 15:09:11   annotating CDS features with resist info: 0 CDSes
DEBUG    18/06 15:09:11   annotating CDS features with smcogs info: 12 CDSes
DEBUG    18/06 15:09:11   Checking if antismash.detection.nrps_pks_domains should be run
INFO     18/06 15:09:11   Running antismash.detection.nrps_pks_domains
DEBUG    18/06 15:09:11   Marking NRPS/PKS CDS features and domains in clusters
DEBUG    18/06 15:09:12   Adding detection results from antismash.detection.nrps_pks_domains to record
DEBUG    18/06 15:09:12   Checking if antismash.detection.tigrfam should be run
INFO     18/06 15:09:12   Running antismash.detection.tigrfam
INFO     18/06 15:09:12   Running TIGRFam search
DEBUG    18/06 15:09:16   Adding detection results from antismash.detection.tigrfam to record
DEBUG    18/06 15:09:16   Checking if antismash.modules.active_site_finder should be run
INFO     18/06 15:09:16   Running antismash.modules.active_site_finder
DEBUG    18/06 15:09:16   Checking if antismash.modules.cluster_compare should be run
INFO     18/06 15:09:16   Running antismash.modules.cluster_compare
DEBUG    18/06 15:09:16   Loading comparison database: MIBiG
DEBUG    18/06 15:09:16   Comparison database loaded
INFO     18/06 15:09:16   Comparing regions to reference database
DEBUG    18/06 15:09:18   Checking if antismash.modules.clusterblast should be run
INFO     18/06 15:09:18   Running antismash.modules.clusterblast
INFO     18/06 15:09:18   Running ClusterBlast
INFO     18/06 15:09:18   ClusterBlast: Loading gene cluster database into memory...
INFO     18/06 15:09:20   ClusterBlast: Loading gene cluster database proteins into memory...
INFO     18/06 15:09:50   Comparing regions to reference database
INFO     18/06 15:10:13   Running subcluster search
INFO     18/06 15:10:13   SubClusterBlast: Loading gene cluster database into memory...
INFO     18/06 15:10:13   SubClusterBlast: Loading gene cluster database proteins into memory...
INFO     18/06 15:10:13   Running known cluster search
INFO     18/06 15:10:13   KnownClusterBlast: Loading gene cluster database into memory...
INFO     18/06 15:10:13   KnownClusterBlast: Loading gene cluster database proteins into memory...
DEBUG    18/06 15:10:14   Running DIAMOND knowncluster searches..
INFO     18/06 15:10:14   Comparing regions to reference database
DEBUG    18/06 15:10:18   Checking if antismash.modules.lanthipeptides should be run
INFO     18/06 15:10:18   Running antismash.modules.lanthipeptides
DEBUG    18/06 15:10:18   Lanthipeptide module marked 0 motifs
DEBUG    18/06 15:10:18   Checking if antismash.modules.lassopeptides should be run
INFO     18/06 15:10:18   Running antismash.modules.lassopeptides
DEBUG    18/06 15:10:18   Lassopeptide module marked 0 motifs
DEBUG    18/06 15:10:18   Checking if antismash.modules.nrps_pks should be run
INFO     18/06 15:10:18   Running antismash.modules.nrps_pks
INFO     18/06 15:10:18   Predicting NRPS C domain activity using active site motifs
INFO     18/06 15:10:18   Predicting CAL domain substrate specificities by Minowa et al. method
INFO     18/06 15:10:18   Predicting PKS KR activity and stereochemistry using KR fingerprints from Starcevic et al.
DEBUG    18/06 15:10:18   CandidateCluster 1 monomer ordering method: colinear
DEBUG    18/06 15:10:18   Checking if antismash.modules.pfam2go should be run
INFO     18/06 15:10:18   Running antismash.modules.pfam2go
DEBUG    18/06 15:10:18   Checking if antismash.modules.rrefinder should be run
INFO     18/06 15:10:18   Running antismash.modules.rrefinder
DEBUG    18/06 15:10:18   Checking if antismash.modules.sactipeptides should be run
INFO     18/06 15:10:18   Running antismash.modules.sactipeptides
DEBUG    18/06 15:10:18   Found no sactipeptide motifs
DEBUG    18/06 15:10:19   Checking if antismash.modules.t2pks should be run
INFO     18/06 15:10:19   Running antismash.modules.t2pks
DEBUG    18/06 15:10:19   No type II PKS clusters to analyze
DEBUG    18/06 15:10:19   Checking if antismash.modules.terpene should be run
INFO     18/06 15:10:19   Running antismash.modules.terpene
DEBUG    18/06 15:10:19   No terpene clusters to analyse
DEBUG    18/06 15:10:19   Checking if antismash.modules.tfbs_finder should be run
INFO     18/06 15:10:19   Running antismash.modules.tfbs_finder
DEBUG    18/06 15:10:19   Checking if antismash.modules.thiopeptides should be run
INFO     18/06 15:10:19   Running antismash.modules.thiopeptides
DEBUG    18/06 15:10:19   Thiopeptides marked 0 motifs
DEBUG    18/06 15:10:19   Checking if antismash.modules.tta should be run
INFO     18/06 15:10:19   Running antismash.modules.tta
INFO     18/06 15:10:19   Skipping TTA codon detection, GC content too low: 44%
INFO     18/06 15:10:19   Analysing record: 6D03_56
INFO     18/06 15:10:19   Detecting secondary metabolite clusters
DEBUG    18/06 15:10:19   Checking if antismash.detection.hmm_detection should be run
INFO     18/06 15:10:19   Running antismash.detection.hmm_detection
INFO     18/06 15:10:19   HMM detection using strictness: relaxed
DEBUG    18/06 15:10:20   0 rule-based cluster(s) found in record
DEBUG    18/06 15:10:20   0 protoclusters found
DEBUG    18/06 15:10:20   0 subregions found
INFO     18/06 15:10:20   No regions detected, skipping record
INFO     18/06 15:10:20   Analysing record: 6D03_57
INFO     18/06 15:10:20   Detecting secondary metabolite clusters
DEBUG    18/06 15:10:20   Checking if antismash.detection.hmm_detection should be run
INFO     18/06 15:10:20   Running antismash.detection.hmm_detection
INFO     18/06 15:10:20   HMM detection using strictness: relaxed
DEBUG    18/06 15:10:20   0 rule-based cluster(s) found in record
DEBUG    18/06 15:10:20   0 protoclusters found
DEBUG    18/06 15:10:20   0 subregions found
INFO     18/06 15:10:20   No regions detected, skipping record
INFO     18/06 15:10:20   Analysing record: 6D03_58
INFO     18/06 15:10:20   Detecting secondary metabolite clusters
DEBUG    18/06 15:10:20   Checking if antismash.detection.hmm_detection should be run
INFO     18/06 15:10:20   Running antismash.detection.hmm_detection
INFO     18/06 15:10:20   HMM detection using strictness: relaxed
DEBUG    18/06 15:10:24   4 rule-based cluster(s) found in record
DEBUG    18/06 15:10:24   4 protoclusters found
DEBUG    18/06 15:10:24   0 subregions found
INFO     18/06 15:10:24   1 region(s) detected in record
DEBUG    18/06 15:10:24   Checking if antismash.detection.cluster_hmmer should be run
INFO     18/06 15:10:24   Running antismash.detection.cluster_hmmer
INFO     18/06 15:10:24   Running cluster PFAM search
DEBUG    18/06 15:10:46   Adding detection results from antismash.detection.cluster_hmmer to record
DEBUG    18/06 15:10:46   Checking if antismash.detection.genefunctions should be run
INFO     18/06 15:10:46   Running antismash.detection.genefunctions
DEBUG    18/06 15:10:48   Adding detection results from antismash.detection.genefunctions to record
DEBUG    18/06 15:10:48   annotating CDS features with extras info: 0 CDSes
DEBUG    18/06 15:10:48   annotating CDS features with halogenases info: 0 CDSes
DEBUG    18/06 15:10:48   annotating CDS features with MITE info: 0 CDSes
DEBUG    18/06 15:10:48   annotating CDS features with resist info: 0 CDSes
DEBUG    18/06 15:10:48   annotating CDS features with smcogs info: 22 CDSes
DEBUG    18/06 15:10:48   Checking if antismash.detection.nrps_pks_domains should be run
INFO     18/06 15:10:48   Running antismash.detection.nrps_pks_domains
DEBUG    18/06 15:10:48   Marking NRPS/PKS CDS features and domains in clusters
DEBUG    18/06 15:10:50   Adding detection results from antismash.detection.nrps_pks_domains to record
DEBUG    18/06 15:10:50   Checking if antismash.detection.tigrfam should be run
INFO     18/06 15:10:50   Running antismash.detection.tigrfam
INFO     18/06 15:10:50   Running TIGRFam search
DEBUG    18/06 15:10:57   Adding detection results from antismash.detection.tigrfam to record
DEBUG    18/06 15:10:57   Checking if antismash.modules.active_site_finder should be run
INFO     18/06 15:10:57   Running antismash.modules.active_site_finder
DEBUG    18/06 15:10:58   Checking if antismash.modules.cluster_compare should be run
INFO     18/06 15:10:58   Running antismash.modules.cluster_compare
DEBUG    18/06 15:10:58   Loading comparison database: MIBiG
DEBUG    18/06 15:10:58   Comparison database loaded
INFO     18/06 15:10:58   Comparing regions to reference database
DEBUG    18/06 15:11:01   Checking if antismash.modules.clusterblast should be run
INFO     18/06 15:11:01   Running antismash.modules.clusterblast
INFO     18/06 15:11:01   Running ClusterBlast
INFO     18/06 15:11:01   ClusterBlast: Loading gene cluster database into memory...
INFO     18/06 15:11:03   ClusterBlast: Loading gene cluster database proteins into memory...
INFO     18/06 15:11:34   Comparing regions to reference database
INFO     18/06 15:12:15   Running subcluster search
INFO     18/06 15:12:15   SubClusterBlast: Loading gene cluster database into memory...
INFO     18/06 15:12:15   SubClusterBlast: Loading gene cluster database proteins into memory...
INFO     18/06 15:12:16   Running known cluster search
INFO     18/06 15:12:16   KnownClusterBlast: Loading gene cluster database into memory...
INFO     18/06 15:12:16   KnownClusterBlast: Loading gene cluster database proteins into memory...
DEBUG    18/06 15:12:17   Running DIAMOND knowncluster searches..
INFO     18/06 15:12:17   Comparing regions to reference database
DEBUG    18/06 15:12:22   Checking if antismash.modules.lanthipeptides should be run
INFO     18/06 15:12:22   Running antismash.modules.lanthipeptides
DEBUG    18/06 15:12:22   Lanthipeptide module marked 0 motifs
DEBUG    18/06 15:12:22   Checking if antismash.modules.lassopeptides should be run
INFO     18/06 15:12:22   Running antismash.modules.lassopeptides
DEBUG    18/06 15:12:22   Lassopeptide module marked 0 motifs
DEBUG    18/06 15:12:22   Checking if antismash.modules.nrps_pks should be run
INFO     18/06 15:12:22   Running antismash.modules.nrps_pks
INFO     18/06 15:12:22   Predicting A domain substrate specificities with nrpys
INFO     18/06 15:12:22   Predicting NRPS C domain activity using active site motifs
INFO     18/06 15:12:23   Predicting PKS AT domain substrate specificities by Yadav et al. PKS signature sequences
INFO     18/06 15:12:24   Predicting PKS AT domain substrate specificities by Minowa et al. method
INFO     18/06 15:12:24   Predicting CAL domain substrate specificities by Minowa et al. method
INFO     18/06 15:12:24   Predicting PKS KR activity and stereochemistry using KR fingerprints from Starcevic et al.
DEBUG    18/06 15:12:25   CandidateCluster 1 monomer ordering method: colinear
DEBUG    18/06 15:12:25   CandidateCluster 3 monomer ordering method: colinear
DEBUG    18/06 15:12:25   Checking if antismash.modules.pfam2go should be run
INFO     18/06 15:12:25   Running antismash.modules.pfam2go
DEBUG    18/06 15:12:25   Checking if antismash.modules.rrefinder should be run
INFO     18/06 15:12:25   Running antismash.modules.rrefinder
DEBUG    18/06 15:12:25   Checking if antismash.modules.sactipeptides should be run
INFO     18/06 15:12:25   Running antismash.modules.sactipeptides
DEBUG    18/06 15:12:25   Found no sactipeptide motifs
DEBUG    18/06 15:12:25   Checking if antismash.modules.t2pks should be run
INFO     18/06 15:12:25   Running antismash.modules.t2pks
DEBUG    18/06 15:12:25   No type II PKS clusters to analyze
DEBUG    18/06 15:12:25   Checking if antismash.modules.terpene should be run
INFO     18/06 15:12:25   Running antismash.modules.terpene
DEBUG    18/06 15:12:25   No terpene clusters to analyse
DEBUG    18/06 15:12:25   Checking if antismash.modules.tfbs_finder should be run
INFO     18/06 15:12:25   Running antismash.modules.tfbs_finder
DEBUG    18/06 15:12:25   Checking if antismash.modules.thiopeptides should be run
INFO     18/06 15:12:25   Running antismash.modules.thiopeptides
DEBUG    18/06 15:12:25   Thiopeptides marked 0 motifs
DEBUG    18/06 15:12:25   Checking if antismash.modules.tta should be run
INFO     18/06 15:12:25   Running antismash.modules.tta
INFO     18/06 15:12:25   Skipping TTA codon detection, GC content too low: 45%
INFO     18/06 15:12:25   Analysing record: 6D03_59
INFO     18/06 15:12:25   Detecting secondary metabolite clusters
DEBUG    18/06 15:12:25   Checking if antismash.detection.hmm_detection should be run
INFO     18/06 15:12:25   Running antismash.detection.hmm_detection
INFO     18/06 15:12:25   HMM detection using strictness: relaxed
DEBUG    18/06 15:12:32   5 rule-based cluster(s) found in record
DEBUG    18/06 15:12:32   5 protoclusters found
DEBUG    18/06 15:12:32   0 subregions found
INFO     18/06 15:12:32   4 region(s) detected in record
DEBUG    18/06 15:12:32   Checking if antismash.detection.cluster_hmmer should be run
INFO     18/06 15:12:32   Running antismash.detection.cluster_hmmer
INFO     18/06 15:12:32   Running cluster PFAM search
DEBUG    18/06 15:13:14   Adding detection results from antismash.detection.cluster_hmmer to record
DEBUG    18/06 15:13:14   Checking if antismash.detection.genefunctions should be run
INFO     18/06 15:13:14   Running antismash.detection.genefunctions
DEBUG    18/06 15:13:19   Adding detection results from antismash.detection.genefunctions to record
DEBUG    18/06 15:13:19   annotating CDS features with extras info: 0 CDSes
DEBUG    18/06 15:13:19   annotating CDS features with halogenases info: 0 CDSes
DEBUG    18/06 15:13:19   annotating CDS features with MITE info: 0 CDSes
DEBUG    18/06 15:13:19   annotating CDS features with resist info: 0 CDSes
DEBUG    18/06 15:13:19   annotating CDS features with smcogs info: 43 CDSes
DEBUG    18/06 15:13:19   Checking if antismash.detection.nrps_pks_domains should be run
INFO     18/06 15:13:19   Running antismash.detection.nrps_pks_domains
DEBUG    18/06 15:13:19   Marking NRPS/PKS CDS features and domains in clusters
DEBUG    18/06 15:13:20   Adding detection results from antismash.detection.nrps_pks_domains to record
DEBUG    18/06 15:13:20   Checking if antismash.detection.tigrfam should be run
INFO     18/06 15:13:20   Running antismash.detection.tigrfam
INFO     18/06 15:13:20   Running TIGRFam search
DEBUG    18/06 15:13:33   Adding detection results from antismash.detection.tigrfam to record
DEBUG    18/06 15:13:33   Checking if antismash.modules.active_site_finder should be run
INFO     18/06 15:13:33   Running antismash.modules.active_site_finder
DEBUG    18/06 15:13:33   Checking if antismash.modules.cluster_compare should be run
INFO     18/06 15:13:33   Running antismash.modules.cluster_compare
DEBUG    18/06 15:13:33   Loading comparison database: MIBiG
DEBUG    18/06 15:13:33   Comparison database loaded
INFO     18/06 15:13:33   Comparing regions to reference database
DEBUG    18/06 15:13:35   Checking if antismash.modules.clusterblast should be run
INFO     18/06 15:13:35   Running antismash.modules.clusterblast
INFO     18/06 15:13:35   Running ClusterBlast
INFO     18/06 15:13:35   ClusterBlast: Loading gene cluster database into memory...
INFO     18/06 15:13:39   ClusterBlast: Loading gene cluster database proteins into memory...
INFO     18/06 15:14:08   Comparing regions to reference database
INFO     18/06 15:14:41   Running subcluster search
INFO     18/06 15:14:41   SubClusterBlast: Loading gene cluster database into memory...
INFO     18/06 15:14:41   SubClusterBlast: Loading gene cluster database proteins into memory...
INFO     18/06 15:14:44   Running known cluster search
INFO     18/06 15:14:44   KnownClusterBlast: Loading gene cluster database into memory...
INFO     18/06 15:14:44   KnownClusterBlast: Loading gene cluster database proteins into memory...
DEBUG    18/06 15:14:44   Running DIAMOND knowncluster searches..
INFO     18/06 15:14:44   Comparing regions to reference database
DEBUG    18/06 15:14:49   Checking if antismash.modules.lanthipeptides should be run
INFO     18/06 15:14:49   Running antismash.modules.lanthipeptides
DEBUG    18/06 15:14:49   Lanthipeptide module marked 0 motifs
DEBUG    18/06 15:14:49   Checking if antismash.modules.lassopeptides should be run
INFO     18/06 15:14:49   Running antismash.modules.lassopeptides
DEBUG    18/06 15:14:49   Lassopeptide module marked 0 motifs
DEBUG    18/06 15:14:49   Checking if antismash.modules.nrps_pks should be run
INFO     18/06 15:14:49   Running antismash.modules.nrps_pks
INFO     18/06 15:14:49   Predicting A domain substrate specificities with nrpys
INFO     18/06 15:14:49   Predicting NRPS C domain activity using active site motifs
INFO     18/06 15:14:51   Predicting CAL domain substrate specificities by Minowa et al. method
INFO     18/06 15:14:51   Predicting PKS KR activity and stereochemistry using KR fingerprints from Starcevic et al.
DEBUG    18/06 15:14:51   CandidateCluster 1 monomer ordering method: colinear
DEBUG    18/06 15:14:51   CandidateCluster 2 monomer ordering method: colinear
DEBUG    18/06 15:14:51   Checking if antismash.modules.pfam2go should be run
INFO     18/06 15:14:51   Running antismash.modules.pfam2go
DEBUG    18/06 15:14:51   Checking if antismash.modules.rrefinder should be run
INFO     18/06 15:14:51   Running antismash.modules.rrefinder
DEBUG    18/06 15:14:51   Checking if antismash.modules.sactipeptides should be run
INFO     18/06 15:14:51   Running antismash.modules.sactipeptides
DEBUG    18/06 15:14:51   Found no sactipeptide motifs
DEBUG    18/06 15:14:51   Checking if antismash.modules.t2pks should be run
INFO     18/06 15:14:51   Running antismash.modules.t2pks
DEBUG    18/06 15:14:51   No type II PKS clusters to analyze
DEBUG    18/06 15:14:51   Checking if antismash.modules.terpene should be run
INFO     18/06 15:14:51   Running antismash.modules.terpene
DEBUG    18/06 15:14:51   No terpene clusters to analyse
DEBUG    18/06 15:14:51   Checking if antismash.modules.tfbs_finder should be run
INFO     18/06 15:14:51   Running antismash.modules.tfbs_finder
DEBUG    18/06 15:14:52   Checking if antismash.modules.thiopeptides should be run
INFO     18/06 15:14:52   Running antismash.modules.thiopeptides
DEBUG    18/06 15:14:52   Thiopeptides marked 0 motifs
DEBUG    18/06 15:14:52   Checking if antismash.modules.tta should be run
INFO     18/06 15:14:52   Running antismash.modules.tta
INFO     18/06 15:14:52   Skipping TTA codon detection, GC content too low: 44%
INFO     18/06 15:14:52   Analysing record: 6D03_60
INFO     18/06 15:14:52   Detecting secondary metabolite clusters
DEBUG    18/06 15:14:52   Checking if antismash.detection.hmm_detection should be run
INFO     18/06 15:14:52   Running antismash.detection.hmm_detection
INFO     18/06 15:14:52   HMM detection using strictness: relaxed
DEBUG    18/06 15:14:53   0 rule-based cluster(s) found in record
DEBUG    18/06 15:14:53   0 protoclusters found
DEBUG    18/06 15:14:53   0 subregions found
INFO     18/06 15:14:53   No regions detected, skipping record
INFO     18/06 15:14:53   Analysing record: 6D03_61
INFO     18/06 15:14:53   Detecting secondary metabolite clusters
DEBUG    18/06 15:14:53   Checking if antismash.detection.hmm_detection should be run
INFO     18/06 15:14:53   Running antismash.detection.hmm_detection
INFO     18/06 15:14:53   HMM detection using strictness: relaxed
DEBUG    18/06 15:14:54   1 rule-based cluster(s) found in record
DEBUG    18/06 15:14:54   1 protoclusters found
DEBUG    18/06 15:14:54   0 subregions found
INFO     18/06 15:14:54   1 region(s) detected in record
DEBUG    18/06 15:14:54   Checking if antismash.detection.cluster_hmmer should be run
INFO     18/06 15:14:54   Running antismash.detection.cluster_hmmer
INFO     18/06 15:14:54   Running cluster PFAM search
DEBUG    18/06 15:15:00   Adding detection results from antismash.detection.cluster_hmmer to record
DEBUG    18/06 15:15:00   Checking if antismash.detection.genefunctions should be run
INFO     18/06 15:15:00   Running antismash.detection.genefunctions
DEBUG    18/06 15:15:01   Adding detection results from antismash.detection.genefunctions to record
DEBUG    18/06 15:15:01   annotating CDS features with extras info: 0 CDSes
DEBUG    18/06 15:15:01   annotating CDS features with halogenases info: 0 CDSes
DEBUG    18/06 15:15:01   annotating CDS features with MITE info: 0 CDSes
DEBUG    18/06 15:15:01   annotating CDS features with resist info: 0 CDSes
DEBUG    18/06 15:15:01   annotating CDS features with smcogs info: 3 CDSes
DEBUG    18/06 15:15:01   Checking if antismash.detection.nrps_pks_domains should be run
INFO     18/06 15:15:01   Running antismash.detection.nrps_pks_domains
DEBUG    18/06 15:15:01   Marking NRPS/PKS CDS features and domains in clusters
DEBUG    18/06 15:15:02   Adding detection results from antismash.detection.nrps_pks_domains to record
DEBUG    18/06 15:15:02   Checking if antismash.detection.tigrfam should be run
INFO     18/06 15:15:02   Running antismash.detection.tigrfam
INFO     18/06 15:15:02   Running TIGRFam search
DEBUG    18/06 15:15:04   Adding detection results from antismash.detection.tigrfam to record
DEBUG    18/06 15:15:04   Checking if antismash.modules.active_site_finder should be run
INFO     18/06 15:15:04   Running antismash.modules.active_site_finder
DEBUG    18/06 15:15:04   Checking if antismash.modules.cluster_compare should be run
INFO     18/06 15:15:04   Running antismash.modules.cluster_compare
DEBUG    18/06 15:15:04   Loading comparison database: MIBiG
DEBUG    18/06 15:15:04   Comparison database loaded
INFO     18/06 15:15:04   Comparing regions to reference database
DEBUG    18/06 15:15:06   Checking if antismash.modules.clusterblast should be run
INFO     18/06 15:15:06   Running antismash.modules.clusterblast
INFO     18/06 15:15:06   Running ClusterBlast
INFO     18/06 15:15:06   ClusterBlast: Loading gene cluster database into memory...
INFO     18/06 15:15:08   ClusterBlast: Loading gene cluster database proteins into memory...
INFO     18/06 15:15:37   Comparing regions to reference database
INFO     18/06 15:15:58   Running subcluster search
INFO     18/06 15:15:58   SubClusterBlast: Loading gene cluster database into memory...
INFO     18/06 15:15:58   SubClusterBlast: Loading gene cluster database proteins into memory...
INFO     18/06 15:15:59   Running known cluster search
INFO     18/06 15:15:59   KnownClusterBlast: Loading gene cluster database into memory...
INFO     18/06 15:15:59   KnownClusterBlast: Loading gene cluster database proteins into memory...
DEBUG    18/06 15:15:59   Running DIAMOND knowncluster searches..
INFO     18/06 15:15:59   Comparing regions to reference database
DEBUG    18/06 15:16:03   Checking if antismash.modules.lanthipeptides should be run
INFO     18/06 15:16:03   Running antismash.modules.lanthipeptides
DEBUG    18/06 15:16:03   Lanthipeptide module marked 0 motifs
DEBUG    18/06 15:16:04   Checking if antismash.modules.lassopeptides should be run
INFO     18/06 15:16:04   Running antismash.modules.lassopeptides
DEBUG    18/06 15:16:04   Lassopeptide module marked 0 motifs
DEBUG    18/06 15:16:04   Checking if antismash.modules.nrps_pks should be run
INFO     18/06 15:16:04   Running antismash.modules.nrps_pks
DEBUG    18/06 15:16:04   No NRPS or PKS genes found, skipping analysis
DEBUG    18/06 15:16:04   Checking if antismash.modules.pfam2go should be run
INFO     18/06 15:16:04   Running antismash.modules.pfam2go
DEBUG    18/06 15:16:04   Checking if antismash.modules.rrefinder should be run
INFO     18/06 15:16:04   Running antismash.modules.rrefinder
DEBUG    18/06 15:16:04   Building name mapping for HMMer database RREFam.hmm
DEBUG    18/06 15:16:04   Checking if antismash.modules.sactipeptides should be run
INFO     18/06 15:16:04   Running antismash.modules.sactipeptides
DEBUG    18/06 15:16:04   Found no sactipeptide motifs
DEBUG    18/06 15:16:04   Checking if antismash.modules.t2pks should be run
INFO     18/06 15:16:04   Running antismash.modules.t2pks
DEBUG    18/06 15:16:04   No type II PKS clusters to analyze
DEBUG    18/06 15:16:04   Checking if antismash.modules.terpene should be run
INFO     18/06 15:16:04   Running antismash.modules.terpene
DEBUG    18/06 15:16:04   No terpene clusters to analyse
DEBUG    18/06 15:16:04   Checking if antismash.modules.tfbs_finder should be run
INFO     18/06 15:16:04   Running antismash.modules.tfbs_finder
DEBUG    18/06 15:16:04   Checking if antismash.modules.thiopeptides should be run
INFO     18/06 15:16:04   Running antismash.modules.thiopeptides
DEBUG    18/06 15:16:04   Thiopeptides marked 0 motifs
DEBUG    18/06 15:16:04   Checking if antismash.modules.tta should be run
INFO     18/06 15:16:04   Running antismash.modules.tta
INFO     18/06 15:16:04   Skipping TTA codon detection, GC content too low: 43%
INFO     18/06 15:16:04   Analysing record: 6D03_62
INFO     18/06 15:16:04   Detecting secondary metabolite clusters
DEBUG    18/06 15:16:04   Checking if antismash.detection.hmm_detection should be run
INFO     18/06 15:16:04   Running antismash.detection.hmm_detection
INFO     18/06 15:16:04   HMM detection using strictness: relaxed
DEBUG    18/06 15:16:05   0 rule-based cluster(s) found in record
DEBUG    18/06 15:16:05   0 protoclusters found
DEBUG    18/06 15:16:05   0 subregions found
INFO     18/06 15:16:05   No regions detected, skipping record
INFO     18/06 15:16:05   Analysing record: 6D03_63
INFO     18/06 15:16:05   Detecting secondary metabolite clusters
DEBUG    18/06 15:16:05   Checking if antismash.detection.hmm_detection should be run
INFO     18/06 15:16:05   Running antismash.detection.hmm_detection
INFO     18/06 15:16:05   HMM detection using strictness: relaxed
DEBUG    18/06 15:16:07   0 rule-based cluster(s) found in record
DEBUG    18/06 15:16:07   0 protoclusters found
DEBUG    18/06 15:16:07   0 subregions found
INFO     18/06 15:16:07   No regions detected, skipping record
INFO     18/06 15:16:07   Analysing record: 6D03_64
INFO     18/06 15:16:07   Detecting secondary metabolite clusters
DEBUG    18/06 15:16:07   Checking if antismash.detection.hmm_detection should be run
INFO     18/06 15:16:07   Running antismash.detection.hmm_detection
INFO     18/06 15:16:07   HMM detection using strictness: relaxed
DEBUG    18/06 15:16:07   0 rule-based cluster(s) found in record
DEBUG    18/06 15:16:07   0 protoclusters found
DEBUG    18/06 15:16:07   0 subregions found
INFO     18/06 15:16:07   No regions detected, skipping record
INFO     18/06 15:16:07   Analysing record: 6D03_65
INFO     18/06 15:16:07   Detecting secondary metabolite clusters
DEBUG    18/06 15:16:07   Checking if antismash.detection.hmm_detection should be run
INFO     18/06 15:16:07   Running antismash.detection.hmm_detection
INFO     18/06 15:16:07   HMM detection using strictness: relaxed
DEBUG    18/06 15:16:08   0 rule-based cluster(s) found in record
DEBUG    18/06 15:16:08   0 protoclusters found
DEBUG    18/06 15:16:08   0 subregions found
INFO     18/06 15:16:08   No regions detected, skipping record
INFO     18/06 15:16:08   Analysing record: 6D03_66
INFO     18/06 15:16:08   Detecting secondary metabolite clusters
DEBUG    18/06 15:16:08   Checking if antismash.detection.hmm_detection should be run
INFO     18/06 15:16:08   Running antismash.detection.hmm_detection
INFO     18/06 15:16:08   HMM detection using strictness: relaxed
DEBUG    18/06 15:16:09   0 rule-based cluster(s) found in record
DEBUG    18/06 15:16:09   0 protoclusters found
DEBUG    18/06 15:16:09   0 subregions found
INFO     18/06 15:16:09   No regions detected, skipping record
INFO     18/06 15:16:09   Analysing record: 6D03_67
INFO     18/06 15:16:09   Detecting secondary metabolite clusters
DEBUG    18/06 15:16:09   Checking if antismash.detection.hmm_detection should be run
INFO     18/06 15:16:09   Running antismash.detection.hmm_detection
INFO     18/06 15:16:09   HMM detection using strictness: relaxed
DEBUG    18/06 15:16:09   0 rule-based cluster(s) found in record
DEBUG    18/06 15:16:09   0 protoclusters found
DEBUG    18/06 15:16:09   0 subregions found
INFO     18/06 15:16:09   No regions detected, skipping record
INFO     18/06 15:16:09   Analysing record: 6D03_68
INFO     18/06 15:16:09   Detecting secondary metabolite clusters
DEBUG    18/06 15:16:09   Checking if antismash.detection.hmm_detection should be run
INFO     18/06 15:16:09   Running antismash.detection.hmm_detection
INFO     18/06 15:16:09   HMM detection using strictness: relaxed
DEBUG    18/06 15:16:11   0 rule-based cluster(s) found in record
DEBUG    18/06 15:16:11   0 protoclusters found
DEBUG    18/06 15:16:11   0 subregions found
INFO     18/06 15:16:11   No regions detected, skipping record
INFO     18/06 15:16:11   Analysing record: 6D03_69
INFO     18/06 15:16:11   Detecting secondary metabolite clusters
DEBUG    18/06 15:16:11   Checking if antismash.detection.hmm_detection should be run
INFO     18/06 15:16:11   Running antismash.detection.hmm_detection
INFO     18/06 15:16:11   HMM detection using strictness: relaxed
DEBUG    18/06 15:16:12   1 rule-based cluster(s) found in record
DEBUG    18/06 15:16:12   1 protoclusters found
DEBUG    18/06 15:16:12   0 subregions found
INFO     18/06 15:16:12   1 region(s) detected in record
DEBUG    18/06 15:16:12   Checking if antismash.detection.cluster_hmmer should be run
INFO     18/06 15:16:12   Running antismash.detection.cluster_hmmer
INFO     18/06 15:16:12   Running cluster PFAM search
DEBUG    18/06 15:16:26   Adding detection results from antismash.detection.cluster_hmmer to record
DEBUG    18/06 15:16:26   Checking if antismash.detection.genefunctions should be run
INFO     18/06 15:16:26   Running antismash.detection.genefunctions
DEBUG    18/06 15:16:27   Adding detection results from antismash.detection.genefunctions to record
DEBUG    18/06 15:16:27   annotating CDS features with extras info: 0 CDSes
DEBUG    18/06 15:16:27   annotating CDS features with halogenases info: 0 CDSes
DEBUG    18/06 15:16:27   annotating CDS features with MITE info: 0 CDSes
DEBUG    18/06 15:16:27   annotating CDS features with resist info: 0 CDSes
DEBUG    18/06 15:16:27   annotating CDS features with smcogs info: 6 CDSes
DEBUG    18/06 15:16:27   Checking if antismash.detection.nrps_pks_domains should be run
INFO     18/06 15:16:27   Running antismash.detection.nrps_pks_domains
DEBUG    18/06 15:16:27   Marking NRPS/PKS CDS features and domains in clusters
DEBUG    18/06 15:16:27   Adding detection results from antismash.detection.nrps_pks_domains to record
DEBUG    18/06 15:16:27   Checking if antismash.detection.tigrfam should be run
INFO     18/06 15:16:27   Running antismash.detection.tigrfam
INFO     18/06 15:16:27   Running TIGRFam search
DEBUG    18/06 15:16:32   Adding detection results from antismash.detection.tigrfam to record
DEBUG    18/06 15:16:32   Checking if antismash.modules.active_site_finder should be run
INFO     18/06 15:16:32   Running antismash.modules.active_site_finder
DEBUG    18/06 15:16:32   Checking if antismash.modules.cluster_compare should be run
INFO     18/06 15:16:32   Running antismash.modules.cluster_compare
DEBUG    18/06 15:16:32   Loading comparison database: MIBiG
DEBUG    18/06 15:16:32   Comparison database loaded
INFO     18/06 15:16:32   Comparing regions to reference database
DEBUG    18/06 15:16:34   Checking if antismash.modules.clusterblast should be run
INFO     18/06 15:16:34   Running antismash.modules.clusterblast
INFO     18/06 15:16:34   Running ClusterBlast
INFO     18/06 15:16:34   ClusterBlast: Loading gene cluster database into memory...
INFO     18/06 15:16:37   ClusterBlast: Loading gene cluster database proteins into memory...
INFO     18/06 15:17:07   Comparing regions to reference database
INFO     18/06 15:17:30   Running subcluster search
INFO     18/06 15:17:30   SubClusterBlast: Loading gene cluster database into memory...
INFO     18/06 15:17:30   SubClusterBlast: Loading gene cluster database proteins into memory...
INFO     18/06 15:17:30   Running known cluster search
INFO     18/06 15:17:30   KnownClusterBlast: Loading gene cluster database into memory...
INFO     18/06 15:17:30   KnownClusterBlast: Loading gene cluster database proteins into memory...
DEBUG    18/06 15:17:31   Running DIAMOND knowncluster searches..
INFO     18/06 15:17:31   Comparing regions to reference database
DEBUG    18/06 15:17:35   Checking if antismash.modules.lanthipeptides should be run
INFO     18/06 15:17:35   Running antismash.modules.lanthipeptides
DEBUG    18/06 15:17:35   Lanthipeptide module marked 0 motifs
DEBUG    18/06 15:17:35   Checking if antismash.modules.lassopeptides should be run
INFO     18/06 15:17:35   Running antismash.modules.lassopeptides
DEBUG    18/06 15:17:35   Lassopeptide module marked 0 motifs
DEBUG    18/06 15:17:35   Checking if antismash.modules.nrps_pks should be run
INFO     18/06 15:17:35   Running antismash.modules.nrps_pks
INFO     18/06 15:17:35   Predicting A domain substrate specificities with nrpys
INFO     18/06 15:17:35   Predicting NRPS C domain activity using active site motifs
DEBUG    18/06 15:17:35   CandidateCluster 1 monomer ordering method: colinear
DEBUG    18/06 15:17:35   Checking if antismash.modules.pfam2go should be run
INFO     18/06 15:17:35   Running antismash.modules.pfam2go
DEBUG    18/06 15:17:35   Checking if antismash.modules.rrefinder should be run
INFO     18/06 15:17:35   Running antismash.modules.rrefinder
DEBUG    18/06 15:17:35   Checking if antismash.modules.sactipeptides should be run
INFO     18/06 15:17:35   Running antismash.modules.sactipeptides
DEBUG    18/06 15:17:35   Found no sactipeptide motifs
DEBUG    18/06 15:17:35   Checking if antismash.modules.t2pks should be run
INFO     18/06 15:17:35   Running antismash.modules.t2pks
DEBUG    18/06 15:17:35   No type II PKS clusters to analyze
DEBUG    18/06 15:17:35   Checking if antismash.modules.terpene should be run
INFO     18/06 15:17:35   Running antismash.modules.terpene
DEBUG    18/06 15:17:35   No terpene clusters to analyse
DEBUG    18/06 15:17:35   Checking if antismash.modules.tfbs_finder should be run
INFO     18/06 15:17:35   Running antismash.modules.tfbs_finder
DEBUG    18/06 15:17:36   Checking if antismash.modules.thiopeptides should be run
INFO     18/06 15:17:36   Running antismash.modules.thiopeptides
DEBUG    18/06 15:17:36   Thiopeptides marked 0 motifs
DEBUG    18/06 15:17:36   Checking if antismash.modules.tta should be run
INFO     18/06 15:17:36   Running antismash.modules.tta
INFO     18/06 15:17:36   Skipping TTA codon detection, GC content too low: 43%
INFO     18/06 15:17:36   Analysing record: 6D03_70
INFO     18/06 15:17:36   Detecting secondary metabolite clusters
DEBUG    18/06 15:17:36   Checking if antismash.detection.hmm_detection should be run
INFO     18/06 15:17:36   Running antismash.detection.hmm_detection
INFO     18/06 15:17:36   HMM detection using strictness: relaxed
DEBUG    18/06 15:17:37   0 rule-based cluster(s) found in record
DEBUG    18/06 15:17:37   0 protoclusters found
DEBUG    18/06 15:17:37   0 subregions found
INFO     18/06 15:17:37   No regions detected, skipping record
INFO     18/06 15:17:37   Analysing record: 6D03_71
INFO     18/06 15:17:37   Detecting secondary metabolite clusters
DEBUG    18/06 15:17:37   Checking if antismash.detection.hmm_detection should be run
INFO     18/06 15:17:37   Running antismash.detection.hmm_detection
INFO     18/06 15:17:37   HMM detection using strictness: relaxed
DEBUG    18/06 15:17:37   0 rule-based cluster(s) found in record
DEBUG    18/06 15:17:37   0 protoclusters found
DEBUG    18/06 15:17:37   0 subregions found
INFO     18/06 15:17:37   No regions detected, skipping record
INFO     18/06 15:17:37   Analysing record: 6D03_72
INFO     18/06 15:17:37   Detecting secondary metabolite clusters
DEBUG    18/06 15:17:37   Checking if antismash.detection.hmm_detection should be run
INFO     18/06 15:17:37   Running antismash.detection.hmm_detection
INFO     18/06 15:17:37   HMM detection using strictness: relaxed
DEBUG    18/06 15:17:37   0 rule-based cluster(s) found in record
DEBUG    18/06 15:17:37   0 protoclusters found
DEBUG    18/06 15:17:37   0 subregions found
INFO     18/06 15:17:37   No regions detected, skipping record
INFO     18/06 15:17:37   Writing results
DEBUG    18/06 15:17:37   Writing json results to '/data/antismash/upload/bacteria-abaa4d96-6934-453d-93b1-57d1869f2d81/6D03_short.json'
DEBUG    18/06 15:17:37   Record 6D03_1 has results for modules: hmm_detection
DEBUG    18/06 15:17:37   Converting antismash.detection.hmm_detection results to json
DEBUG    18/06 15:17:37   Record 6D03_2 has results for modules: hmm_detection
DEBUG    18/06 15:17:37   Converting antismash.detection.hmm_detection results to json
DEBUG    18/06 15:17:37   Record 6D03_3 has results for modules: hmm_detection, cluster_hmmer, genefunctions, nrps_pks_domains, tigrfam, active_site_finder, cluster_compare, clusterblast, lanthipeptides, lassopeptides, nrps_pks, pfam2go, rrefinder, sactipeptides, t2pks, terpene, tfbs_finder, thiopeptides
DEBUG    18/06 15:17:37   Converting antismash.detection.hmm_detection results to json
DEBUG    18/06 15:17:37   Converting antismash.detection.cluster_hmmer results to json
DEBUG    18/06 15:17:37   Converting antismash.detection.genefunctions results to json
DEBUG    18/06 15:17:37   Converting antismash.detection.nrps_pks_domains results to json
DEBUG    18/06 15:17:37   Converting antismash.detection.tigrfam results to json
DEBUG    18/06 15:17:37   Converting antismash.modules.active_site_finder results to json
DEBUG    18/06 15:17:37   Converting antismash.modules.cluster_compare results to json
DEBUG    18/06 15:17:37   Converting antismash.modules.clusterblast results to json
DEBUG    18/06 15:17:37   Converting antismash.modules.lanthipeptides results to json
DEBUG    18/06 15:17:37   Converting antismash.modules.lassopeptides results to json
DEBUG    18/06 15:17:37   Converting antismash.modules.nrps_pks results to json
DEBUG    18/06 15:17:37   Converting antismash.modules.pfam2go results to json
DEBUG    18/06 15:17:37   Converting antismash.modules.rrefinder results to json
DEBUG    18/06 15:17:37   Converting antismash.modules.sactipeptides results to json
DEBUG    18/06 15:17:37   Converting antismash.modules.t2pks results to json
DEBUG    18/06 15:17:37   Converting antismash.modules.terpene results to json
DEBUG    18/06 15:17:37   Converting antismash.modules.tfbs_finder results to json
DEBUG    18/06 15:17:37   Converting antismash.modules.thiopeptides results to json
DEBUG    18/06 15:17:37   Converting antismash.modules.tta results to json
DEBUG    18/06 15:17:37   Record 6D03_4 has results for modules: hmm_detection
DEBUG    18/06 15:17:37   Converting antismash.detection.hmm_detection results to json
DEBUG    18/06 15:17:37   Record 6D03_5 has results for modules: hmm_detection
DEBUG    18/06 15:17:37   Converting antismash.detection.hmm_detection results to json
DEBUG    18/06 15:17:37   Record 6D03_6 has results for modules: hmm_detection
DEBUG    18/06 15:17:37   Converting antismash.detection.hmm_detection results to json
DEBUG    18/06 15:17:37   Record 6D03_7 has results for modules: hmm_detection
DEBUG    18/06 15:17:37   Converting antismash.detection.hmm_detection results to json
DEBUG    18/06 15:17:37   Record 6D03_8 has results for modules: hmm_detection
DEBUG    18/06 15:17:37   Converting antismash.detection.hmm_detection results to json
DEBUG    18/06 15:17:37   Record 6D03_9 has results for modules: hmm_detection, cluster_hmmer, genefunctions, nrps_pks_domains, tigrfam, active_site_finder, cluster_compare, clusterblast, lanthipeptides, lassopeptides, nrps_pks, pfam2go, rrefinder, sactipeptides, t2pks, terpene, tfbs_finder, thiopeptides
DEBUG    18/06 15:17:37   Converting antismash.detection.hmm_detection results to json
DEBUG    18/06 15:17:37   Converting antismash.detection.cluster_hmmer results to json
DEBUG    18/06 15:17:37   Converting antismash.detection.genefunctions results to json
DEBUG    18/06 15:17:37   Converting antismash.detection.nrps_pks_domains results to json
DEBUG    18/06 15:17:37   Converting antismash.detection.tigrfam results to json
DEBUG    18/06 15:17:37   Converting antismash.modules.active_site_finder results to json
DEBUG    18/06 15:17:37   Converting antismash.modules.cluster_compare results to json
DEBUG    18/06 15:17:37   Converting antismash.modules.clusterblast results to json
DEBUG    18/06 15:17:37   Converting antismash.modules.lanthipeptides results to json
DEBUG    18/06 15:17:37   Converting antismash.modules.lassopeptides results to json
DEBUG    18/06 15:17:37   Converting antismash.modules.nrps_pks results to json
DEBUG    18/06 15:17:37   Converting antismash.modules.pfam2go results to json
DEBUG    18/06 15:17:37   Converting antismash.modules.rrefinder results to json
DEBUG    18/06 15:17:37   Converting antismash.modules.sactipeptides results to json
DEBUG    18/06 15:17:37   Converting antismash.modules.t2pks results to json
DEBUG    18/06 15:17:37   Converting antismash.modules.terpene results to json
DEBUG    18/06 15:17:37   Converting antismash.modules.tfbs_finder results to json
DEBUG    18/06 15:17:37   Converting antismash.modules.thiopeptides results to json
DEBUG    18/06 15:17:37   Converting antismash.modules.tta results to json
DEBUG    18/06 15:17:37   Record 6D03_10 has results for modules: hmm_detection, cluster_hmmer, genefunctions, nrps_pks_domains, tigrfam, active_site_finder, cluster_compare, clusterblast, lanthipeptides, lassopeptides, nrps_pks, pfam2go, rrefinder, sactipeptides, t2pks, terpene, tfbs_finder, thiopeptides
DEBUG    18/06 15:17:37   Converting antismash.detection.hmm_detection results to json
DEBUG    18/06 15:17:37   Converting antismash.detection.cluster_hmmer results to json
DEBUG    18/06 15:17:37   Converting antismash.detection.genefunctions results to json
DEBUG    18/06 15:17:37   Converting antismash.detection.nrps_pks_domains results to json
DEBUG    18/06 15:17:37   Converting antismash.detection.tigrfam results to json
DEBUG    18/06 15:17:37   Converting antismash.modules.active_site_finder results to json
DEBUG    18/06 15:17:37   Converting antismash.modules.cluster_compare results to json
DEBUG    18/06 15:17:37   Converting antismash.modules.clusterblast results to json
DEBUG    18/06 15:17:37   Converting antismash.modules.lanthipeptides results to json
DEBUG    18/06 15:17:37   Converting antismash.modules.lassopeptides results to json
DEBUG    18/06 15:17:37   Converting antismash.modules.nrps_pks results to json
DEBUG    18/06 15:17:37   Converting antismash.modules.pfam2go results to json
DEBUG    18/06 15:17:37   Converting antismash.modules.rrefinder results to json
DEBUG    18/06 15:17:37   Converting antismash.modules.sactipeptides results to json
DEBUG    18/06 15:17:37   Converting antismash.modules.t2pks results to json
DEBUG    18/06 15:17:37   Converting antismash.modules.terpene results to json
DEBUG    18/06 15:17:37   Converting antismash.modules.tfbs_finder results to json
DEBUG    18/06 15:17:37   Converting antismash.modules.thiopeptides results to json
DEBUG    18/06 15:17:37   Converting antismash.modules.tta results to json
DEBUG    18/06 15:17:37   Record 6D03_11 has results for modules: hmm_detection
DEBUG    18/06 15:17:37   Converting antismash.detection.hmm_detection results to json
DEBUG    18/06 15:17:37   Record 6D03_12 has results for modules: hmm_detection
DEBUG    18/06 15:17:37   Converting antismash.detection.hmm_detection results to json
DEBUG    18/06 15:17:37   Record 6D03_13 has results for modules: hmm_detection, cluster_hmmer, genefunctions, nrps_pks_domains, tigrfam, active_site_finder, cluster_compare, clusterblast, lanthipeptides, lassopeptides, nrps_pks, pfam2go, rrefinder, sactipeptides, t2pks, terpene, tfbs_finder, thiopeptides
DEBUG    18/06 15:17:37   Converting antismash.detection.hmm_detection results to json
DEBUG    18/06 15:17:37   Converting antismash.detection.cluster_hmmer results to json
DEBUG    18/06 15:17:37   Converting antismash.detection.genefunctions results to json
DEBUG    18/06 15:17:37   Converting antismash.detection.nrps_pks_domains results to json
DEBUG    18/06 15:17:37   Converting antismash.detection.tigrfam results to json
DEBUG    18/06 15:17:37   Converting antismash.modules.active_site_finder results to json
DEBUG    18/06 15:17:37   Converting antismash.modules.cluster_compare results to json
DEBUG    18/06 15:17:37   Converting antismash.modules.clusterblast results to json
DEBUG    18/06 15:17:37   Converting antismash.modules.lanthipeptides results to json
DEBUG    18/06 15:17:37   Converting antismash.modules.lassopeptides results to json
DEBUG    18/06 15:17:37   Converting antismash.modules.nrps_pks results to json
DEBUG    18/06 15:17:37   Converting antismash.modules.pfam2go results to json
DEBUG    18/06 15:17:37   Converting antismash.modules.rrefinder results to json
DEBUG    18/06 15:17:37   Converting antismash.modules.sactipeptides results to json
DEBUG    18/06 15:17:37   Converting antismash.modules.t2pks results to json
DEBUG    18/06 15:17:37   Converting antismash.modules.terpene results to json
DEBUG    18/06 15:17:37   Converting antismash.modules.tfbs_finder results to json
DEBUG    18/06 15:17:37   Converting antismash.modules.thiopeptides results to json
DEBUG    18/06 15:17:37   Converting antismash.modules.tta results to json
DEBUG    18/06 15:17:37   Record 6D03_14 has results for modules: hmm_detection
DEBUG    18/06 15:17:37   Converting antismash.detection.hmm_detection results to json
DEBUG    18/06 15:17:37   Record 6D03_15 has results for modules: hmm_detection
DEBUG    18/06 15:17:37   Converting antismash.detection.hmm_detection results to json
DEBUG    18/06 15:17:37   Record 6D03_16 has results for modules: hmm_detection
DEBUG    18/06 15:17:37   Converting antismash.detection.hmm_detection results to json
DEBUG    18/06 15:17:37   Record 6D03_17 has results for modules: hmm_detection
DEBUG    18/06 15:17:37   Converting antismash.detection.hmm_detection results to json
DEBUG    18/06 15:17:37   Record 6D03_18 has results for modules: hmm_detection
DEBUG    18/06 15:17:37   Converting antismash.detection.hmm_detection results to json
DEBUG    18/06 15:17:37   Record 6D03_19 has results for modules: hmm_detection
DEBUG    18/06 15:17:37   Converting antismash.detection.hmm_detection results to json
DEBUG    18/06 15:17:37   Record 6D03_20 has results for modules: hmm_detection
DEBUG    18/06 15:17:37   Converting antismash.detection.hmm_detection results to json
DEBUG    18/06 15:17:37   Record 6D03_21 has results for modules: hmm_detection
DEBUG    18/06 15:17:37   Converting antismash.detection.hmm_detection results to json
DEBUG    18/06 15:17:37   Record 6D03_22 has results for modules: hmm_detection, cluster_hmmer, genefunctions, nrps_pks_domains, tigrfam, active_site_finder, cluster_compare, clusterblast, lanthipeptides, lassopeptides, nrps_pks, pfam2go, rrefinder, sactipeptides, t2pks, terpene, tfbs_finder, thiopeptides
DEBUG    18/06 15:17:37   Converting antismash.detection.hmm_detection results to json
DEBUG    18/06 15:17:37   Converting antismash.detection.cluster_hmmer results to json
DEBUG    18/06 15:17:37   Converting antismash.detection.genefunctions results to json
DEBUG    18/06 15:17:37   Converting antismash.detection.nrps_pks_domains results to json
DEBUG    18/06 15:17:37   Converting antismash.detection.tigrfam results to json
DEBUG    18/06 15:17:37   Converting antismash.modules.active_site_finder results to json
DEBUG    18/06 15:17:37   Converting antismash.modules.cluster_compare results to json
DEBUG    18/06 15:17:37   Converting antismash.modules.clusterblast results to json
DEBUG    18/06 15:17:37   Converting antismash.modules.lanthipeptides results to json
DEBUG    18/06 15:17:37   Converting antismash.modules.lassopeptides results to json
DEBUG    18/06 15:17:37   Converting antismash.modules.nrps_pks results to json
DEBUG    18/06 15:17:37   Converting antismash.modules.pfam2go results to json
DEBUG    18/06 15:17:37   Converting antismash.modules.rrefinder results to json
DEBUG    18/06 15:17:37   Converting antismash.modules.sactipeptides results to json
DEBUG    18/06 15:17:37   Converting antismash.modules.t2pks results to json
DEBUG    18/06 15:17:37   Converting antismash.modules.terpene results to json
DEBUG    18/06 15:17:37   Converting antismash.modules.tfbs_finder results to json
DEBUG    18/06 15:17:37   Converting antismash.modules.thiopeptides results to json
DEBUG    18/06 15:17:37   Converting antismash.modules.tta results to json
DEBUG    18/06 15:17:37   Record 6D03_23 has results for modules: hmm_detection
DEBUG    18/06 15:17:37   Converting antismash.detection.hmm_detection results to json
DEBUG    18/06 15:17:37   Record 6D03_24 has results for modules: hmm_detection
DEBUG    18/06 15:17:37   Converting antismash.detection.hmm_detection results to json
DEBUG    18/06 15:17:37   Record 6D03_25 has results for modules: hmm_detection
DEBUG    18/06 15:17:37   Converting antismash.detection.hmm_detection results to json
DEBUG    18/06 15:17:37   Record 6D03_26 has results for modules: hmm_detection, cluster_hmmer, genefunctions, nrps_pks_domains, tigrfam, active_site_finder, cluster_compare, clusterblast, lanthipeptides, lassopeptides, nrps_pks, pfam2go, rrefinder, sactipeptides, t2pks, terpene, tfbs_finder, thiopeptides
DEBUG    18/06 15:17:37   Converting antismash.detection.hmm_detection results to json
DEBUG    18/06 15:17:37   Converting antismash.detection.cluster_hmmer results to json
DEBUG    18/06 15:17:37   Converting antismash.detection.genefunctions results to json
DEBUG    18/06 15:17:37   Converting antismash.detection.nrps_pks_domains results to json
DEBUG    18/06 15:17:37   Converting antismash.detection.tigrfam results to json
DEBUG    18/06 15:17:37   Converting antismash.modules.active_site_finder results to json
DEBUG    18/06 15:17:37   Converting antismash.modules.cluster_compare results to json
DEBUG    18/06 15:17:37   Converting antismash.modules.clusterblast results to json
DEBUG    18/06 15:17:37   Converting antismash.modules.lanthipeptides results to json
DEBUG    18/06 15:17:37   Converting antismash.modules.lassopeptides results to json
DEBUG    18/06 15:17:37   Converting antismash.modules.nrps_pks results to json
DEBUG    18/06 15:17:37   Converting antismash.modules.pfam2go results to json
DEBUG    18/06 15:17:37   Converting antismash.modules.rrefinder results to json
DEBUG    18/06 15:17:37   Converting antismash.modules.sactipeptides results to json
DEBUG    18/06 15:17:37   Converting antismash.modules.t2pks results to json
DEBUG    18/06 15:17:37   Converting antismash.modules.terpene results to json
DEBUG    18/06 15:17:37   Converting antismash.modules.tfbs_finder results to json
DEBUG    18/06 15:17:37   Converting antismash.modules.thiopeptides results to json
DEBUG    18/06 15:17:37   Converting antismash.modules.tta results to json
DEBUG    18/06 15:17:37   Record 6D03_27 has results for modules: hmm_detection
DEBUG    18/06 15:17:37   Converting antismash.detection.hmm_detection results to json
DEBUG    18/06 15:17:37   Record 6D03_28 has results for modules: hmm_detection
DEBUG    18/06 15:17:37   Converting antismash.detection.hmm_detection results to json
DEBUG    18/06 15:17:37   Record 6D03_29 has results for modules: hmm_detection
DEBUG    18/06 15:17:37   Converting antismash.detection.hmm_detection results to json
DEBUG    18/06 15:17:37   Record 6D03_30 has results for modules: hmm_detection
DEBUG    18/06 15:17:37   Converting antismash.detection.hmm_detection results to json
DEBUG    18/06 15:17:37   Record 6D03_31 has results for modules: hmm_detection
DEBUG    18/06 15:17:37   Converting antismash.detection.hmm_detection results to json
DEBUG    18/06 15:17:37   Record 6D03_32 has results for modules: hmm_detection
DEBUG    18/06 15:17:37   Converting antismash.detection.hmm_detection results to json
DEBUG    18/06 15:17:37   Record 6D03_33 has results for modules: hmm_detection, cluster_hmmer, genefunctions, nrps_pks_domains, tigrfam, active_site_finder, cluster_compare, clusterblast, lanthipeptides, lassopeptides, nrps_pks, pfam2go, rrefinder, sactipeptides, t2pks, terpene, tfbs_finder, thiopeptides
DEBUG    18/06 15:17:37   Converting antismash.detection.hmm_detection results to json
DEBUG    18/06 15:17:37   Converting antismash.detection.cluster_hmmer results to json
DEBUG    18/06 15:17:37   Converting antismash.detection.genefunctions results to json
DEBUG    18/06 15:17:37   Converting antismash.detection.nrps_pks_domains results to json
DEBUG    18/06 15:17:37   Converting antismash.detection.tigrfam results to json
DEBUG    18/06 15:17:37   Converting antismash.modules.active_site_finder results to json
DEBUG    18/06 15:17:37   Converting antismash.modules.cluster_compare results to json
DEBUG    18/06 15:17:37   Converting antismash.modules.clusterblast results to json
DEBUG    18/06 15:17:37   Converting antismash.modules.lanthipeptides results to json
DEBUG    18/06 15:17:37   Converting antismash.modules.lassopeptides results to json
DEBUG    18/06 15:17:37   Converting antismash.modules.nrps_pks results to json
DEBUG    18/06 15:17:37   Converting antismash.modules.pfam2go results to json
DEBUG    18/06 15:17:37   Converting antismash.modules.rrefinder results to json
DEBUG    18/06 15:17:37   Converting antismash.modules.sactipeptides results to json
DEBUG    18/06 15:17:37   Converting antismash.modules.t2pks results to json
DEBUG    18/06 15:17:37   Converting antismash.modules.terpene results to json
DEBUG    18/06 15:17:37   Converting antismash.modules.tfbs_finder results to json
DEBUG    18/06 15:17:37   Converting antismash.modules.thiopeptides results to json
DEBUG    18/06 15:17:37   Converting antismash.modules.tta results to json
DEBUG    18/06 15:17:37   Record 6D03_34 has results for modules: hmm_detection, cluster_hmmer, genefunctions, nrps_pks_domains, tigrfam, active_site_finder, cluster_compare, clusterblast, lanthipeptides, lassopeptides, nrps_pks, pfam2go, rrefinder, sactipeptides, t2pks, terpene, tfbs_finder, thiopeptides
DEBUG    18/06 15:17:37   Converting antismash.detection.hmm_detection results to json
DEBUG    18/06 15:17:37   Converting antismash.detection.cluster_hmmer results to json
DEBUG    18/06 15:17:37   Converting antismash.detection.genefunctions results to json
DEBUG    18/06 15:17:37   Converting antismash.detection.nrps_pks_domains results to json
DEBUG    18/06 15:17:37   Converting antismash.detection.tigrfam results to json
DEBUG    18/06 15:17:37   Converting antismash.modules.active_site_finder results to json
DEBUG    18/06 15:17:37   Converting antismash.modules.cluster_compare results to json
DEBUG    18/06 15:17:37   Converting antismash.modules.clusterblast results to json
DEBUG    18/06 15:17:37   Converting antismash.modules.lanthipeptides results to json
DEBUG    18/06 15:17:37   Converting antismash.modules.lassopeptides results to json
DEBUG    18/06 15:17:37   Converting antismash.modules.nrps_pks results to json
DEBUG    18/06 15:17:37   Converting antismash.modules.pfam2go results to json
DEBUG    18/06 15:17:37   Converting antismash.modules.rrefinder results to json
DEBUG    18/06 15:17:37   Converting antismash.modules.sactipeptides results to json
DEBUG    18/06 15:17:37   Converting antismash.modules.t2pks results to json
DEBUG    18/06 15:17:37   Converting antismash.modules.terpene results to json
DEBUG    18/06 15:17:37   Converting antismash.modules.tfbs_finder results to json
DEBUG    18/06 15:17:37   Converting antismash.modules.thiopeptides results to json
DEBUG    18/06 15:17:37   Converting antismash.modules.tta results to json
DEBUG    18/06 15:17:37   Record 6D03_35 has results for modules: hmm_detection
DEBUG    18/06 15:17:37   Converting antismash.detection.hmm_detection results to json
DEBUG    18/06 15:17:37   Record 6D03_36 has results for modules: hmm_detection
DEBUG    18/06 15:17:37   Converting antismash.detection.hmm_detection results to json
DEBUG    18/06 15:17:37   Record 6D03_37 has results for modules: hmm_detection
DEBUG    18/06 15:17:37   Converting antismash.detection.hmm_detection results to json
DEBUG    18/06 15:17:37   Record 6D03_38 has results for modules: hmm_detection
DEBUG    18/06 15:17:37   Converting antismash.detection.hmm_detection results to json
DEBUG    18/06 15:17:37   Record 6D03_39 has results for modules: hmm_detection
DEBUG    18/06 15:17:37   Converting antismash.detection.hmm_detection results to json
DEBUG    18/06 15:17:37   Record 6D03_40 has results for modules: hmm_detection
DEBUG    18/06 15:17:37   Converting antismash.detection.hmm_detection results to json
DEBUG    18/06 15:17:37   Record 6D03_41 has results for modules: hmm_detection
DEBUG    18/06 15:17:37   Converting antismash.detection.hmm_detection results to json
DEBUG    18/06 15:17:37   Record 6D03_42 has results for modules: hmm_detection, cluster_hmmer, genefunctions, nrps_pks_domains, tigrfam, active_site_finder, cluster_compare, clusterblast, lanthipeptides, lassopeptides, nrps_pks, pfam2go, rrefinder, sactipeptides, t2pks, terpene, tfbs_finder, thiopeptides
DEBUG    18/06 15:17:37   Converting antismash.detection.hmm_detection results to json
DEBUG    18/06 15:17:37   Converting antismash.detection.cluster_hmmer results to json
DEBUG    18/06 15:17:37   Converting antismash.detection.genefunctions results to json
DEBUG    18/06 15:17:37   Converting antismash.detection.nrps_pks_domains results to json
DEBUG    18/06 15:17:37   Converting antismash.detection.tigrfam results to json
DEBUG    18/06 15:17:37   Converting antismash.modules.active_site_finder results to json
DEBUG    18/06 15:17:37   Converting antismash.modules.cluster_compare results to json
DEBUG    18/06 15:17:37   Converting antismash.modules.clusterblast results to json
DEBUG    18/06 15:17:37   Converting antismash.modules.lanthipeptides results to json
DEBUG    18/06 15:17:37   Converting antismash.modules.lassopeptides results to json
DEBUG    18/06 15:17:37   Converting antismash.modules.nrps_pks results to json
DEBUG    18/06 15:17:37   Converting antismash.modules.pfam2go results to json
DEBUG    18/06 15:17:37   Converting antismash.modules.rrefinder results to json
DEBUG    18/06 15:17:37   Converting antismash.modules.sactipeptides results to json
DEBUG    18/06 15:17:37   Converting antismash.modules.t2pks results to json
DEBUG    18/06 15:17:37   Converting antismash.modules.terpene results to json
DEBUG    18/06 15:17:37   Converting antismash.modules.tfbs_finder results to json
DEBUG    18/06 15:17:37   Converting antismash.modules.thiopeptides results to json
DEBUG    18/06 15:17:37   Converting antismash.modules.tta results to json
DEBUG    18/06 15:17:37   Record 6D03_43 has results for modules: hmm_detection
DEBUG    18/06 15:17:37   Converting antismash.detection.hmm_detection results to json
DEBUG    18/06 15:17:37   Record 6D03_44 has results for modules: hmm_detection
DEBUG    18/06 15:17:37   Converting antismash.detection.hmm_detection results to json
DEBUG    18/06 15:17:37   Record 6D03_45 has results for modules: hmm_detection
DEBUG    18/06 15:17:37   Converting antismash.detection.hmm_detection results to json
DEBUG    18/06 15:17:38   Record 6D03_46 has results for modules: hmm_detection
DEBUG    18/06 15:17:38   Converting antismash.detection.hmm_detection results to json
DEBUG    18/06 15:17:38   Record 6D03_47 has results for modules: hmm_detection
DEBUG    18/06 15:17:38   Converting antismash.detection.hmm_detection results to json
DEBUG    18/06 15:17:38   Record 6D03_48 has results for modules: hmm_detection
DEBUG    18/06 15:17:38   Converting antismash.detection.hmm_detection results to json
DEBUG    18/06 15:17:38   Record 6D03_49 has results for modules: hmm_detection
DEBUG    18/06 15:17:38   Converting antismash.detection.hmm_detection results to json
DEBUG    18/06 15:17:38   Record 6D03_50 has results for modules: hmm_detection
DEBUG    18/06 15:17:38   Converting antismash.detection.hmm_detection results to json
DEBUG    18/06 15:17:38   Record 6D03_51 has results for modules: hmm_detection
DEBUG    18/06 15:17:38   Converting antismash.detection.hmm_detection results to json
DEBUG    18/06 15:17:38   Record 6D03_52 has results for modules: hmm_detection, cluster_hmmer, genefunctions, nrps_pks_domains, tigrfam, active_site_finder, cluster_compare, clusterblast, lanthipeptides, lassopeptides, nrps_pks, pfam2go, rrefinder, sactipeptides, t2pks, terpene, tfbs_finder, thiopeptides
DEBUG    18/06 15:17:38   Converting antismash.detection.hmm_detection results to json
DEBUG    18/06 15:17:38   Converting antismash.detection.cluster_hmmer results to json
DEBUG    18/06 15:17:38   Converting antismash.detection.genefunctions results to json
DEBUG    18/06 15:17:38   Converting antismash.detection.nrps_pks_domains results to json
DEBUG    18/06 15:17:38   Converting antismash.detection.tigrfam results to json
DEBUG    18/06 15:17:38   Converting antismash.modules.active_site_finder results to json
DEBUG    18/06 15:17:38   Converting antismash.modules.cluster_compare results to json
DEBUG    18/06 15:17:38   Converting antismash.modules.clusterblast results to json
DEBUG    18/06 15:17:38   Converting antismash.modules.lanthipeptides results to json
DEBUG    18/06 15:17:38   Converting antismash.modules.lassopeptides results to json
DEBUG    18/06 15:17:38   Converting antismash.modules.nrps_pks results to json
DEBUG    18/06 15:17:38   Converting antismash.modules.pfam2go results to json
DEBUG    18/06 15:17:38   Converting antismash.modules.rrefinder results to json
DEBUG    18/06 15:17:38   Converting antismash.modules.sactipeptides results to json
DEBUG    18/06 15:17:38   Converting antismash.modules.t2pks results to json
DEBUG    18/06 15:17:38   Converting antismash.modules.terpene results to json
DEBUG    18/06 15:17:38   Converting antismash.modules.tfbs_finder results to json
DEBUG    18/06 15:17:38   Converting antismash.modules.thiopeptides results to json
DEBUG    18/06 15:17:38   Converting antismash.modules.tta results to json
DEBUG    18/06 15:17:38   Record 6D03_53 has results for modules: hmm_detection
DEBUG    18/06 15:17:38   Converting antismash.detection.hmm_detection results to json
DEBUG    18/06 15:17:38   Record 6D03_54 has results for modules: hmm_detection, cluster_hmmer, genefunctions, nrps_pks_domains, tigrfam, active_site_finder, cluster_compare, clusterblast, lanthipeptides, lassopeptides, nrps_pks, pfam2go, rrefinder, sactipeptides, t2pks, terpene, tfbs_finder, thiopeptides
DEBUG    18/06 15:17:38   Converting antismash.detection.hmm_detection results to json
DEBUG    18/06 15:17:38   Converting antismash.detection.cluster_hmmer results to json
DEBUG    18/06 15:17:38   Converting antismash.detection.genefunctions results to json
DEBUG    18/06 15:17:38   Converting antismash.detection.nrps_pks_domains results to json
DEBUG    18/06 15:17:38   Converting antismash.detection.tigrfam results to json
DEBUG    18/06 15:17:38   Converting antismash.modules.active_site_finder results to json
DEBUG    18/06 15:17:38   Converting antismash.modules.cluster_compare results to json
DEBUG    18/06 15:17:38   Converting antismash.modules.clusterblast results to json
DEBUG    18/06 15:17:38   Converting antismash.modules.lanthipeptides results to json
DEBUG    18/06 15:17:38   Converting antismash.modules.lassopeptides results to json
DEBUG    18/06 15:17:38   Converting antismash.modules.nrps_pks results to json
DEBUG    18/06 15:17:38   Converting antismash.modules.pfam2go results to json
DEBUG    18/06 15:17:38   Converting antismash.modules.rrefinder results to json
DEBUG    18/06 15:17:38   Converting antismash.modules.sactipeptides results to json
DEBUG    18/06 15:17:38   Converting antismash.modules.t2pks results to json
DEBUG    18/06 15:17:38   Converting antismash.modules.terpene results to json
DEBUG    18/06 15:17:38   Converting antismash.modules.tfbs_finder results to json
DEBUG    18/06 15:17:38   Converting antismash.modules.thiopeptides results to json
DEBUG    18/06 15:17:38   Converting antismash.modules.tta results to json
DEBUG    18/06 15:17:38   Record 6D03_55 has results for modules: hmm_detection, cluster_hmmer, genefunctions, nrps_pks_domains, tigrfam, active_site_finder, cluster_compare, clusterblast, lanthipeptides, lassopeptides, nrps_pks, pfam2go, rrefinder, sactipeptides, t2pks, terpene, tfbs_finder, thiopeptides
DEBUG    18/06 15:17:38   Converting antismash.detection.hmm_detection results to json
DEBUG    18/06 15:17:38   Converting antismash.detection.cluster_hmmer results to json
DEBUG    18/06 15:17:38   Converting antismash.detection.genefunctions results to json
DEBUG    18/06 15:17:38   Converting antismash.detection.nrps_pks_domains results to json
DEBUG    18/06 15:17:38   Converting antismash.detection.tigrfam results to json
DEBUG    18/06 15:17:38   Converting antismash.modules.active_site_finder results to json
DEBUG    18/06 15:17:38   Converting antismash.modules.cluster_compare results to json
DEBUG    18/06 15:17:38   Converting antismash.modules.clusterblast results to json
DEBUG    18/06 15:17:38   Converting antismash.modules.lanthipeptides results to json
DEBUG    18/06 15:17:38   Converting antismash.modules.lassopeptides results to json
DEBUG    18/06 15:17:38   Converting antismash.modules.nrps_pks results to json
DEBUG    18/06 15:17:38   Converting antismash.modules.pfam2go results to json
DEBUG    18/06 15:17:38   Converting antismash.modules.rrefinder results to json
DEBUG    18/06 15:17:38   Converting antismash.modules.sactipeptides results to json
DEBUG    18/06 15:17:38   Converting antismash.modules.t2pks results to json
DEBUG    18/06 15:17:38   Converting antismash.modules.terpene results to json
DEBUG    18/06 15:17:38   Converting antismash.modules.tfbs_finder results to json
DEBUG    18/06 15:17:38   Converting antismash.modules.thiopeptides results to json
DEBUG    18/06 15:17:38   Converting antismash.modules.tta results to json
DEBUG    18/06 15:17:38   Record 6D03_56 has results for modules: hmm_detection
DEBUG    18/06 15:17:38   Converting antismash.detection.hmm_detection results to json
DEBUG    18/06 15:17:38   Record 6D03_57 has results for modules: hmm_detection
DEBUG    18/06 15:17:38   Converting antismash.detection.hmm_detection results to json
DEBUG    18/06 15:17:38   Record 6D03_58 has results for modules: hmm_detection, cluster_hmmer, genefunctions, nrps_pks_domains, tigrfam, active_site_finder, cluster_compare, clusterblast, lanthipeptides, lassopeptides, nrps_pks, pfam2go, rrefinder, sactipeptides, t2pks, terpene, tfbs_finder, thiopeptides
DEBUG    18/06 15:17:38   Converting antismash.detection.hmm_detection results to json
DEBUG    18/06 15:17:38   Converting antismash.detection.cluster_hmmer results to json
DEBUG    18/06 15:17:38   Converting antismash.detection.genefunctions results to json
DEBUG    18/06 15:17:38   Converting antismash.detection.nrps_pks_domains results to json
DEBUG    18/06 15:17:38   Converting antismash.detection.tigrfam results to json
DEBUG    18/06 15:17:38   Converting antismash.modules.active_site_finder results to json
DEBUG    18/06 15:17:38   Converting antismash.modules.cluster_compare results to json
DEBUG    18/06 15:17:38   Converting antismash.modules.clusterblast results to json
DEBUG    18/06 15:17:38   Converting antismash.modules.lanthipeptides results to json
DEBUG    18/06 15:17:38   Converting antismash.modules.lassopeptides results to json
DEBUG    18/06 15:17:38   Converting antismash.modules.nrps_pks results to json
DEBUG    18/06 15:17:38   Converting antismash.modules.pfam2go results to json
DEBUG    18/06 15:17:38   Converting antismash.modules.rrefinder results to json
DEBUG    18/06 15:17:38   Converting antismash.modules.sactipeptides results to json
DEBUG    18/06 15:17:38   Converting antismash.modules.t2pks results to json
DEBUG    18/06 15:17:38   Converting antismash.modules.terpene results to json
DEBUG    18/06 15:17:38   Converting antismash.modules.tfbs_finder results to json
DEBUG    18/06 15:17:38   Converting antismash.modules.thiopeptides results to json
DEBUG    18/06 15:17:38   Converting antismash.modules.tta results to json
DEBUG    18/06 15:17:38   Record 6D03_59 has results for modules: hmm_detection, cluster_hmmer, genefunctions, nrps_pks_domains, tigrfam, active_site_finder, cluster_compare, clusterblast, lanthipeptides, lassopeptides, nrps_pks, pfam2go, rrefinder, sactipeptides, t2pks, terpene, tfbs_finder, thiopeptides
DEBUG    18/06 15:17:38   Converting antismash.detection.hmm_detection results to json
DEBUG    18/06 15:17:38   Converting antismash.detection.cluster_hmmer results to json
DEBUG    18/06 15:17:38   Converting antismash.detection.genefunctions results to json
DEBUG    18/06 15:17:38   Converting antismash.detection.nrps_pks_domains results to json
DEBUG    18/06 15:17:38   Converting antismash.detection.tigrfam results to json
DEBUG    18/06 15:17:38   Converting antismash.modules.active_site_finder results to json
DEBUG    18/06 15:17:38   Converting antismash.modules.cluster_compare results to json
DEBUG    18/06 15:17:38   Converting antismash.modules.clusterblast results to json
DEBUG    18/06 15:17:38   Converting antismash.modules.lanthipeptides results to json
DEBUG    18/06 15:17:38   Converting antismash.modules.lassopeptides results to json
DEBUG    18/06 15:17:38   Converting antismash.modules.nrps_pks results to json
DEBUG    18/06 15:17:38   Converting antismash.modules.pfam2go results to json
DEBUG    18/06 15:17:38   Converting antismash.modules.rrefinder results to json
DEBUG    18/06 15:17:38   Converting antismash.modules.sactipeptides results to json
DEBUG    18/06 15:17:38   Converting antismash.modules.t2pks results to json
DEBUG    18/06 15:17:38   Converting antismash.modules.terpene results to json
DEBUG    18/06 15:17:38   Converting antismash.modules.tfbs_finder results to json
DEBUG    18/06 15:17:38   Converting antismash.modules.thiopeptides results to json
DEBUG    18/06 15:17:38   Converting antismash.modules.tta results to json
DEBUG    18/06 15:17:38   Record 6D03_60 has results for modules: hmm_detection
DEBUG    18/06 15:17:38   Converting antismash.detection.hmm_detection results to json
DEBUG    18/06 15:17:38   Record 6D03_61 has results for modules: hmm_detection, cluster_hmmer, genefunctions, nrps_pks_domains, tigrfam, active_site_finder, cluster_compare, clusterblast, lanthipeptides, lassopeptides, nrps_pks, pfam2go, rrefinder, sactipeptides, t2pks, terpene, tfbs_finder, thiopeptides
DEBUG    18/06 15:17:38   Converting antismash.detection.hmm_detection results to json
DEBUG    18/06 15:17:38   Converting antismash.detection.cluster_hmmer results to json
DEBUG    18/06 15:17:38   Converting antismash.detection.genefunctions results to json
DEBUG    18/06 15:17:38   Converting antismash.detection.nrps_pks_domains results to json
DEBUG    18/06 15:17:38   Converting antismash.detection.tigrfam results to json
DEBUG    18/06 15:17:38   Converting antismash.modules.active_site_finder results to json
DEBUG    18/06 15:17:38   Converting antismash.modules.cluster_compare results to json
DEBUG    18/06 15:17:38   Converting antismash.modules.clusterblast results to json
DEBUG    18/06 15:17:38   Converting antismash.modules.lanthipeptides results to json
DEBUG    18/06 15:17:38   Converting antismash.modules.lassopeptides results to json
DEBUG    18/06 15:17:38   Converting antismash.modules.nrps_pks results to json
DEBUG    18/06 15:17:38   Converting antismash.modules.pfam2go results to json
DEBUG    18/06 15:17:38   Converting antismash.modules.rrefinder results to json
DEBUG    18/06 15:17:38   Converting antismash.modules.sactipeptides results to json
DEBUG    18/06 15:17:38   Converting antismash.modules.t2pks results to json
DEBUG    18/06 15:17:38   Converting antismash.modules.terpene results to json
DEBUG    18/06 15:17:38   Converting antismash.modules.tfbs_finder results to json
DEBUG    18/06 15:17:38   Converting antismash.modules.thiopeptides results to json
DEBUG    18/06 15:17:38   Converting antismash.modules.tta results to json
DEBUG    18/06 15:17:38   Record 6D03_62 has results for modules: hmm_detection
DEBUG    18/06 15:17:38   Converting antismash.detection.hmm_detection results to json
DEBUG    18/06 15:17:38   Record 6D03_63 has results for modules: hmm_detection
DEBUG    18/06 15:17:38   Converting antismash.detection.hmm_detection results to json
DEBUG    18/06 15:17:38   Record 6D03_64 has results for modules: hmm_detection
DEBUG    18/06 15:17:38   Converting antismash.detection.hmm_detection results to json
DEBUG    18/06 15:17:38   Record 6D03_65 has results for modules: hmm_detection
DEBUG    18/06 15:17:38   Converting antismash.detection.hmm_detection results to json
DEBUG    18/06 15:17:38   Record 6D03_66 has results for modules: hmm_detection
DEBUG    18/06 15:17:38   Converting antismash.detection.hmm_detection results to json
DEBUG    18/06 15:17:38   Record 6D03_67 has results for modules: hmm_detection
DEBUG    18/06 15:17:38   Converting antismash.detection.hmm_detection results to json
DEBUG    18/06 15:17:38   Record 6D03_68 has results for modules: hmm_detection
DEBUG    18/06 15:17:38   Converting antismash.detection.hmm_detection results to json
DEBUG    18/06 15:17:38   Record 6D03_69 has results for modules: hmm_detection, cluster_hmmer, genefunctions, nrps_pks_domains, tigrfam, active_site_finder, cluster_compare, clusterblast, lanthipeptides, lassopeptides, nrps_pks, pfam2go, rrefinder, sactipeptides, t2pks, terpene, tfbs_finder, thiopeptides
DEBUG    18/06 15:17:38   Converting antismash.detection.hmm_detection results to json
DEBUG    18/06 15:17:38   Converting antismash.detection.cluster_hmmer results to json
DEBUG    18/06 15:17:38   Converting antismash.detection.genefunctions results to json
DEBUG    18/06 15:17:38   Converting antismash.detection.nrps_pks_domains results to json
DEBUG    18/06 15:17:38   Converting antismash.detection.tigrfam results to json
DEBUG    18/06 15:17:38   Converting antismash.modules.active_site_finder results to json
DEBUG    18/06 15:17:38   Converting antismash.modules.cluster_compare results to json
DEBUG    18/06 15:17:38   Converting antismash.modules.clusterblast results to json
DEBUG    18/06 15:17:38   Converting antismash.modules.lanthipeptides results to json
DEBUG    18/06 15:17:38   Converting antismash.modules.lassopeptides results to json
DEBUG    18/06 15:17:38   Converting antismash.modules.nrps_pks results to json
DEBUG    18/06 15:17:38   Converting antismash.modules.pfam2go results to json
DEBUG    18/06 15:17:38   Converting antismash.modules.rrefinder results to json
DEBUG    18/06 15:17:38   Converting antismash.modules.sactipeptides results to json
DEBUG    18/06 15:17:38   Converting antismash.modules.t2pks results to json
DEBUG    18/06 15:17:38   Converting antismash.modules.terpene results to json
DEBUG    18/06 15:17:38   Converting antismash.modules.tfbs_finder results to json
DEBUG    18/06 15:17:38   Converting antismash.modules.thiopeptides results to json
DEBUG    18/06 15:17:38   Converting antismash.modules.tta results to json
DEBUG    18/06 15:17:38   Record 6D03_70 has results for modules: hmm_detection
DEBUG    18/06 15:17:38   Converting antismash.detection.hmm_detection results to json
DEBUG    18/06 15:17:38   Record 6D03_71 has results for modules: hmm_detection
DEBUG    18/06 15:17:38   Converting antismash.detection.hmm_detection results to json
DEBUG    18/06 15:17:38   Record 6D03_72 has results for modules: hmm_detection
DEBUG    18/06 15:17:38   Converting antismash.detection.hmm_detection results to json
DEBUG    18/06 15:17:38   Not annotating skipped record 6D03_1: No regions detected
DEBUG    18/06 15:17:38   Not annotating skipped record 6D03_2: No regions detected
DEBUG    18/06 15:17:38   Annotating record 6D03_3 with results from: hmm_detection, cluster_hmmer, genefunctions, nrps_pks_domains, tigrfam, active_site_finder, cluster_compare, clusterblast, lanthipeptides, lassopeptides, nrps_pks, pfam2go, rrefinder, sactipeptides, t2pks, terpene, tfbs_finder, thiopeptides, tta
DEBUG    18/06 15:17:38    Adding results from antismash.modules.active_site_finder
DEBUG    18/06 15:17:38    Adding results from antismash.modules.cluster_compare
DEBUG    18/06 15:17:38    Adding results from antismash.modules.clusterblast
DEBUG    18/06 15:17:38    Adding results from antismash.modules.lanthipeptides
DEBUG    18/06 15:17:38    Adding results from antismash.modules.lassopeptides
DEBUG    18/06 15:17:38    Adding results from antismash.modules.nrps_pks
DEBUG    18/06 15:17:38    Adding results from antismash.modules.pfam2go
DEBUG    18/06 15:17:38    Adding results from antismash.modules.rrefinder
DEBUG    18/06 15:17:38    Adding results from antismash.modules.sactipeptides
DEBUG    18/06 15:17:38    Adding results from antismash.modules.t2pks
DEBUG    18/06 15:17:38    Adding results from antismash.modules.terpene
DEBUG    18/06 15:17:38    Adding results from antismash.modules.tfbs_finder
DEBUG    18/06 15:17:38    Adding results from antismash.modules.thiopeptides
DEBUG    18/06 15:17:38    Adding results from antismash.modules.tta
DEBUG    18/06 15:17:38   Not annotating skipped record 6D03_4: No regions detected
DEBUG    18/06 15:17:38   Not annotating skipped record 6D03_5: No regions detected
DEBUG    18/06 15:17:38   Not annotating skipped record 6D03_6: No regions detected
DEBUG    18/06 15:17:38   Not annotating skipped record 6D03_7: No regions detected
DEBUG    18/06 15:17:38   Not annotating skipped record 6D03_8: No regions detected
DEBUG    18/06 15:17:38   Annotating record 6D03_9 with results from: hmm_detection, cluster_hmmer, genefunctions, nrps_pks_domains, tigrfam, active_site_finder, cluster_compare, clusterblast, lanthipeptides, lassopeptides, nrps_pks, pfam2go, rrefinder, sactipeptides, t2pks, terpene, tfbs_finder, thiopeptides, tta
DEBUG    18/06 15:17:38    Adding results from antismash.modules.active_site_finder
DEBUG    18/06 15:17:38    Adding results from antismash.modules.cluster_compare
DEBUG    18/06 15:17:38    Adding results from antismash.modules.clusterblast
DEBUG    18/06 15:17:38    Adding results from antismash.modules.lanthipeptides
DEBUG    18/06 15:17:38    Adding results from antismash.modules.lassopeptides
DEBUG    18/06 15:17:38    Adding results from antismash.modules.nrps_pks
DEBUG    18/06 15:17:38    Adding results from antismash.modules.pfam2go
DEBUG    18/06 15:17:38    Adding results from antismash.modules.rrefinder
DEBUG    18/06 15:17:38    Adding results from antismash.modules.sactipeptides
DEBUG    18/06 15:17:38    Adding results from antismash.modules.t2pks
DEBUG    18/06 15:17:38    Adding results from antismash.modules.terpene
DEBUG    18/06 15:17:38    Adding results from antismash.modules.tfbs_finder
DEBUG    18/06 15:17:38    Adding results from antismash.modules.thiopeptides
DEBUG    18/06 15:17:38    Adding results from antismash.modules.tta
DEBUG    18/06 15:17:38   Annotating record 6D03_10 with results from: hmm_detection, cluster_hmmer, genefunctions, nrps_pks_domains, tigrfam, active_site_finder, cluster_compare, clusterblast, lanthipeptides, lassopeptides, nrps_pks, pfam2go, rrefinder, sactipeptides, t2pks, terpene, tfbs_finder, thiopeptides, tta
DEBUG    18/06 15:17:38    Adding results from antismash.modules.active_site_finder
DEBUG    18/06 15:17:38    Adding results from antismash.modules.cluster_compare
DEBUG    18/06 15:17:38    Adding results from antismash.modules.clusterblast
DEBUG    18/06 15:17:38    Adding results from antismash.modules.lanthipeptides
DEBUG    18/06 15:17:38    Adding results from antismash.modules.lassopeptides
DEBUG    18/06 15:17:38    Adding results from antismash.modules.nrps_pks
DEBUG    18/06 15:17:38    Adding results from antismash.modules.pfam2go
DEBUG    18/06 15:17:38    Adding results from antismash.modules.rrefinder
DEBUG    18/06 15:17:38    Adding results from antismash.modules.sactipeptides
DEBUG    18/06 15:17:38    Adding results from antismash.modules.t2pks
DEBUG    18/06 15:17:38    Adding results from antismash.modules.terpene
DEBUG    18/06 15:17:38    Adding results from antismash.modules.tfbs_finder
DEBUG    18/06 15:17:38    Adding results from antismash.modules.thiopeptides
DEBUG    18/06 15:17:38    Adding results from antismash.modules.tta
DEBUG    18/06 15:17:38   Not annotating skipped record 6D03_11: No regions detected
DEBUG    18/06 15:17:38   Not annotating skipped record 6D03_12: No regions detected
DEBUG    18/06 15:17:38   Annotating record 6D03_13 with results from: hmm_detection, cluster_hmmer, genefunctions, nrps_pks_domains, tigrfam, active_site_finder, cluster_compare, clusterblast, lanthipeptides, lassopeptides, nrps_pks, pfam2go, rrefinder, sactipeptides, t2pks, terpene, tfbs_finder, thiopeptides, tta
DEBUG    18/06 15:17:38    Adding results from antismash.modules.active_site_finder
DEBUG    18/06 15:17:38    Adding results from antismash.modules.cluster_compare
DEBUG    18/06 15:17:38    Adding results from antismash.modules.clusterblast
DEBUG    18/06 15:17:38    Adding results from antismash.modules.lanthipeptides
DEBUG    18/06 15:17:38    Adding results from antismash.modules.lassopeptides
DEBUG    18/06 15:17:38    Adding results from antismash.modules.nrps_pks
DEBUG    18/06 15:17:38    Adding results from antismash.modules.pfam2go
DEBUG    18/06 15:17:38    Adding results from antismash.modules.rrefinder
DEBUG    18/06 15:17:38    Adding results from antismash.modules.sactipeptides
DEBUG    18/06 15:17:38    Adding results from antismash.modules.t2pks
DEBUG    18/06 15:17:38    Adding results from antismash.modules.terpene
DEBUG    18/06 15:17:38    Adding results from antismash.modules.tfbs_finder
DEBUG    18/06 15:17:38    Adding results from antismash.modules.thiopeptides
DEBUG    18/06 15:17:38    Adding results from antismash.modules.tta
DEBUG    18/06 15:17:38   Not annotating skipped record 6D03_14: No regions detected
DEBUG    18/06 15:17:38   Not annotating skipped record 6D03_15: No regions detected
DEBUG    18/06 15:17:38   Not annotating skipped record 6D03_16: No regions detected
DEBUG    18/06 15:17:38   Not annotating skipped record 6D03_17: No regions detected
DEBUG    18/06 15:17:38   Not annotating skipped record 6D03_18: No regions detected
DEBUG    18/06 15:17:38   Not annotating skipped record 6D03_19: No regions detected
DEBUG    18/06 15:17:38   Not annotating skipped record 6D03_20: No regions detected
DEBUG    18/06 15:17:38   Not annotating skipped record 6D03_21: No regions detected
DEBUG    18/06 15:17:38   Annotating record 6D03_22 with results from: hmm_detection, cluster_hmmer, genefunctions, nrps_pks_domains, tigrfam, active_site_finder, cluster_compare, clusterblast, lanthipeptides, lassopeptides, nrps_pks, pfam2go, rrefinder, sactipeptides, t2pks, terpene, tfbs_finder, thiopeptides, tta
DEBUG    18/06 15:17:38    Adding results from antismash.modules.active_site_finder
DEBUG    18/06 15:17:38    Adding results from antismash.modules.cluster_compare
DEBUG    18/06 15:17:38    Adding results from antismash.modules.clusterblast
DEBUG    18/06 15:17:38    Adding results from antismash.modules.lanthipeptides
DEBUG    18/06 15:17:38    Adding results from antismash.modules.lassopeptides
DEBUG    18/06 15:17:38    Adding results from antismash.modules.nrps_pks
DEBUG    18/06 15:17:38    Adding results from antismash.modules.pfam2go
DEBUG    18/06 15:17:38    Adding results from antismash.modules.rrefinder
DEBUG    18/06 15:17:38    Adding results from antismash.modules.sactipeptides
DEBUG    18/06 15:17:38    Adding results from antismash.modules.t2pks
DEBUG    18/06 15:17:38    Adding results from antismash.modules.terpene
DEBUG    18/06 15:17:38    Adding results from antismash.modules.tfbs_finder
DEBUG    18/06 15:17:38    Adding results from antismash.modules.thiopeptides
DEBUG    18/06 15:17:38    Adding results from antismash.modules.tta
DEBUG    18/06 15:17:38   Not annotating skipped record 6D03_23: No regions detected
DEBUG    18/06 15:17:38   Not annotating skipped record 6D03_24: No regions detected
DEBUG    18/06 15:17:38   Not annotating skipped record 6D03_25: No regions detected
DEBUG    18/06 15:17:38   Annotating record 6D03_26 with results from: hmm_detection, cluster_hmmer, genefunctions, nrps_pks_domains, tigrfam, active_site_finder, cluster_compare, clusterblast, lanthipeptides, lassopeptides, nrps_pks, pfam2go, rrefinder, sactipeptides, t2pks, terpene, tfbs_finder, thiopeptides, tta
DEBUG    18/06 15:17:38    Adding results from antismash.modules.active_site_finder
DEBUG    18/06 15:17:38    Adding results from antismash.modules.cluster_compare
DEBUG    18/06 15:17:38    Adding results from antismash.modules.clusterblast
DEBUG    18/06 15:17:38    Adding results from antismash.modules.lanthipeptides
DEBUG    18/06 15:17:38    Adding results from antismash.modules.lassopeptides
DEBUG    18/06 15:17:38    Adding results from antismash.modules.nrps_pks
DEBUG    18/06 15:17:38    Adding results from antismash.modules.pfam2go
DEBUG    18/06 15:17:38    Adding results from antismash.modules.rrefinder
DEBUG    18/06 15:17:38    Adding results from antismash.modules.sactipeptides
DEBUG    18/06 15:17:38    Adding results from antismash.modules.t2pks
DEBUG    18/06 15:17:38    Adding results from antismash.modules.terpene
DEBUG    18/06 15:17:38    Adding results from antismash.modules.tfbs_finder
DEBUG    18/06 15:17:38    Adding results from antismash.modules.thiopeptides
DEBUG    18/06 15:17:38    Adding results from antismash.modules.tta
DEBUG    18/06 15:17:38   Not annotating skipped record 6D03_27: No regions detected
DEBUG    18/06 15:17:38   Not annotating skipped record 6D03_28: No regions detected
DEBUG    18/06 15:17:38   Not annotating skipped record 6D03_29: No regions detected
DEBUG    18/06 15:17:38   Not annotating skipped record 6D03_30: No regions detected
DEBUG    18/06 15:17:38   Not annotating skipped record 6D03_31: No regions detected
DEBUG    18/06 15:17:38   Not annotating skipped record 6D03_32: No regions detected
DEBUG    18/06 15:17:38   Annotating record 6D03_33 with results from: hmm_detection, cluster_hmmer, genefunctions, nrps_pks_domains, tigrfam, active_site_finder, cluster_compare, clusterblast, lanthipeptides, lassopeptides, nrps_pks, pfam2go, rrefinder, sactipeptides, t2pks, terpene, tfbs_finder, thiopeptides, tta
DEBUG    18/06 15:17:38    Adding results from antismash.modules.active_site_finder
DEBUG    18/06 15:17:38    Adding results from antismash.modules.cluster_compare
DEBUG    18/06 15:17:38    Adding results from antismash.modules.clusterblast
DEBUG    18/06 15:17:38    Adding results from antismash.modules.lanthipeptides
DEBUG    18/06 15:17:38    Adding results from antismash.modules.lassopeptides
DEBUG    18/06 15:17:38    Adding results from antismash.modules.nrps_pks
DEBUG    18/06 15:17:38    Adding results from antismash.modules.pfam2go
DEBUG    18/06 15:17:38    Adding results from antismash.modules.rrefinder
DEBUG    18/06 15:17:38    Adding results from antismash.modules.sactipeptides
DEBUG    18/06 15:17:38    Adding results from antismash.modules.t2pks
DEBUG    18/06 15:17:38    Adding results from antismash.modules.terpene
DEBUG    18/06 15:17:38    Adding results from antismash.modules.tfbs_finder
DEBUG    18/06 15:17:38    Adding results from antismash.modules.thiopeptides
DEBUG    18/06 15:17:38    Adding results from antismash.modules.tta
DEBUG    18/06 15:17:38   Annotating record 6D03_34 with results from: hmm_detection, cluster_hmmer, genefunctions, nrps_pks_domains, tigrfam, active_site_finder, cluster_compare, clusterblast, lanthipeptides, lassopeptides, nrps_pks, pfam2go, rrefinder, sactipeptides, t2pks, terpene, tfbs_finder, thiopeptides, tta
DEBUG    18/06 15:17:38    Adding results from antismash.modules.active_site_finder
DEBUG    18/06 15:17:38    Adding results from antismash.modules.cluster_compare
DEBUG    18/06 15:17:38    Adding results from antismash.modules.clusterblast
DEBUG    18/06 15:17:38    Adding results from antismash.modules.lanthipeptides
DEBUG    18/06 15:17:38    Adding results from antismash.modules.lassopeptides
DEBUG    18/06 15:17:38    Adding results from antismash.modules.nrps_pks
DEBUG    18/06 15:17:38    Adding results from antismash.modules.pfam2go
DEBUG    18/06 15:17:38    Adding results from antismash.modules.rrefinder
DEBUG    18/06 15:17:38    Adding results from antismash.modules.sactipeptides
DEBUG    18/06 15:17:38    Adding results from antismash.modules.t2pks
DEBUG    18/06 15:17:38    Adding results from antismash.modules.terpene
DEBUG    18/06 15:17:38    Adding results from antismash.modules.tfbs_finder
DEBUG    18/06 15:17:38    Adding results from antismash.modules.thiopeptides
DEBUG    18/06 15:17:38    Adding results from antismash.modules.tta
DEBUG    18/06 15:17:38   Not annotating skipped record 6D03_35: No regions detected
DEBUG    18/06 15:17:38   Not annotating skipped record 6D03_36: No regions detected
DEBUG    18/06 15:17:38   Not annotating skipped record 6D03_37: No regions detected
DEBUG    18/06 15:17:38   Not annotating skipped record 6D03_38: No regions detected
DEBUG    18/06 15:17:38   Not annotating skipped record 6D03_39: No regions detected
DEBUG    18/06 15:17:38   Not annotating skipped record 6D03_40: No regions detected
DEBUG    18/06 15:17:38   Not annotating skipped record 6D03_41: No regions detected
DEBUG    18/06 15:17:38   Annotating record 6D03_42 with results from: hmm_detection, cluster_hmmer, genefunctions, nrps_pks_domains, tigrfam, active_site_finder, cluster_compare, clusterblast, lanthipeptides, lassopeptides, nrps_pks, pfam2go, rrefinder, sactipeptides, t2pks, terpene, tfbs_finder, thiopeptides, tta
DEBUG    18/06 15:17:38    Adding results from antismash.modules.active_site_finder
DEBUG    18/06 15:17:38    Adding results from antismash.modules.cluster_compare
DEBUG    18/06 15:17:38    Adding results from antismash.modules.clusterblast
DEBUG    18/06 15:17:38    Adding results from antismash.modules.lanthipeptides
DEBUG    18/06 15:17:38    Adding results from antismash.modules.lassopeptides
DEBUG    18/06 15:17:38    Adding results from antismash.modules.nrps_pks
DEBUG    18/06 15:17:38    Adding results from antismash.modules.pfam2go
DEBUG    18/06 15:17:38    Adding results from antismash.modules.rrefinder
DEBUG    18/06 15:17:38    Adding results from antismash.modules.sactipeptides
DEBUG    18/06 15:17:38    Adding results from antismash.modules.t2pks
DEBUG    18/06 15:17:38    Adding results from antismash.modules.terpene
DEBUG    18/06 15:17:38    Adding results from antismash.modules.tfbs_finder
DEBUG    18/06 15:17:38    Adding results from antismash.modules.thiopeptides
DEBUG    18/06 15:17:38    Adding results from antismash.modules.tta
DEBUG    18/06 15:17:38   Not annotating skipped record 6D03_43: No regions detected
DEBUG    18/06 15:17:38   Not annotating skipped record 6D03_44: No regions detected
DEBUG    18/06 15:17:38   Not annotating skipped record 6D03_45: No regions detected
DEBUG    18/06 15:17:38   Not annotating skipped record 6D03_46: No regions detected
DEBUG    18/06 15:17:38   Not annotating skipped record 6D03_47: No regions detected
DEBUG    18/06 15:17:38   Not annotating skipped record 6D03_48: No regions detected
DEBUG    18/06 15:17:38   Not annotating skipped record 6D03_49: No regions detected
DEBUG    18/06 15:17:38   Not annotating skipped record 6D03_50: No regions detected
DEBUG    18/06 15:17:38   Not annotating skipped record 6D03_51: No regions detected
DEBUG    18/06 15:17:38   Annotating record 6D03_52 with results from: hmm_detection, cluster_hmmer, genefunctions, nrps_pks_domains, tigrfam, active_site_finder, cluster_compare, clusterblast, lanthipeptides, lassopeptides, nrps_pks, pfam2go, rrefinder, sactipeptides, t2pks, terpene, tfbs_finder, thiopeptides, tta
DEBUG    18/06 15:17:38    Adding results from antismash.modules.active_site_finder
DEBUG    18/06 15:17:38    Adding results from antismash.modules.cluster_compare
DEBUG    18/06 15:17:38    Adding results from antismash.modules.clusterblast
DEBUG    18/06 15:17:38    Adding results from antismash.modules.lanthipeptides
DEBUG    18/06 15:17:38    Adding results from antismash.modules.lassopeptides
DEBUG    18/06 15:17:38    Adding results from antismash.modules.nrps_pks
DEBUG    18/06 15:17:38    Adding results from antismash.modules.pfam2go
DEBUG    18/06 15:17:38    Adding results from antismash.modules.rrefinder
DEBUG    18/06 15:17:38    Adding results from antismash.modules.sactipeptides
DEBUG    18/06 15:17:38    Adding results from antismash.modules.t2pks
DEBUG    18/06 15:17:38    Adding results from antismash.modules.terpene
DEBUG    18/06 15:17:38    Adding results from antismash.modules.tfbs_finder
DEBUG    18/06 15:17:38    Adding results from antismash.modules.thiopeptides
DEBUG    18/06 15:17:38    Adding results from antismash.modules.tta
DEBUG    18/06 15:17:38   Not annotating skipped record 6D03_53: No regions detected
DEBUG    18/06 15:17:38   Annotating record 6D03_54 with results from: hmm_detection, cluster_hmmer, genefunctions, nrps_pks_domains, tigrfam, active_site_finder, cluster_compare, clusterblast, lanthipeptides, lassopeptides, nrps_pks, pfam2go, rrefinder, sactipeptides, t2pks, terpene, tfbs_finder, thiopeptides, tta
DEBUG    18/06 15:17:38    Adding results from antismash.modules.active_site_finder
DEBUG    18/06 15:17:38    Adding results from antismash.modules.cluster_compare
DEBUG    18/06 15:17:38    Adding results from antismash.modules.clusterblast
DEBUG    18/06 15:17:38    Adding results from antismash.modules.lanthipeptides
DEBUG    18/06 15:17:38    Adding results from antismash.modules.lassopeptides
DEBUG    18/06 15:17:38    Adding results from antismash.modules.nrps_pks
DEBUG    18/06 15:17:38    Adding results from antismash.modules.pfam2go
DEBUG    18/06 15:17:38    Adding results from antismash.modules.rrefinder
DEBUG    18/06 15:17:38    Adding results from antismash.modules.sactipeptides
DEBUG    18/06 15:17:38    Adding results from antismash.modules.t2pks
DEBUG    18/06 15:17:38    Adding results from antismash.modules.terpene
DEBUG    18/06 15:17:38    Adding results from antismash.modules.tfbs_finder
DEBUG    18/06 15:17:38    Adding results from antismash.modules.thiopeptides
DEBUG    18/06 15:17:38    Adding results from antismash.modules.tta
DEBUG    18/06 15:17:38   Annotating record 6D03_55 with results from: hmm_detection, cluster_hmmer, genefunctions, nrps_pks_domains, tigrfam, active_site_finder, cluster_compare, clusterblast, lanthipeptides, lassopeptides, nrps_pks, pfam2go, rrefinder, sactipeptides, t2pks, terpene, tfbs_finder, thiopeptides, tta
DEBUG    18/06 15:17:38    Adding results from antismash.modules.active_site_finder
DEBUG    18/06 15:17:38    Adding results from antismash.modules.cluster_compare
DEBUG    18/06 15:17:38    Adding results from antismash.modules.clusterblast
DEBUG    18/06 15:17:38    Adding results from antismash.modules.lanthipeptides
DEBUG    18/06 15:17:38    Adding results from antismash.modules.lassopeptides
DEBUG    18/06 15:17:38    Adding results from antismash.modules.nrps_pks
DEBUG    18/06 15:17:38    Adding results from antismash.modules.pfam2go
DEBUG    18/06 15:17:38    Adding results from antismash.modules.rrefinder
DEBUG    18/06 15:17:38    Adding results from antismash.modules.sactipeptides
DEBUG    18/06 15:17:38    Adding results from antismash.modules.t2pks
DEBUG    18/06 15:17:38    Adding results from antismash.modules.terpene
DEBUG    18/06 15:17:38    Adding results from antismash.modules.tfbs_finder
DEBUG    18/06 15:17:38    Adding results from antismash.modules.thiopeptides
DEBUG    18/06 15:17:38    Adding results from antismash.modules.tta
DEBUG    18/06 15:17:38   Not annotating skipped record 6D03_56: No regions detected
DEBUG    18/06 15:17:38   Not annotating skipped record 6D03_57: No regions detected
DEBUG    18/06 15:17:38   Annotating record 6D03_58 with results from: hmm_detection, cluster_hmmer, genefunctions, nrps_pks_domains, tigrfam, active_site_finder, cluster_compare, clusterblast, lanthipeptides, lassopeptides, nrps_pks, pfam2go, rrefinder, sactipeptides, t2pks, terpene, tfbs_finder, thiopeptides, tta
DEBUG    18/06 15:17:38    Adding results from antismash.modules.active_site_finder
DEBUG    18/06 15:17:38    Adding results from antismash.modules.cluster_compare
DEBUG    18/06 15:17:38    Adding results from antismash.modules.clusterblast
DEBUG    18/06 15:17:38    Adding results from antismash.modules.lanthipeptides
DEBUG    18/06 15:17:38    Adding results from antismash.modules.lassopeptides
DEBUG    18/06 15:17:38    Adding results from antismash.modules.nrps_pks
DEBUG    18/06 15:17:38    Adding results from antismash.modules.pfam2go
DEBUG    18/06 15:17:38    Adding results from antismash.modules.rrefinder
DEBUG    18/06 15:17:38    Adding results from antismash.modules.sactipeptides
DEBUG    18/06 15:17:38    Adding results from antismash.modules.t2pks
DEBUG    18/06 15:17:38    Adding results from antismash.modules.terpene
DEBUG    18/06 15:17:38    Adding results from antismash.modules.tfbs_finder
DEBUG    18/06 15:17:38    Adding results from antismash.modules.thiopeptides
DEBUG    18/06 15:17:38    Adding results from antismash.modules.tta
DEBUG    18/06 15:17:38   Annotating record 6D03_59 with results from: hmm_detection, cluster_hmmer, genefunctions, nrps_pks_domains, tigrfam, active_site_finder, cluster_compare, clusterblast, lanthipeptides, lassopeptides, nrps_pks, pfam2go, rrefinder, sactipeptides, t2pks, terpene, tfbs_finder, thiopeptides, tta
DEBUG    18/06 15:17:38    Adding results from antismash.modules.active_site_finder
DEBUG    18/06 15:17:38    Adding results from antismash.modules.cluster_compare
DEBUG    18/06 15:17:38    Adding results from antismash.modules.clusterblast
DEBUG    18/06 15:17:38    Adding results from antismash.modules.lanthipeptides
DEBUG    18/06 15:17:38    Adding results from antismash.modules.lassopeptides
DEBUG    18/06 15:17:38    Adding results from antismash.modules.nrps_pks
DEBUG    18/06 15:17:38    Adding results from antismash.modules.pfam2go
DEBUG    18/06 15:17:38    Adding results from antismash.modules.rrefinder
DEBUG    18/06 15:17:38    Adding results from antismash.modules.sactipeptides
DEBUG    18/06 15:17:38    Adding results from antismash.modules.t2pks
DEBUG    18/06 15:17:38    Adding results from antismash.modules.terpene
DEBUG    18/06 15:17:38    Adding results from antismash.modules.tfbs_finder
DEBUG    18/06 15:17:38    Adding results from antismash.modules.thiopeptides
DEBUG    18/06 15:17:38    Adding results from antismash.modules.tta
DEBUG    18/06 15:17:38   Not annotating skipped record 6D03_60: No regions detected
DEBUG    18/06 15:17:38   Annotating record 6D03_61 with results from: hmm_detection, cluster_hmmer, genefunctions, nrps_pks_domains, tigrfam, active_site_finder, cluster_compare, clusterblast, lanthipeptides, lassopeptides, nrps_pks, pfam2go, rrefinder, sactipeptides, t2pks, terpene, tfbs_finder, thiopeptides, tta
DEBUG    18/06 15:17:38    Adding results from antismash.modules.active_site_finder
DEBUG    18/06 15:17:38    Adding results from antismash.modules.cluster_compare
DEBUG    18/06 15:17:38    Adding results from antismash.modules.clusterblast
DEBUG    18/06 15:17:38    Adding results from antismash.modules.lanthipeptides
DEBUG    18/06 15:17:38    Adding results from antismash.modules.lassopeptides
DEBUG    18/06 15:17:38    Adding results from antismash.modules.nrps_pks
DEBUG    18/06 15:17:38    Adding results from antismash.modules.pfam2go
DEBUG    18/06 15:17:38    Adding results from antismash.modules.rrefinder
DEBUG    18/06 15:17:38    Adding results from antismash.modules.sactipeptides
DEBUG    18/06 15:17:38    Adding results from antismash.modules.t2pks
DEBUG    18/06 15:17:38    Adding results from antismash.modules.terpene
DEBUG    18/06 15:17:38    Adding results from antismash.modules.tfbs_finder
DEBUG    18/06 15:17:38    Adding results from antismash.modules.thiopeptides
DEBUG    18/06 15:17:38    Adding results from antismash.modules.tta
DEBUG    18/06 15:17:38   Not annotating skipped record 6D03_62: No regions detected
DEBUG    18/06 15:17:38   Not annotating skipped record 6D03_63: No regions detected
DEBUG    18/06 15:17:38   Not annotating skipped record 6D03_64: No regions detected
DEBUG    18/06 15:17:38   Not annotating skipped record 6D03_65: No regions detected
DEBUG    18/06 15:17:38   Not annotating skipped record 6D03_66: No regions detected
DEBUG    18/06 15:17:38   Not annotating skipped record 6D03_67: No regions detected
DEBUG    18/06 15:17:38   Not annotating skipped record 6D03_68: No regions detected
DEBUG    18/06 15:17:38   Annotating record 6D03_69 with results from: hmm_detection, cluster_hmmer, genefunctions, nrps_pks_domains, tigrfam, active_site_finder, cluster_compare, clusterblast, lanthipeptides, lassopeptides, nrps_pks, pfam2go, rrefinder, sactipeptides, t2pks, terpene, tfbs_finder, thiopeptides, tta
DEBUG    18/06 15:17:38    Adding results from antismash.modules.active_site_finder
DEBUG    18/06 15:17:38    Adding results from antismash.modules.cluster_compare
DEBUG    18/06 15:17:38    Adding results from antismash.modules.clusterblast
DEBUG    18/06 15:17:38    Adding results from antismash.modules.lanthipeptides
DEBUG    18/06 15:17:38    Adding results from antismash.modules.lassopeptides
DEBUG    18/06 15:17:38    Adding results from antismash.modules.nrps_pks
DEBUG    18/06 15:17:38    Adding results from antismash.modules.pfam2go
DEBUG    18/06 15:17:38    Adding results from antismash.modules.rrefinder
DEBUG    18/06 15:17:38    Adding results from antismash.modules.sactipeptides
DEBUG    18/06 15:17:38    Adding results from antismash.modules.t2pks
DEBUG    18/06 15:17:38    Adding results from antismash.modules.terpene
DEBUG    18/06 15:17:38    Adding results from antismash.modules.tfbs_finder
DEBUG    18/06 15:17:38    Adding results from antismash.modules.thiopeptides
DEBUG    18/06 15:17:38    Adding results from antismash.modules.tta
DEBUG    18/06 15:17:38   Not annotating skipped record 6D03_70: No regions detected
DEBUG    18/06 15:17:38   Not annotating skipped record 6D03_71: No regions detected
DEBUG    18/06 15:17:38   Not annotating skipped record 6D03_72: No regions detected
DEBUG    18/06 15:17:38   Writing non-HTML output files
DEBUG    18/06 15:17:38    Writing relevant output files for antismash.detection.hmm_detection
DEBUG    18/06 15:17:38    Writing relevant output files for antismash.detection.hmm_detection
DEBUG    18/06 15:17:38    Writing relevant output files for antismash.detection.hmm_detection
DEBUG    18/06 15:17:38    Writing relevant output files for antismash.detection.cluster_hmmer
DEBUG    18/06 15:17:38    Writing relevant output files for antismash.detection.genefunctions
DEBUG    18/06 15:17:38    Writing relevant output files for antismash.detection.nrps_pks_domains
DEBUG    18/06 15:17:38    Writing relevant output files for antismash.detection.tigrfam
DEBUG    18/06 15:17:38    Writing relevant output files for antismash.modules.active_site_finder
DEBUG    18/06 15:17:38    Writing relevant output files for antismash.modules.cluster_compare
DEBUG    18/06 15:17:38    Writing relevant output files for antismash.modules.clusterblast
DEBUG    18/06 15:17:38    Writing relevant output files for antismash.modules.lanthipeptides
DEBUG    18/06 15:17:38    Writing relevant output files for antismash.modules.lassopeptides
DEBUG    18/06 15:17:38    Writing relevant output files for antismash.modules.nrps_pks
DEBUG    18/06 15:17:38    Writing relevant output files for antismash.modules.pfam2go
DEBUG    18/06 15:17:38    Writing relevant output files for antismash.modules.rrefinder
DEBUG    18/06 15:17:38    Writing relevant output files for antismash.modules.sactipeptides
DEBUG    18/06 15:17:38    Writing relevant output files for antismash.modules.t2pks
DEBUG    18/06 15:17:38    Writing relevant output files for antismash.modules.terpene
DEBUG    18/06 15:17:38    Writing relevant output files for antismash.modules.tfbs_finder
DEBUG    18/06 15:17:38    Writing relevant output files for antismash.modules.thiopeptides
DEBUG    18/06 15:17:38    Writing relevant output files for antismash.modules.tta
DEBUG    18/06 15:17:38    Writing relevant output files for antismash.detection.hmm_detection
DEBUG    18/06 15:17:38    Writing relevant output files for antismash.detection.hmm_detection
DEBUG    18/06 15:17:38    Writing relevant output files for antismash.detection.hmm_detection
DEBUG    18/06 15:17:38    Writing relevant output files for antismash.detection.hmm_detection
DEBUG    18/06 15:17:38    Writing relevant output files for antismash.detection.hmm_detection
DEBUG    18/06 15:17:38    Writing relevant output files for antismash.detection.hmm_detection
DEBUG    18/06 15:17:38    Writing relevant output files for antismash.detection.cluster_hmmer
DEBUG    18/06 15:17:38    Writing relevant output files for antismash.detection.genefunctions
DEBUG    18/06 15:17:38    Writing relevant output files for antismash.detection.nrps_pks_domains
DEBUG    18/06 15:17:38    Writing relevant output files for antismash.detection.tigrfam
DEBUG    18/06 15:17:38    Writing relevant output files for antismash.modules.active_site_finder
DEBUG    18/06 15:17:38    Writing relevant output files for antismash.modules.cluster_compare
DEBUG    18/06 15:17:38    Writing relevant output files for antismash.modules.clusterblast
DEBUG    18/06 15:17:38    Writing relevant output files for antismash.modules.lanthipeptides
DEBUG    18/06 15:17:38    Writing relevant output files for antismash.modules.lassopeptides
DEBUG    18/06 15:17:38    Writing relevant output files for antismash.modules.nrps_pks
DEBUG    18/06 15:17:38    Writing relevant output files for antismash.modules.pfam2go
DEBUG    18/06 15:17:38    Writing relevant output files for antismash.modules.rrefinder
DEBUG    18/06 15:17:38    Writing relevant output files for antismash.modules.sactipeptides
DEBUG    18/06 15:17:38    Writing relevant output files for antismash.modules.t2pks
DEBUG    18/06 15:17:38    Writing relevant output files for antismash.modules.terpene
DEBUG    18/06 15:17:38    Writing relevant output files for antismash.modules.tfbs_finder
DEBUG    18/06 15:17:38    Writing relevant output files for antismash.modules.thiopeptides
DEBUG    18/06 15:17:38    Writing relevant output files for antismash.modules.tta
DEBUG    18/06 15:17:38    Writing relevant output files for antismash.detection.hmm_detection
DEBUG    18/06 15:17:38    Writing relevant output files for antismash.detection.cluster_hmmer
DEBUG    18/06 15:17:38    Writing relevant output files for antismash.detection.genefunctions
DEBUG    18/06 15:17:38    Writing relevant output files for antismash.detection.nrps_pks_domains
DEBUG    18/06 15:17:38    Writing relevant output files for antismash.detection.tigrfam
DEBUG    18/06 15:17:38    Writing relevant output files for antismash.modules.active_site_finder
DEBUG    18/06 15:17:38    Writing relevant output files for antismash.modules.cluster_compare
DEBUG    18/06 15:17:38    Writing relevant output files for antismash.modules.clusterblast
DEBUG    18/06 15:17:38    Writing relevant output files for antismash.modules.lanthipeptides
DEBUG    18/06 15:17:38    Writing relevant output files for antismash.modules.lassopeptides
DEBUG    18/06 15:17:38    Writing relevant output files for antismash.modules.nrps_pks
DEBUG    18/06 15:17:38    Writing relevant output files for antismash.modules.pfam2go
DEBUG    18/06 15:17:38    Writing relevant output files for antismash.modules.rrefinder
DEBUG    18/06 15:17:38    Writing relevant output files for antismash.modules.sactipeptides
DEBUG    18/06 15:17:38    Writing relevant output files for antismash.modules.t2pks
DEBUG    18/06 15:17:38    Writing relevant output files for antismash.modules.terpene
DEBUG    18/06 15:17:38    Writing relevant output files for antismash.modules.tfbs_finder
DEBUG    18/06 15:17:38    Writing relevant output files for antismash.modules.thiopeptides
DEBUG    18/06 15:17:38    Writing relevant output files for antismash.modules.tta
DEBUG    18/06 15:17:38    Writing relevant output files for antismash.detection.hmm_detection
DEBUG    18/06 15:17:38    Writing relevant output files for antismash.detection.hmm_detection
DEBUG    18/06 15:17:38    Writing relevant output files for antismash.detection.hmm_detection
DEBUG    18/06 15:17:38    Writing relevant output files for antismash.detection.cluster_hmmer
DEBUG    18/06 15:17:38    Writing relevant output files for antismash.detection.genefunctions
DEBUG    18/06 15:17:38    Writing relevant output files for antismash.detection.nrps_pks_domains
DEBUG    18/06 15:17:38    Writing relevant output files for antismash.detection.tigrfam
DEBUG    18/06 15:17:38    Writing relevant output files for antismash.modules.active_site_finder
DEBUG    18/06 15:17:38    Writing relevant output files for antismash.modules.cluster_compare
DEBUG    18/06 15:17:38    Writing relevant output files for antismash.modules.clusterblast
DEBUG    18/06 15:17:38    Writing relevant output files for antismash.modules.lanthipeptides
DEBUG    18/06 15:17:38    Writing relevant output files for antismash.modules.lassopeptides
DEBUG    18/06 15:17:38    Writing relevant output files for antismash.modules.nrps_pks
DEBUG    18/06 15:17:38    Writing relevant output files for antismash.modules.pfam2go
DEBUG    18/06 15:17:38    Writing relevant output files for antismash.modules.rrefinder
DEBUG    18/06 15:17:38    Writing relevant output files for antismash.modules.sactipeptides
DEBUG    18/06 15:17:38    Writing relevant output files for antismash.modules.t2pks
DEBUG    18/06 15:17:38    Writing relevant output files for antismash.modules.terpene
DEBUG    18/06 15:17:38    Writing relevant output files for antismash.modules.tfbs_finder
DEBUG    18/06 15:17:38    Writing relevant output files for antismash.modules.thiopeptides
DEBUG    18/06 15:17:38    Writing relevant output files for antismash.modules.tta
DEBUG    18/06 15:17:38    Writing relevant output files for antismash.detection.hmm_detection
DEBUG    18/06 15:17:38    Writing relevant output files for antismash.detection.hmm_detection
DEBUG    18/06 15:17:38    Writing relevant output files for antismash.detection.hmm_detection
DEBUG    18/06 15:17:38    Writing relevant output files for antismash.detection.hmm_detection
DEBUG    18/06 15:17:38    Writing relevant output files for antismash.detection.hmm_detection
DEBUG    18/06 15:17:38    Writing relevant output files for antismash.detection.hmm_detection
DEBUG    18/06 15:17:38    Writing relevant output files for antismash.detection.hmm_detection
DEBUG    18/06 15:17:38    Writing relevant output files for antismash.detection.hmm_detection
DEBUG    18/06 15:17:38    Writing relevant output files for antismash.detection.hmm_detection
DEBUG    18/06 15:17:38    Writing relevant output files for antismash.detection.cluster_hmmer
DEBUG    18/06 15:17:38    Writing relevant output files for antismash.detection.genefunctions
DEBUG    18/06 15:17:38    Writing relevant output files for antismash.detection.nrps_pks_domains
DEBUG    18/06 15:17:38    Writing relevant output files for antismash.detection.tigrfam
DEBUG    18/06 15:17:38    Writing relevant output files for antismash.modules.active_site_finder
DEBUG    18/06 15:17:38    Writing relevant output files for antismash.modules.cluster_compare
DEBUG    18/06 15:17:38    Writing relevant output files for antismash.modules.clusterblast
DEBUG    18/06 15:17:38    Writing relevant output files for antismash.modules.lanthipeptides
DEBUG    18/06 15:17:38    Writing relevant output files for antismash.modules.lassopeptides
DEBUG    18/06 15:17:38    Writing relevant output files for antismash.modules.nrps_pks
DEBUG    18/06 15:17:38    Writing relevant output files for antismash.modules.pfam2go
DEBUG    18/06 15:17:38    Writing relevant output files for antismash.modules.rrefinder
DEBUG    18/06 15:17:38    Writing relevant output files for antismash.modules.sactipeptides
DEBUG    18/06 15:17:38    Writing relevant output files for antismash.modules.t2pks
DEBUG    18/06 15:17:38    Writing relevant output files for antismash.modules.terpene
DEBUG    18/06 15:17:38    Writing relevant output files for antismash.modules.tfbs_finder
DEBUG    18/06 15:17:38    Writing relevant output files for antismash.modules.thiopeptides
DEBUG    18/06 15:17:38    Writing relevant output files for antismash.modules.tta
DEBUG    18/06 15:17:38    Writing relevant output files for antismash.detection.hmm_detection
DEBUG    18/06 15:17:38    Writing relevant output files for antismash.detection.hmm_detection
DEBUG    18/06 15:17:38    Writing relevant output files for antismash.detection.hmm_detection
DEBUG    18/06 15:17:38    Writing relevant output files for antismash.detection.hmm_detection
DEBUG    18/06 15:17:38    Writing relevant output files for antismash.detection.cluster_hmmer
DEBUG    18/06 15:17:38    Writing relevant output files for antismash.detection.genefunctions
DEBUG    18/06 15:17:38    Writing relevant output files for antismash.detection.nrps_pks_domains
DEBUG    18/06 15:17:38    Writing relevant output files for antismash.detection.tigrfam
DEBUG    18/06 15:17:38    Writing relevant output files for antismash.modules.active_site_finder
DEBUG    18/06 15:17:38    Writing relevant output files for antismash.modules.cluster_compare
DEBUG    18/06 15:17:38    Writing relevant output files for antismash.modules.clusterblast
DEBUG    18/06 15:17:38    Writing relevant output files for antismash.modules.lanthipeptides
DEBUG    18/06 15:17:38    Writing relevant output files for antismash.modules.lassopeptides
DEBUG    18/06 15:17:38    Writing relevant output files for antismash.modules.nrps_pks
DEBUG    18/06 15:17:38    Writing relevant output files for antismash.modules.pfam2go
DEBUG    18/06 15:17:38    Writing relevant output files for antismash.modules.rrefinder
DEBUG    18/06 15:17:38    Writing relevant output files for antismash.modules.sactipeptides
DEBUG    18/06 15:17:38    Writing relevant output files for antismash.modules.t2pks
DEBUG    18/06 15:17:38    Writing relevant output files for antismash.modules.terpene
DEBUG    18/06 15:17:38    Writing relevant output files for antismash.modules.tfbs_finder
DEBUG    18/06 15:17:38    Writing relevant output files for antismash.modules.thiopeptides
DEBUG    18/06 15:17:38    Writing relevant output files for antismash.modules.tta
DEBUG    18/06 15:17:38    Writing relevant output files for antismash.detection.hmm_detection
DEBUG    18/06 15:17:38    Writing relevant output files for antismash.detection.hmm_detection
DEBUG    18/06 15:17:38    Writing relevant output files for antismash.detection.hmm_detection
DEBUG    18/06 15:17:38    Writing relevant output files for antismash.detection.hmm_detection
DEBUG    18/06 15:17:38    Writing relevant output files for antismash.detection.hmm_detection
DEBUG    18/06 15:17:38    Writing relevant output files for antismash.detection.hmm_detection
DEBUG    18/06 15:17:38    Writing relevant output files for antismash.detection.hmm_detection
DEBUG    18/06 15:17:38    Writing relevant output files for antismash.detection.cluster_hmmer
DEBUG    18/06 15:17:38    Writing relevant output files for antismash.detection.genefunctions
DEBUG    18/06 15:17:38    Writing relevant output files for antismash.detection.nrps_pks_domains
DEBUG    18/06 15:17:38    Writing relevant output files for antismash.detection.tigrfam
DEBUG    18/06 15:17:38    Writing relevant output files for antismash.modules.active_site_finder
DEBUG    18/06 15:17:38    Writing relevant output files for antismash.modules.cluster_compare
DEBUG    18/06 15:17:38    Writing relevant output files for antismash.modules.clusterblast
DEBUG    18/06 15:17:38    Writing relevant output files for antismash.modules.lanthipeptides
DEBUG    18/06 15:17:38    Writing relevant output files for antismash.modules.lassopeptides
DEBUG    18/06 15:17:38    Writing relevant output files for antismash.modules.nrps_pks
DEBUG    18/06 15:17:38    Writing relevant output files for antismash.modules.pfam2go
DEBUG    18/06 15:17:38    Writing relevant output files for antismash.modules.rrefinder
DEBUG    18/06 15:17:38    Writing relevant output files for antismash.modules.sactipeptides
DEBUG    18/06 15:17:38    Writing relevant output files for antismash.modules.t2pks
DEBUG    18/06 15:17:38    Writing relevant output files for antismash.modules.terpene
DEBUG    18/06 15:17:38    Writing relevant output files for antismash.modules.tfbs_finder
DEBUG    18/06 15:17:38    Writing relevant output files for antismash.modules.thiopeptides
DEBUG    18/06 15:17:38    Writing relevant output files for antismash.modules.tta
DEBUG    18/06 15:17:38    Writing relevant output files for antismash.detection.hmm_detection
DEBUG    18/06 15:17:38    Writing relevant output files for antismash.detection.cluster_hmmer
DEBUG    18/06 15:17:38    Writing relevant output files for antismash.detection.genefunctions
DEBUG    18/06 15:17:38    Writing relevant output files for antismash.detection.nrps_pks_domains
DEBUG    18/06 15:17:38    Writing relevant output files for antismash.detection.tigrfam
DEBUG    18/06 15:17:38    Writing relevant output files for antismash.modules.active_site_finder
DEBUG    18/06 15:17:38    Writing relevant output files for antismash.modules.cluster_compare
DEBUG    18/06 15:17:38    Writing relevant output files for antismash.modules.clusterblast
DEBUG    18/06 15:17:38    Writing relevant output files for antismash.modules.lanthipeptides
DEBUG    18/06 15:17:38    Writing relevant output files for antismash.modules.lassopeptides
DEBUG    18/06 15:17:38    Writing relevant output files for antismash.modules.nrps_pks
DEBUG    18/06 15:17:38    Writing relevant output files for antismash.modules.pfam2go
DEBUG    18/06 15:17:38    Writing relevant output files for antismash.modules.rrefinder
DEBUG    18/06 15:17:38    Writing relevant output files for antismash.modules.sactipeptides
DEBUG    18/06 15:17:38    Writing relevant output files for antismash.modules.t2pks
DEBUG    18/06 15:17:38    Writing relevant output files for antismash.modules.terpene
DEBUG    18/06 15:17:38    Writing relevant output files for antismash.modules.tfbs_finder
DEBUG    18/06 15:17:38    Writing relevant output files for antismash.modules.thiopeptides
DEBUG    18/06 15:17:38    Writing relevant output files for antismash.modules.tta
DEBUG    18/06 15:17:38    Writing relevant output files for antismash.detection.hmm_detection
DEBUG    18/06 15:17:38    Writing relevant output files for antismash.detection.hmm_detection
DEBUG    18/06 15:17:38    Writing relevant output files for antismash.detection.hmm_detection
DEBUG    18/06 15:17:38    Writing relevant output files for antismash.detection.hmm_detection
DEBUG    18/06 15:17:38    Writing relevant output files for antismash.detection.hmm_detection
DEBUG    18/06 15:17:38    Writing relevant output files for antismash.detection.hmm_detection
DEBUG    18/06 15:17:38    Writing relevant output files for antismash.detection.hmm_detection
DEBUG    18/06 15:17:38    Writing relevant output files for antismash.detection.hmm_detection
DEBUG    18/06 15:17:38    Writing relevant output files for antismash.detection.cluster_hmmer
DEBUG    18/06 15:17:38    Writing relevant output files for antismash.detection.genefunctions
DEBUG    18/06 15:17:38    Writing relevant output files for antismash.detection.nrps_pks_domains
DEBUG    18/06 15:17:38    Writing relevant output files for antismash.detection.tigrfam
DEBUG    18/06 15:17:38    Writing relevant output files for antismash.modules.active_site_finder
DEBUG    18/06 15:17:38    Writing relevant output files for antismash.modules.cluster_compare
DEBUG    18/06 15:17:38    Writing relevant output files for antismash.modules.clusterblast
DEBUG    18/06 15:17:38    Writing relevant output files for antismash.modules.lanthipeptides
DEBUG    18/06 15:17:38    Writing relevant output files for antismash.modules.lassopeptides
DEBUG    18/06 15:17:38    Writing relevant output files for antismash.modules.nrps_pks
DEBUG    18/06 15:17:38    Writing relevant output files for antismash.modules.pfam2go
DEBUG    18/06 15:17:38    Writing relevant output files for antismash.modules.rrefinder
DEBUG    18/06 15:17:38    Writing relevant output files for antismash.modules.sactipeptides
DEBUG    18/06 15:17:38    Writing relevant output files for antismash.modules.t2pks
DEBUG    18/06 15:17:38    Writing relevant output files for antismash.modules.terpene
DEBUG    18/06 15:17:38    Writing relevant output files for antismash.modules.tfbs_finder
DEBUG    18/06 15:17:38    Writing relevant output files for antismash.modules.thiopeptides
DEBUG    18/06 15:17:38    Writing relevant output files for antismash.modules.tta
DEBUG    18/06 15:17:38    Writing relevant output files for antismash.detection.hmm_detection
DEBUG    18/06 15:17:38    Writing relevant output files for antismash.detection.hmm_detection
DEBUG    18/06 15:17:38    Writing relevant output files for antismash.detection.hmm_detection
DEBUG    18/06 15:17:38    Writing relevant output files for antismash.detection.hmm_detection
DEBUG    18/06 15:17:38    Writing relevant output files for antismash.detection.hmm_detection
DEBUG    18/06 15:17:38    Writing relevant output files for antismash.detection.hmm_detection
DEBUG    18/06 15:17:38    Writing relevant output files for antismash.detection.hmm_detection
DEBUG    18/06 15:17:38    Writing relevant output files for antismash.detection.hmm_detection
DEBUG    18/06 15:17:38    Writing relevant output files for antismash.detection.hmm_detection
DEBUG    18/06 15:17:38    Writing relevant output files for antismash.detection.hmm_detection
DEBUG    18/06 15:17:38    Writing relevant output files for antismash.detection.cluster_hmmer
DEBUG    18/06 15:17:38    Writing relevant output files for antismash.detection.genefunctions
DEBUG    18/06 15:17:38    Writing relevant output files for antismash.detection.nrps_pks_domains
DEBUG    18/06 15:17:38    Writing relevant output files for antismash.detection.tigrfam
DEBUG    18/06 15:17:38    Writing relevant output files for antismash.modules.active_site_finder
DEBUG    18/06 15:17:38    Writing relevant output files for antismash.modules.cluster_compare
DEBUG    18/06 15:17:38    Writing relevant output files for antismash.modules.clusterblast
DEBUG    18/06 15:17:38    Writing relevant output files for antismash.modules.lanthipeptides
DEBUG    18/06 15:17:38    Writing relevant output files for antismash.modules.lassopeptides
DEBUG    18/06 15:17:38    Writing relevant output files for antismash.modules.nrps_pks
DEBUG    18/06 15:17:38    Writing relevant output files for antismash.modules.pfam2go
DEBUG    18/06 15:17:38    Writing relevant output files for antismash.modules.rrefinder
DEBUG    18/06 15:17:38    Writing relevant output files for antismash.modules.sactipeptides
DEBUG    18/06 15:17:38    Writing relevant output files for antismash.modules.t2pks
DEBUG    18/06 15:17:38    Writing relevant output files for antismash.modules.terpene
DEBUG    18/06 15:17:38    Writing relevant output files for antismash.modules.tfbs_finder
DEBUG    18/06 15:17:38    Writing relevant output files for antismash.modules.thiopeptides
DEBUG    18/06 15:17:38    Writing relevant output files for antismash.modules.tta
DEBUG    18/06 15:17:38    Writing relevant output files for antismash.detection.hmm_detection
DEBUG    18/06 15:17:38    Writing relevant output files for antismash.detection.hmm_detection
DEBUG    18/06 15:17:38    Writing relevant output files for antismash.detection.cluster_hmmer
DEBUG    18/06 15:17:38    Writing relevant output files for antismash.detection.genefunctions
DEBUG    18/06 15:17:38    Writing relevant output files for antismash.detection.nrps_pks_domains
DEBUG    18/06 15:17:38    Writing relevant output files for antismash.detection.tigrfam
DEBUG    18/06 15:17:38    Writing relevant output files for antismash.modules.active_site_finder
DEBUG    18/06 15:17:38    Writing relevant output files for antismash.modules.cluster_compare
DEBUG    18/06 15:17:38    Writing relevant output files for antismash.modules.clusterblast
DEBUG    18/06 15:17:38    Writing relevant output files for antismash.modules.lanthipeptides
DEBUG    18/06 15:17:38    Writing relevant output files for antismash.modules.lassopeptides
DEBUG    18/06 15:17:38    Writing relevant output files for antismash.modules.nrps_pks
DEBUG    18/06 15:17:38    Writing relevant output files for antismash.modules.pfam2go
DEBUG    18/06 15:17:38    Writing relevant output files for antismash.modules.rrefinder
DEBUG    18/06 15:17:38    Writing relevant output files for antismash.modules.sactipeptides
DEBUG    18/06 15:17:38    Writing relevant output files for antismash.modules.t2pks
DEBUG    18/06 15:17:38    Writing relevant output files for antismash.modules.terpene
DEBUG    18/06 15:17:38    Writing relevant output files for antismash.modules.tfbs_finder
DEBUG    18/06 15:17:38    Writing relevant output files for antismash.modules.thiopeptides
DEBUG    18/06 15:17:38    Writing relevant output files for antismash.modules.tta
DEBUG    18/06 15:17:38    Writing relevant output files for antismash.detection.hmm_detection
DEBUG    18/06 15:17:38    Writing relevant output files for antismash.detection.cluster_hmmer
DEBUG    18/06 15:17:38    Writing relevant output files for antismash.detection.genefunctions
DEBUG    18/06 15:17:38    Writing relevant output files for antismash.detection.nrps_pks_domains
DEBUG    18/06 15:17:38    Writing relevant output files for antismash.detection.tigrfam
DEBUG    18/06 15:17:38    Writing relevant output files for antismash.modules.active_site_finder
DEBUG    18/06 15:17:38    Writing relevant output files for antismash.modules.cluster_compare
DEBUG    18/06 15:17:38    Writing relevant output files for antismash.modules.clusterblast
DEBUG    18/06 15:17:38    Writing relevant output files for antismash.modules.lanthipeptides
DEBUG    18/06 15:17:38    Writing relevant output files for antismash.modules.lassopeptides
DEBUG    18/06 15:17:38    Writing relevant output files for antismash.modules.nrps_pks
DEBUG    18/06 15:17:38    Writing relevant output files for antismash.modules.pfam2go
DEBUG    18/06 15:17:38    Writing relevant output files for antismash.modules.rrefinder
DEBUG    18/06 15:17:38    Writing relevant output files for antismash.modules.sactipeptides
DEBUG    18/06 15:17:38    Writing relevant output files for antismash.modules.t2pks
DEBUG    18/06 15:17:38    Writing relevant output files for antismash.modules.terpene
DEBUG    18/06 15:17:38    Writing relevant output files for antismash.modules.tfbs_finder
DEBUG    18/06 15:17:38    Writing relevant output files for antismash.modules.thiopeptides
DEBUG    18/06 15:17:38    Writing relevant output files for antismash.modules.tta
DEBUG    18/06 15:17:38    Writing relevant output files for antismash.detection.hmm_detection
DEBUG    18/06 15:17:38    Writing relevant output files for antismash.detection.hmm_detection
DEBUG    18/06 15:17:38    Writing relevant output files for antismash.detection.hmm_detection
DEBUG    18/06 15:17:38    Writing relevant output files for antismash.detection.cluster_hmmer
DEBUG    18/06 15:17:38    Writing relevant output files for antismash.detection.genefunctions
DEBUG    18/06 15:17:38    Writing relevant output files for antismash.detection.nrps_pks_domains
DEBUG    18/06 15:17:38    Writing relevant output files for antismash.detection.tigrfam
DEBUG    18/06 15:17:38    Writing relevant output files for antismash.modules.active_site_finder
DEBUG    18/06 15:17:38    Writing relevant output files for antismash.modules.cluster_compare
DEBUG    18/06 15:17:38    Writing relevant output files for antismash.modules.clusterblast
DEBUG    18/06 15:17:38    Writing relevant output files for antismash.modules.lanthipeptides
DEBUG    18/06 15:17:38    Writing relevant output files for antismash.modules.lassopeptides
DEBUG    18/06 15:17:38    Writing relevant output files for antismash.modules.nrps_pks
DEBUG    18/06 15:17:38    Writing relevant output files for antismash.modules.pfam2go
DEBUG    18/06 15:17:38    Writing relevant output files for antismash.modules.rrefinder
DEBUG    18/06 15:17:38    Writing relevant output files for antismash.modules.sactipeptides
DEBUG    18/06 15:17:38    Writing relevant output files for antismash.modules.t2pks
DEBUG    18/06 15:17:38    Writing relevant output files for antismash.modules.terpene
DEBUG    18/06 15:17:38    Writing relevant output files for antismash.modules.tfbs_finder
DEBUG    18/06 15:17:38    Writing relevant output files for antismash.modules.thiopeptides
DEBUG    18/06 15:17:38    Writing relevant output files for antismash.modules.tta
DEBUG    18/06 15:17:38    Writing relevant output files for antismash.detection.hmm_detection
DEBUG    18/06 15:17:38    Writing relevant output files for antismash.detection.cluster_hmmer
DEBUG    18/06 15:17:38    Writing relevant output files for antismash.detection.genefunctions
DEBUG    18/06 15:17:38    Writing relevant output files for antismash.detection.nrps_pks_domains
DEBUG    18/06 15:17:38    Writing relevant output files for antismash.detection.tigrfam
DEBUG    18/06 15:17:38    Writing relevant output files for antismash.modules.active_site_finder
DEBUG    18/06 15:17:38    Writing relevant output files for antismash.modules.cluster_compare
DEBUG    18/06 15:17:38    Writing relevant output files for antismash.modules.clusterblast
DEBUG    18/06 15:17:38    Writing relevant output files for antismash.modules.lanthipeptides
DEBUG    18/06 15:17:38    Writing relevant output files for antismash.modules.lassopeptides
DEBUG    18/06 15:17:38    Writing relevant output files for antismash.modules.nrps_pks
DEBUG    18/06 15:17:38    Writing relevant output files for antismash.modules.pfam2go
DEBUG    18/06 15:17:38    Writing relevant output files for antismash.modules.rrefinder
DEBUG    18/06 15:17:38    Writing relevant output files for antismash.modules.sactipeptides
DEBUG    18/06 15:17:38    Writing relevant output files for antismash.modules.t2pks
DEBUG    18/06 15:17:38    Writing relevant output files for antismash.modules.terpene
DEBUG    18/06 15:17:38    Writing relevant output files for antismash.modules.tfbs_finder
DEBUG    18/06 15:17:38    Writing relevant output files for antismash.modules.thiopeptides
DEBUG    18/06 15:17:38    Writing relevant output files for antismash.modules.tta
DEBUG    18/06 15:17:38    Writing relevant output files for antismash.detection.hmm_detection
DEBUG    18/06 15:17:38    Writing relevant output files for antismash.detection.hmm_detection
DEBUG    18/06 15:17:38    Writing relevant output files for antismash.detection.cluster_hmmer
DEBUG    18/06 15:17:38    Writing relevant output files for antismash.detection.genefunctions
DEBUG    18/06 15:17:38    Writing relevant output files for antismash.detection.nrps_pks_domains
DEBUG    18/06 15:17:38    Writing relevant output files for antismash.detection.tigrfam
DEBUG    18/06 15:17:38    Writing relevant output files for antismash.modules.active_site_finder
DEBUG    18/06 15:17:38    Writing relevant output files for antismash.modules.cluster_compare
DEBUG    18/06 15:17:38    Writing relevant output files for antismash.modules.clusterblast
DEBUG    18/06 15:17:38    Writing relevant output files for antismash.modules.lanthipeptides
DEBUG    18/06 15:17:38    Writing relevant output files for antismash.modules.lassopeptides
DEBUG    18/06 15:17:38    Writing relevant output files for antismash.modules.nrps_pks
DEBUG    18/06 15:17:38    Writing relevant output files for antismash.modules.pfam2go
DEBUG    18/06 15:17:38    Writing relevant output files for antismash.modules.rrefinder
DEBUG    18/06 15:17:38    Writing relevant output files for antismash.modules.sactipeptides
DEBUG    18/06 15:17:38    Writing relevant output files for antismash.modules.t2pks
DEBUG    18/06 15:17:38    Writing relevant output files for antismash.modules.terpene
DEBUG    18/06 15:17:38    Writing relevant output files for antismash.modules.tfbs_finder
DEBUG    18/06 15:17:38    Writing relevant output files for antismash.modules.thiopeptides
DEBUG    18/06 15:17:38    Writing relevant output files for antismash.modules.tta
DEBUG    18/06 15:17:38    Writing relevant output files for antismash.detection.hmm_detection
DEBUG    18/06 15:17:38    Writing relevant output files for antismash.detection.hmm_detection
DEBUG    18/06 15:17:38    Writing relevant output files for antismash.detection.hmm_detection
DEBUG    18/06 15:17:38    Writing relevant output files for antismash.detection.hmm_detection
DEBUG    18/06 15:17:38    Writing relevant output files for antismash.detection.hmm_detection
DEBUG    18/06 15:17:38    Writing relevant output files for antismash.detection.hmm_detection
DEBUG    18/06 15:17:38    Writing relevant output files for antismash.detection.hmm_detection
DEBUG    18/06 15:17:38    Writing relevant output files for antismash.detection.hmm_detection
DEBUG    18/06 15:17:38    Writing relevant output files for antismash.detection.cluster_hmmer
DEBUG    18/06 15:17:38    Writing relevant output files for antismash.detection.genefunctions
DEBUG    18/06 15:17:38    Writing relevant output files for antismash.detection.nrps_pks_domains
DEBUG    18/06 15:17:38    Writing relevant output files for antismash.detection.tigrfam
DEBUG    18/06 15:17:38    Writing relevant output files for antismash.modules.active_site_finder
DEBUG    18/06 15:17:38    Writing relevant output files for antismash.modules.cluster_compare
DEBUG    18/06 15:17:38    Writing relevant output files for antismash.modules.clusterblast
DEBUG    18/06 15:17:38    Writing relevant output files for antismash.modules.lanthipeptides
DEBUG    18/06 15:17:38    Writing relevant output files for antismash.modules.lassopeptides
DEBUG    18/06 15:17:38    Writing relevant output files for antismash.modules.nrps_pks
DEBUG    18/06 15:17:38    Writing relevant output files for antismash.modules.pfam2go
DEBUG    18/06 15:17:38    Writing relevant output files for antismash.modules.rrefinder
DEBUG    18/06 15:17:38    Writing relevant output files for antismash.modules.sactipeptides
DEBUG    18/06 15:17:38    Writing relevant output files for antismash.modules.t2pks
DEBUG    18/06 15:17:38    Writing relevant output files for antismash.modules.terpene
DEBUG    18/06 15:17:38    Writing relevant output files for antismash.modules.tfbs_finder
DEBUG    18/06 15:17:38    Writing relevant output files for antismash.modules.thiopeptides
DEBUG    18/06 15:17:38    Writing relevant output files for antismash.modules.tta
DEBUG    18/06 15:17:38    Writing relevant output files for antismash.detection.hmm_detection
DEBUG    18/06 15:17:38    Writing relevant output files for antismash.detection.hmm_detection
DEBUG    18/06 15:17:38    Writing relevant output files for antismash.detection.hmm_detection
DEBUG    18/06 15:17:38   Creating results page
DEBUG    18/06 15:17:38   Results page using antismash.js from local copy: /databases/as-js/0.16/antismash.js
DEBUG    18/06 15:17:52   Writing cluster-specific genbank files
DEBUG    18/06 15:17:52   Writing final genbank file to '/data/antismash/upload/bacteria-abaa4d96-6934-453d-93b1-57d1869f2d81/6D03_short.gbk'
DEBUG    18/06 15:17:53   Zipping output to '/data/antismash/upload/bacteria-abaa4d96-6934-453d-93b1-57d1869f2d81/6D03_short.zip'
