INFO     18/06 14:56:33   antiSMASH version: 8.0.4
INFO     18/06 14:56:33   diamond using executable: /usr/bin/diamond-aligner (2.1.3)
INFO     18/06 14:56:33   hmmpfam2 using executable: /usr/bin/hmm2pfam (2.3.2)
INFO     18/06 14:56:33   fasttree using executable: /usr/bin/fasttree
INFO     18/06 14:56:33   hmmsearch using executable: /usr/bin/hmmsearch (3.3.2)
INFO     18/06 14:56:33   hmmpress using executable: /usr/bin/hmmpress (3.3.2)
INFO     18/06 14:56:33   hmmscan using executable: /usr/bin/hmmscan (3.3.2)
INFO     18/06 14:56:33   prodigal using executable: /usr/bin/prodigal (V2.6.3)
INFO     18/06 14:56:33   blastp using executable: /usr/bin/blastp (2.12.0+)
INFO     18/06 14:56:33   makeblastdb using executable: /usr/bin/makeblastdb (2.12.0+)
DEBUG    18/06 14:56:33   Checking prerequisites for antismash.detection.hmm_detection
DEBUG    18/06 14:56:34   Found file '/usr/local/lib/python3.11/dist-packages/antismash/detection/hmm_detection/data/bgc_seeds.hmm'
DEBUG    18/06 14:56:34   Found file '/usr/local/lib/python3.11/dist-packages/antismash/detection/hmm_detection/data/bgc_seeds.hmm'
DEBUG    18/06 14:56:34   Found file '/usr/local/lib/python3.11/dist-packages/antismash/detection/hmm_detection/data/bgc_seeds.hmm.h3f'
DEBUG    18/06 14:56:34   Found file '/usr/local/lib/python3.11/dist-packages/antismash/detection/hmm_detection/data/bgc_seeds.hmm.h3i'
DEBUG    18/06 14:56:34   Found file '/usr/local/lib/python3.11/dist-packages/antismash/detection/hmm_detection/data/bgc_seeds.hmm.h3m'
DEBUG    18/06 14:56:34   Found file '/usr/local/lib/python3.11/dist-packages/antismash/detection/hmm_detection/data/bgc_seeds.hmm.h3p'
DEBUG    18/06 14:56:34   Checking prerequisites for antismash.detection.cluster_hmmer
DEBUG    18/06 14:56:34   Found file '/databases/pfam/35.0/Pfam-A.hmm'
DEBUG    18/06 14:56:34   Found file '/databases/pfam/35.0/Pfam-A.hmm.h3f'
DEBUG    18/06 14:56:34   Found file '/databases/pfam/35.0/Pfam-A.hmm.h3i'
DEBUG    18/06 14:56:34   Found file '/databases/pfam/35.0/Pfam-A.hmm.h3m'
DEBUG    18/06 14:56:34   Found file '/databases/pfam/35.0/Pfam-A.hmm.h3p'
DEBUG    18/06 14:56:34   Checking prerequisites for antismash.detection.genefunctions
DEBUG    18/06 14:56:34   Found file '/databases/resfam/Resfams.hmm'
DEBUG    18/06 14:56:34   Found file '/usr/local/lib/python3.11/dist-packages/antismash/detection/genefunctions/tools/data/extras.hmm.h3f'
DEBUG    18/06 14:56:34   Found file '/usr/local/lib/python3.11/dist-packages/antismash/detection/genefunctions/tools/data/extras.hmm.h3i'
DEBUG    18/06 14:56:34   Found file '/usr/local/lib/python3.11/dist-packages/antismash/detection/genefunctions/tools/data/extras.hmm.h3m'
DEBUG    18/06 14:56:34   Found file '/usr/local/lib/python3.11/dist-packages/antismash/detection/genefunctions/tools/data/extras.hmm.h3p'
DEBUG    18/06 14:56:34   Found file '/usr/local/lib/python3.11/dist-packages/antismash/detection/genefunctions/tools/halogenases/data/FDH.hmm'
DEBUG    18/06 14:56:34   Found file '/usr/local/lib/python3.11/dist-packages/antismash/detection/genefunctions/tools/halogenases/data/FDH.hmm.h3f'
DEBUG    18/06 14:56:34   Found file '/usr/local/lib/python3.11/dist-packages/antismash/detection/genefunctions/tools/halogenases/data/FDH.hmm.h3i'
DEBUG    18/06 14:56:34   Found file '/usr/local/lib/python3.11/dist-packages/antismash/detection/genefunctions/tools/halogenases/data/FDH.hmm.h3m'
DEBUG    18/06 14:56:34   Found file '/usr/local/lib/python3.11/dist-packages/antismash/detection/genefunctions/tools/halogenases/data/FDH.hmm.h3p'
DEBUG    18/06 14:56:34   Found file '/databases/mite/1.3/metadata.json'
DEBUG    18/06 14:56:34   Found file '/databases/mite/1.3/mite.fasta'
DEBUG    18/06 14:56:34   Found file '/databases/mite/1.3/mite.db.dmnd'
DEBUG    18/06 14:56:34   Found file '/databases/mite/1.3/mite.db.dmnd'
DEBUG    18/06 14:56:34   Found file '/usr/local/lib/python3.11/dist-packages/antismash/detection/genefunctions/tools/data/smcogs.hmm.h3f'
DEBUG    18/06 14:56:34   Found file '/usr/local/lib/python3.11/dist-packages/antismash/detection/genefunctions/tools/data/smcogs.hmm.h3i'
DEBUG    18/06 14:56:34   Found file '/usr/local/lib/python3.11/dist-packages/antismash/detection/genefunctions/tools/data/smcogs.hmm.h3m'
DEBUG    18/06 14:56:34   Found file '/usr/local/lib/python3.11/dist-packages/antismash/detection/genefunctions/tools/data/smcogs.hmm.h3p'
DEBUG    18/06 14:56:34   Found file '/databases/resfam/Resfams.hmm.h3f'
DEBUG    18/06 14:56:34   Found file '/databases/resfam/Resfams.hmm.h3i'
DEBUG    18/06 14:56:34   Found file '/databases/resfam/Resfams.hmm.h3m'
DEBUG    18/06 14:56:34   Found file '/databases/resfam/Resfams.hmm.h3p'
DEBUG    18/06 14:56:34   Checking prerequisites for antismash.detection.nrps_pks_domains
DEBUG    18/06 14:56:34   Found file '/usr/local/lib/python3.11/dist-packages/antismash/detection/nrps_pks_domains/data/abmotifs.hmm.h3f'
DEBUG    18/06 14:56:34   Found file '/usr/local/lib/python3.11/dist-packages/antismash/detection/nrps_pks_domains/data/abmotifs.hmm.h3i'
DEBUG    18/06 14:56:34   Found file '/usr/local/lib/python3.11/dist-packages/antismash/detection/nrps_pks_domains/data/abmotifs.hmm.h3m'
DEBUG    18/06 14:56:34   Found file '/usr/local/lib/python3.11/dist-packages/antismash/detection/nrps_pks_domains/data/abmotifs.hmm.h3p'
DEBUG    18/06 14:56:34   Found file '/usr/local/lib/python3.11/dist-packages/antismash/detection/nrps_pks_domains/data/dockingdomains.hmm.h3f'
DEBUG    18/06 14:56:34   Found file '/usr/local/lib/python3.11/dist-packages/antismash/detection/nrps_pks_domains/data/dockingdomains.hmm.h3i'
DEBUG    18/06 14:56:34   Found file '/usr/local/lib/python3.11/dist-packages/antismash/detection/nrps_pks_domains/data/dockingdomains.hmm.h3m'
DEBUG    18/06 14:56:34   Found file '/usr/local/lib/python3.11/dist-packages/antismash/detection/nrps_pks_domains/data/dockingdomains.hmm.h3p'
DEBUG    18/06 14:56:34   Found file '/usr/local/lib/python3.11/dist-packages/antismash/detection/nrps_pks_domains/data/ksdomains.hmm.h3f'
DEBUG    18/06 14:56:34   Found file '/usr/local/lib/python3.11/dist-packages/antismash/detection/nrps_pks_domains/data/ksdomains.hmm.h3i'
DEBUG    18/06 14:56:34   Found file '/usr/local/lib/python3.11/dist-packages/antismash/detection/nrps_pks_domains/data/ksdomains.hmm.h3m'
DEBUG    18/06 14:56:34   Found file '/usr/local/lib/python3.11/dist-packages/antismash/detection/nrps_pks_domains/data/ksdomains.hmm.h3p'
DEBUG    18/06 14:56:34   Found file '/usr/local/lib/python3.11/dist-packages/antismash/detection/nrps_pks_domains/data/nrpspksdomains.hmm.h3f'
DEBUG    18/06 14:56:34   Found file '/usr/local/lib/python3.11/dist-packages/antismash/detection/nrps_pks_domains/data/nrpspksdomains.hmm.h3i'
DEBUG    18/06 14:56:34   Found file '/usr/local/lib/python3.11/dist-packages/antismash/detection/nrps_pks_domains/data/nrpspksdomains.hmm.h3m'
DEBUG    18/06 14:56:34   Found file '/usr/local/lib/python3.11/dist-packages/antismash/detection/nrps_pks_domains/data/nrpspksdomains.hmm.h3p'
DEBUG    18/06 14:56:34   Found file '/databases/nrps_pks/transATor/2023.02.23/transATor.hmm.h3f'
DEBUG    18/06 14:56:34   Found file '/databases/nrps_pks/transATor/2023.02.23/transATor.hmm.h3i'
DEBUG    18/06 14:56:34   Found file '/databases/nrps_pks/transATor/2023.02.23/transATor.hmm.h3m'
DEBUG    18/06 14:56:34   Found file '/databases/nrps_pks/transATor/2023.02.23/transATor.hmm.h3p'
DEBUG    18/06 14:56:34   Checking prerequisites for antismash.detection.tigrfam
DEBUG    18/06 14:56:34   Found file '/databases/tigrfam/TIGRFam.hmm'
DEBUG    18/06 14:56:34   Found file '/databases/tigrfam/TIGRFam.hmm.h3f'
DEBUG    18/06 14:56:34   Found file '/databases/tigrfam/TIGRFam.hmm.h3i'
DEBUG    18/06 14:56:34   Found file '/databases/tigrfam/TIGRFam.hmm.h3m'
DEBUG    18/06 14:56:34   Found file '/databases/tigrfam/TIGRFam.hmm.h3p'
DEBUG    18/06 14:56:34   Checking prerequisites for antismash.modules.active_site_finder
DEBUG    18/06 14:56:34   Found file '/usr/local/lib/python3.11/dist-packages/antismash/modules/active_site_finder/data/PKSI-KR.hmm2'
DEBUG    18/06 14:56:34   Found file '/usr/local/lib/python3.11/dist-packages/antismash/modules/active_site_finder/data/PKSI-KS_N.hmm2'
DEBUG    18/06 14:56:34   Found file '/usr/local/lib/python3.11/dist-packages/antismash/modules/active_site_finder/data/PKSI-KS_C.hmm2'
DEBUG    18/06 14:56:34   Found file '/usr/local/lib/python3.11/dist-packages/antismash/modules/active_site_finder/data/PKSI-AT.hmm2'
DEBUG    18/06 14:56:34   Found file '/usr/local/lib/python3.11/dist-packages/antismash/modules/active_site_finder/data/PKSI-ACP.hmm2'
DEBUG    18/06 14:56:34   Found file '/usr/local/lib/python3.11/dist-packages/antismash/modules/active_site_finder/data/PKSI-DH.hmm2'
DEBUG    18/06 14:56:34   Found file '/usr/local/lib/python3.11/dist-packages/antismash/modules/active_site_finder/data/Thioesterase.hmm2'
DEBUG    18/06 14:56:34   Found file '/usr/local/lib/python3.11/dist-packages/antismash/modules/active_site_finder/data/PKSI-ER.hmm2'
DEBUG    18/06 14:56:34   Found file '/usr/local/lib/python3.11/dist-packages/antismash/modules/active_site_finder/data/p450.hmm2'
DEBUG    18/06 14:56:34   Checking prerequisites for antismash.modules.cluster_compare
DEBUG    18/06 14:56:34   Found file '/databases/clustercompare/mibig/4.0/data.json'
DEBUG    18/06 14:56:34   Found file '/databases/clustercompare/mibig/4.0/proteins.fasta'
DEBUG    18/06 14:56:34   Found file '/databases/clustercompare/mibig/4.0/proteins.dmnd'
DEBUG    18/06 14:56:34   Found file '/databases/clustercompare/mibig/4.0/proteins.dmnd'
DEBUG    18/06 14:56:34   Checking prerequisites for antismash.modules.clusterblast
DEBUG    18/06 14:56:34   Found file '/databases/knownclusterblast/4.0/clusters.txt'
DEBUG    18/06 14:56:34   Found file '/databases/knownclusterblast/4.0/proteins.fasta'
DEBUG    18/06 14:56:34   Found file '/databases/knownclusterblast/4.0/proteins.dmnd'
DEBUG    18/06 14:56:34   Found file '/databases/knownclusterblast/4.0/proteins.dmnd'
DEBUG    18/06 14:56:34   Found file '/databases/clusterblast/clusters.txt'
DEBUG    18/06 14:56:34   Found file '/databases/clusterblast/proteins.fasta'
DEBUG    18/06 14:56:34   Found file '/databases/clusterblast/proteins.dmnd'
DEBUG    18/06 14:56:34   Found file '/databases/clusterblast/proteins.dmnd'
DEBUG    18/06 14:56:34   Found file '/usr/local/lib/python3.11/dist-packages/antismash/modules/clusterblast/data/sub/proteins.fasta'
DEBUG    18/06 14:56:34   Found file '/usr/local/lib/python3.11/dist-packages/antismash/modules/clusterblast/data/sub/proteins.fasta.phr'
DEBUG    18/06 14:56:34   Found file '/usr/local/lib/python3.11/dist-packages/antismash/modules/clusterblast/data/sub/proteins.fasta.pin'
DEBUG    18/06 14:56:34   Found file '/usr/local/lib/python3.11/dist-packages/antismash/modules/clusterblast/data/sub/proteins.fasta.psq'
DEBUG    18/06 14:56:34   Found file '/usr/local/lib/python3.11/dist-packages/antismash/modules/clusterblast/data/sub/clusters.txt'
DEBUG    18/06 14:56:34   Checking prerequisites for antismash.modules.lanthipeptides
DEBUG    18/06 14:56:34   Found file '/databases/comparippson/asdb/4.0/cores.fa.pdb'
DEBUG    18/06 14:56:34   Found file '/databases/comparippson/asdb/4.0/cores.fa.phr'
DEBUG    18/06 14:56:34   Found file '/databases/comparippson/asdb/4.0/cores.fa.pin'
DEBUG    18/06 14:56:34   Found file '/databases/comparippson/asdb/4.0/cores.fa.pot'
DEBUG    18/06 14:56:34   Found file '/databases/comparippson/asdb/4.0/cores.fa.psq'
DEBUG    18/06 14:56:34   Found file '/databases/comparippson/asdb/4.0/cores.fa.ptf'
DEBUG    18/06 14:56:34   Found file '/databases/comparippson/asdb/4.0/cores.fa.pto'
DEBUG    18/06 14:56:34   Found file '/databases/comparippson/mibig/4.0/cores.fa.pdb'
DEBUG    18/06 14:56:34   Found file '/databases/comparippson/mibig/4.0/cores.fa.phr'
DEBUG    18/06 14:56:34   Found file '/databases/comparippson/mibig/4.0/cores.fa.pin'
DEBUG    18/06 14:56:34   Found file '/databases/comparippson/mibig/4.0/cores.fa.pot'
DEBUG    18/06 14:56:34   Found file '/databases/comparippson/mibig/4.0/cores.fa.psq'
DEBUG    18/06 14:56:34   Found file '/databases/comparippson/mibig/4.0/cores.fa.ptf'
DEBUG    18/06 14:56:34   Found file '/databases/comparippson/mibig/4.0/cores.fa.pto'
DEBUG    18/06 14:56:34   Checking prerequisites for antismash.modules.lassopeptides
DEBUG    18/06 14:56:34   Checking prerequisites for antismash.modules.nrps_pks
DEBUG    18/06 14:56:34   Found existing cache for /usr/local/lib/python3.11/dist-packages/antismash/modules/nrps_pks/data/terminals/cterm.fasta
DEBUG    18/06 14:56:34   Found existing cache for /usr/local/lib/python3.11/dist-packages/antismash/modules/nrps_pks/data/terminals/nterm.fasta
DEBUG    18/06 14:56:34   Found existing cache for /usr/local/lib/python3.11/dist-packages/antismash/modules/nrps_pks/at_analysis/data/AT_domains_muscle.fasta
DEBUG    18/06 14:56:34   Found existing cache for /usr/local/lib/python3.11/dist-packages/antismash/modules/nrps_pks/c_analysis/data/Rausch_C_203.fa
DEBUG    18/06 14:56:34   Found existing cache for /usr/local/lib/python3.11/dist-packages/antismash/modules/nrps_pks/kr_analysis/data/KRdomains_muscle.fasta
DEBUG    18/06 14:56:34   Found existing cache for /usr/local/lib/python3.11/dist-packages/antismash/modules/nrps_pks/minowa/data/AT_domains_muscle.fasta
DEBUG    18/06 14:56:34   Found existing cache for /usr/local/lib/python3.11/dist-packages/antismash/modules/nrps_pks/minowa/data/CAL_domains_muscle.fasta
DEBUG    18/06 14:56:34   Checking prerequisites for antismash.modules.pfam2go
DEBUG    18/06 14:56:34   Found file '/usr/local/lib/python3.11/dist-packages/antismash/modules/pfam2go/data/pfam2go.txt'
DEBUG    18/06 14:56:34   Checking prerequisites for antismash.modules.rrefinder
DEBUG    18/06 14:56:34   Found file '/usr/local/lib/python3.11/dist-packages/antismash/modules/rrefinder/data/RREFam.hmm.h3f'
DEBUG    18/06 14:56:34   Found file '/usr/local/lib/python3.11/dist-packages/antismash/modules/rrefinder/data/RREFam.hmm.h3i'
DEBUG    18/06 14:56:34   Found file '/usr/local/lib/python3.11/dist-packages/antismash/modules/rrefinder/data/RREFam.hmm.h3m'
DEBUG    18/06 14:56:34   Found file '/usr/local/lib/python3.11/dist-packages/antismash/modules/rrefinder/data/RREFam.hmm.h3p'
DEBUG    18/06 14:56:34   Checking prerequisites for antismash.modules.sactipeptides
DEBUG    18/06 14:56:34   Checking prerequisites for antismash.modules.t2pks
DEBUG    18/06 14:56:34   Found file '/usr/local/lib/python3.11/dist-packages/antismash/modules/t2pks/data/KSIII.fasta'
DEBUG    18/06 14:56:34   Found file '/usr/local/lib/python3.11/dist-packages/antismash/modules/t2pks/data/KSIII.phr'
DEBUG    18/06 14:56:34   Found file '/usr/local/lib/python3.11/dist-packages/antismash/modules/t2pks/data/KSIII.pin'
DEBUG    18/06 14:56:34   Found file '/usr/local/lib/python3.11/dist-packages/antismash/modules/t2pks/data/KSIII.psq'
DEBUG    18/06 14:56:34   Found file '/usr/local/lib/python3.11/dist-packages/antismash/modules/t2pks/data/AT.fasta'
DEBUG    18/06 14:56:34   Found file '/usr/local/lib/python3.11/dist-packages/antismash/modules/t2pks/data/AT.phr'
DEBUG    18/06 14:56:34   Found file '/usr/local/lib/python3.11/dist-packages/antismash/modules/t2pks/data/AT.pin'
DEBUG    18/06 14:56:34   Found file '/usr/local/lib/python3.11/dist-packages/antismash/modules/t2pks/data/AT.psq'
DEBUG    18/06 14:56:34   Found file '/usr/local/lib/python3.11/dist-packages/antismash/modules/t2pks/data/LIG.fasta'
DEBUG    18/06 14:56:34   Found file '/usr/local/lib/python3.11/dist-packages/antismash/modules/t2pks/data/LIG.phr'
DEBUG    18/06 14:56:34   Found file '/usr/local/lib/python3.11/dist-packages/antismash/modules/t2pks/data/LIG.pin'
DEBUG    18/06 14:56:34   Found file '/usr/local/lib/python3.11/dist-packages/antismash/modules/t2pks/data/LIG.psq'
DEBUG    18/06 14:56:34   Found file '/usr/local/lib/python3.11/dist-packages/antismash/modules/t2pks/data/t2pks.hmm.h3f'
DEBUG    18/06 14:56:34   Found file '/usr/local/lib/python3.11/dist-packages/antismash/modules/t2pks/data/t2pks.hmm.h3i'
DEBUG    18/06 14:56:34   Found file '/usr/local/lib/python3.11/dist-packages/antismash/modules/t2pks/data/t2pks.hmm.h3m'
DEBUG    18/06 14:56:34   Found file '/usr/local/lib/python3.11/dist-packages/antismash/modules/t2pks/data/t2pks.hmm.h3p'
DEBUG    18/06 14:56:34   Checking prerequisites for antismash.modules.terpene
DEBUG    18/06 14:56:34   Found file '/usr/local/lib/python3.11/dist-packages/antismash/modules/terpene/data/all_profiles.hmm'
DEBUG    18/06 14:56:34   Found file '/usr/local/lib/python3.11/dist-packages/antismash/modules/terpene/data/all_profiles.hmm.h3f'
DEBUG    18/06 14:56:34   Found file '/usr/local/lib/python3.11/dist-packages/antismash/modules/terpene/data/all_profiles.hmm.h3i'
DEBUG    18/06 14:56:34   Found file '/usr/local/lib/python3.11/dist-packages/antismash/modules/terpene/data/all_profiles.hmm.h3m'
DEBUG    18/06 14:56:34   Found file '/usr/local/lib/python3.11/dist-packages/antismash/modules/terpene/data/all_profiles.hmm.h3p'
DEBUG    18/06 14:56:34   Checking prerequisites for antismash.modules.tfbs_finder
DEBUG    18/06 14:56:34   Found file '/usr/local/lib/python3.11/dist-packages/antismash/modules/tfbs_finder/data/PWMs.json'
DEBUG    18/06 14:56:34   Checking prerequisites for antismash.modules.thiopeptides
DEBUG    18/06 14:56:34   Found file '/usr/local/lib/python3.11/dist-packages/antismash/modules/thiopeptides/data/thiopep3.hmm.h3f'
DEBUG    18/06 14:56:34   Found file '/usr/local/lib/python3.11/dist-packages/antismash/modules/thiopeptides/data/thiopep3.hmm.h3i'
DEBUG    18/06 14:56:34   Found file '/usr/local/lib/python3.11/dist-packages/antismash/modules/thiopeptides/data/thiopep3.hmm.h3m'
DEBUG    18/06 14:56:34   Found file '/usr/local/lib/python3.11/dist-packages/antismash/modules/thiopeptides/data/thiopep3.hmm.h3p'
DEBUG    18/06 14:56:34   Checking prerequisites for antismash.modules.tta
DEBUG    18/06 14:56:34   Checking prerequisites for antismash.outputs.html
DEBUG    18/06 14:56:34   Found file '/usr/local/lib/python3.11/dist-packages/antismash/outputs/html/css/bacteria.css'
DEBUG    18/06 14:56:34   Found file '/usr/local/lib/python3.11/dist-packages/antismash/outputs/html/css/fungi.css'
DEBUG    18/06 14:56:34   Found file '/usr/local/lib/python3.11/dist-packages/antismash/outputs/html/css/plants.css'
DEBUG    18/06 14:56:34   Checking prerequisites for antismash.support.genefinding
DEBUG    18/06 14:56:34   Checking options for antismash.detection.hmm_detection
DEBUG    18/06 14:56:34   Checking options for antismash.detection.cluster_hmmer
DEBUG    18/06 14:56:34   Found file '/databases/pfam/35.0/Pfam-A.hmm'
DEBUG    18/06 14:56:34   Found file '/databases/pfam/35.0/Pfam-A.hmm.h3f'
DEBUG    18/06 14:56:34   Found file '/databases/pfam/35.0/Pfam-A.hmm.h3i'
DEBUG    18/06 14:56:34   Found file '/databases/pfam/35.0/Pfam-A.hmm.h3m'
DEBUG    18/06 14:56:34   Found file '/databases/pfam/35.0/Pfam-A.hmm.h3p'
DEBUG    18/06 14:56:34   Checking options for antismash.detection.genefunctions
DEBUG    18/06 14:56:34   Checking options for antismash.detection.nrps_pks_domains
DEBUG    18/06 14:56:34   Checking options for antismash.detection.tigrfam
DEBUG    18/06 14:56:34   Checking options for antismash.modules.active_site_finder
DEBUG    18/06 14:56:34   Checking options for antismash.modules.cluster_compare
DEBUG    18/06 14:56:34   Checking options for antismash.modules.clusterblast
DEBUG    18/06 14:56:34   Checking options for antismash.modules.lanthipeptides
DEBUG    18/06 14:56:34   Checking options for antismash.modules.lassopeptides
DEBUG    18/06 14:56:34   Checking options for antismash.modules.nrps_pks
DEBUG    18/06 14:56:34   Checking options for antismash.modules.pfam2go
DEBUG    18/06 14:56:34   Checking options for antismash.modules.rrefinder
DEBUG    18/06 14:56:34   Checking options for antismash.modules.sactipeptides
DEBUG    18/06 14:56:34   Checking options for antismash.modules.t2pks
DEBUG    18/06 14:56:34   Checking options for antismash.modules.terpene
DEBUG    18/06 14:56:34   Checking options for antismash.modules.tfbs_finder
DEBUG    18/06 14:56:34   Checking options for antismash.modules.thiopeptides
DEBUG    18/06 14:56:34   Checking options for antismash.modules.tta
DEBUG    18/06 14:56:34   Checking options for antismash.outputs.html
DEBUG    18/06 14:56:34   Checking options for antismash.support.genefinding
INFO     18/06 14:56:34   Parsing input sequence '/input/C2R07_2.fasta'
DEBUG    18/06 14:56:34   Stripping antiSMASH features and annotations from record: P2_A5_1
DEBUG    18/06 14:56:34   Stripping antiSMASH features and annotations from record: P2_A5_2
DEBUG    18/06 14:56:34   Stripping antiSMASH features and annotations from record: P2_A5_3
DEBUG    18/06 14:56:34   Stripping antiSMASH features and annotations from record: P2_A5_4
DEBUG    18/06 14:56:34   Stripping antiSMASH features and annotations from record: P2_A5_5
DEBUG    18/06 14:56:34   Stripping antiSMASH features and annotations from record: P2_A5_6
DEBUG    18/06 14:56:34   Stripping antiSMASH features and annotations from record: P2_A5_7
DEBUG    18/06 14:56:34   Stripping antiSMASH features and annotations from record: P2_A5_8
DEBUG    18/06 14:56:34   Stripping antiSMASH features and annotations from record: P2_A5_9
DEBUG    18/06 14:56:34   Stripping antiSMASH features and annotations from record: P2_A5_10
DEBUG    18/06 14:56:34   Stripping antiSMASH features and annotations from record: P2_A5_11
DEBUG    18/06 14:56:34   Stripping antiSMASH features and annotations from record: P2_A5_12
DEBUG    18/06 14:56:34   Stripping antiSMASH features and annotations from record: P2_A5_13
DEBUG    18/06 14:56:34   Stripping antiSMASH features and annotations from record: P2_A5_14
DEBUG    18/06 14:56:34   Stripping antiSMASH features and annotations from record: P2_A5_15
DEBUG    18/06 14:56:34   Stripping antiSMASH features and annotations from record: P2_A5_16
DEBUG    18/06 14:56:34   Stripping antiSMASH features and annotations from record: P2_A5_17
DEBUG    18/06 14:56:34   Stripping antiSMASH features and annotations from record: P2_A5_18
DEBUG    18/06 14:56:34   Stripping antiSMASH features and annotations from record: P2_A5_19
DEBUG    18/06 14:56:34   Stripping antiSMASH features and annotations from record: P2_A5_20
DEBUG    18/06 14:56:34   Stripping antiSMASH features and annotations from record: P2_A5_21
DEBUG    18/06 14:56:34   Stripping antiSMASH features and annotations from record: P2_A5_22
DEBUG    18/06 14:56:34   Stripping antiSMASH features and annotations from record: P2_A5_23
DEBUG    18/06 14:56:34   Stripping antiSMASH features and annotations from record: P2_A5_24
DEBUG    18/06 14:56:34   Stripping antiSMASH features and annotations from record: P2_A5_25
DEBUG    18/06 14:56:34   Stripping antiSMASH features and annotations from record: P2_A5_26
DEBUG    18/06 14:56:34   Stripping antiSMASH features and annotations from record: P2_A5_27
DEBUG    18/06 14:56:34   Stripping antiSMASH features and annotations from record: P2_A5_28
DEBUG    18/06 14:56:34   Stripping antiSMASH features and annotations from record: P2_A5_29
DEBUG    18/06 14:56:34   Stripping antiSMASH features and annotations from record: P2_A5_30
DEBUG    18/06 14:56:34   Stripping antiSMASH features and annotations from record: P2_A5_31
DEBUG    18/06 14:56:34   Stripping antiSMASH features and annotations from record: P2_A5_32
DEBUG    18/06 14:56:34   Stripping antiSMASH features and annotations from record: P2_A5_33
DEBUG    18/06 14:56:34   Stripping antiSMASH features and annotations from record: P2_A5_34
DEBUG    18/06 14:56:34   Stripping antiSMASH features and annotations from record: P2_A5_35
DEBUG    18/06 14:56:34   Stripping antiSMASH features and annotations from record: P2_A5_36
DEBUG    18/06 14:56:34   Stripping antiSMASH features and annotations from record: P2_A5_37
DEBUG    18/06 14:56:34   Stripping antiSMASH features and annotations from record: P2_A5_38
DEBUG    18/06 14:56:34   Stripping antiSMASH features and annotations from record: P2_A5_39
DEBUG    18/06 14:56:34   Stripping antiSMASH features and annotations from record: P2_A5_40
DEBUG    18/06 14:56:34   Stripping antiSMASH features and annotations from record: P2_A5_41
DEBUG    18/06 14:56:34   Stripping antiSMASH features and annotations from record: P2_A5_42
DEBUG    18/06 14:56:34   Stripping antiSMASH features and annotations from record: P2_A5_43
DEBUG    18/06 14:56:34   Stripping antiSMASH features and annotations from record: P2_A5_44
DEBUG    18/06 14:56:34   Stripping antiSMASH features and annotations from record: P2_A5_45
DEBUG    18/06 14:56:34   Stripping antiSMASH features and annotations from record: P2_A5_46
DEBUG    18/06 14:56:34   Stripping antiSMASH features and annotations from record: P2_A5_47
DEBUG    18/06 14:56:34   Stripping antiSMASH features and annotations from record: P2_A5_48
DEBUG    18/06 14:56:34   Stripping antiSMASH features and annotations from record: P2_A5_49
DEBUG    18/06 14:56:34   Stripping antiSMASH features and annotations from record: P2_A5_50
DEBUG    18/06 14:56:34   Stripping antiSMASH features and annotations from record: P2_A5_51
DEBUG    18/06 14:56:34   Stripping antiSMASH features and annotations from record: P2_A5_52
DEBUG    18/06 14:56:34   Stripping antiSMASH features and annotations from record: P2_A5_53
DEBUG    18/06 14:56:34   Stripping antiSMASH features and annotations from record: P2_A5_54
DEBUG    18/06 14:56:34   Stripping antiSMASH features and annotations from record: P2_A5_55
DEBUG    18/06 14:56:34   Converting records from biopython to secmet
DEBUG    18/06 14:56:34   Removing existing region genbank files
DEBUG    18/06 14:56:34   Reusing output directory: /data/antismash/upload/bacteria-fee38211-0279-42a6-aee0-cc0ad4e3e010
DEBUG    18/06 14:56:34   Preprocessing 55 sequences
DEBUG    18/06 14:56:34   Sanitising record ids and sequences
DEBUG    18/06 14:56:35   Removing sequences smaller than 1000 bases
DEBUG    18/06 14:56:35   Ensuring records have CDS features with all required information
INFO     18/06 14:56:35   No CDS features found in record 'P2_A5_1', running gene finding.
DEBUG    18/06 14:56:35   Running prodigal based genefinding
INFO     18/06 14:56:35   No CDS features found in record 'P2_A5_5', running gene finding.
DEBUG    18/06 14:56:35   Running prodigal based genefinding
INFO     18/06 14:56:35   No CDS features found in record 'P2_A5_9', running gene finding.
DEBUG    18/06 14:56:35   Running prodigal based genefinding
INFO     18/06 14:56:35   No CDS features found in record 'P2_A5_13', running gene finding.
DEBUG    18/06 14:56:35   Running prodigal based genefinding
DEBUG    18/06 14:56:35   prodigal found 84 CDS features
INFO     18/06 14:56:35   No CDS features found in record 'P2_A5_14', running gene finding.
DEBUG    18/06 14:56:35   Running prodigal based genefinding
DEBUG    18/06 14:56:35   prodigal found 112 CDS features
INFO     18/06 14:56:35   No CDS features found in record 'P2_A5_10', running gene finding.
DEBUG    18/06 14:56:35   Running prodigal based genefinding
DEBUG    18/06 14:56:35   prodigal found 69 CDS features
INFO     18/06 14:56:35   No CDS features found in record 'P2_A5_15', running gene finding.
DEBUG    18/06 14:56:35   Running prodigal based genefinding
DEBUG    18/06 14:56:35   prodigal found 200 CDS features
INFO     18/06 14:56:35   No CDS features found in record 'P2_A5_6', running gene finding.
DEBUG    18/06 14:56:35   Running prodigal based genefinding
DEBUG    18/06 14:56:35   prodigal found 112 CDS features
INFO     18/06 14:56:35   No CDS features found in record 'P2_A5_11', running gene finding.
DEBUG    18/06 14:56:35   Running prodigal based genefinding
DEBUG    18/06 14:56:35   prodigal found 83 CDS features
INFO     18/06 14:56:35   No CDS features found in record 'P2_A5_16', running gene finding.
DEBUG    18/06 14:56:35   Running prodigal based genefinding
DEBUG    18/06 14:56:36   prodigal found 101 CDS features
INFO     18/06 14:56:36   No CDS features found in record 'P2_A5_12', running gene finding.
DEBUG    18/06 14:56:36   Running prodigal based genefinding
DEBUG    18/06 14:56:36   prodigal found 90 CDS features
INFO     18/06 14:56:36   No CDS features found in record 'P2_A5_17', running gene finding.
DEBUG    18/06 14:56:36   Running prodigal based genefinding
DEBUG    18/06 14:56:36   prodigal found 247 CDS features
INFO     18/06 14:56:36   No CDS features found in record 'P2_A5_2', running gene finding.
DEBUG    18/06 14:56:36   Running prodigal based genefinding
DEBUG    18/06 14:56:36   prodigal found 169 CDS features
INFO     18/06 14:56:36   No CDS features found in record 'P2_A5_7', running gene finding.
DEBUG    18/06 14:56:36   Running prodigal based genefinding
DEBUG    18/06 14:56:36   prodigal found 77 CDS features
INFO     18/06 14:56:36   No CDS features found in record 'P2_A5_18', running gene finding.
DEBUG    18/06 14:56:36   Running prodigal based genefinding
DEBUG    18/06 14:56:36   prodigal found 98 CDS features
INFO     18/06 14:56:36   No CDS features found in record 'P2_A5_21', running gene finding.
DEBUG    18/06 14:56:36   Running prodigal based genefinding
DEBUG    18/06 14:56:36   prodigal found 73 CDS features
INFO     18/06 14:56:36   No CDS features found in record 'P2_A5_19', running gene finding.
DEBUG    18/06 14:56:36   Running prodigal based genefinding
DEBUG    18/06 14:56:36   prodigal found 54 CDS features
INFO     18/06 14:56:36   No CDS features found in record 'P2_A5_22', running gene finding.
DEBUG    18/06 14:56:36   Running prodigal based genefinding
DEBUG    18/06 14:56:36   prodigal found 158 CDS features
INFO     18/06 14:56:36   No CDS features found in record 'P2_A5_8', running gene finding.
DEBUG    18/06 14:56:36   Running prodigal based genefinding
DEBUG    18/06 14:56:36   prodigal found 69 CDS features
INFO     18/06 14:56:36   No CDS features found in record 'P2_A5_20', running gene finding.
DEBUG    18/06 14:56:36   Running prodigal based genefinding
DEBUG    18/06 14:56:36   prodigal found 56 CDS features
INFO     18/06 14:56:36   No CDS features found in record 'P2_A5_23', running gene finding.
DEBUG    18/06 14:56:36   Running prodigal based genefinding
DEBUG    18/06 14:56:37   prodigal found 273 CDS features
INFO     18/06 14:56:37   No CDS features found in record 'P2_A5_3', running gene finding.
DEBUG    18/06 14:56:37   Running prodigal based genefinding
DEBUG    18/06 14:56:37   prodigal found 57 CDS features
INFO     18/06 14:56:37   No CDS features found in record 'P2_A5_25', running gene finding.
DEBUG    18/06 14:56:37   Running prodigal based genefinding
DEBUG    18/06 14:56:37   prodigal found 52 CDS features
INFO     18/06 14:56:37   No CDS features found in record 'P2_A5_24', running gene finding.
DEBUG    18/06 14:56:37   Running prodigal based genefinding
DEBUG    18/06 14:56:37   prodigal found 37 CDS features
INFO     18/06 14:56:37   No CDS features found in record 'P2_A5_26', running gene finding.
DEBUG    18/06 14:56:37   Running prodigal based genefinding
DEBUG    18/06 14:56:37   prodigal found 56 CDS features
DEBUG    18/06 14:56:37   prodigal found 155 CDS features
INFO     18/06 14:56:37   No CDS features found in record 'P2_A5_29', running gene finding.
DEBUG    18/06 14:56:37   Running prodigal based genefinding
INFO     18/06 14:56:37   No CDS features found in record 'P2_A5_33', running gene finding.
DEBUG    18/06 14:56:37   Running prodigal based genefinding
DEBUG    18/06 14:56:37   prodigal found 35 CDS features
DEBUG    18/06 14:56:37   prodigal found 50 CDS features
INFO     18/06 14:56:37   No CDS features found in record 'P2_A5_30', running gene finding.
INFO     18/06 14:56:37   No CDS features found in record 'P2_A5_27', running gene finding.
DEBUG    18/06 14:56:37   Running prodigal based genefinding
DEBUG    18/06 14:56:37   Running prodigal based genefinding
DEBUG    18/06 14:56:37   prodigal found 41 CDS features
INFO     18/06 14:56:37   No CDS features found in record 'P2_A5_28', running gene finding.
DEBUG    18/06 14:56:37   Running prodigal based genefinding
DEBUG    18/06 14:56:37   prodigal found 11 CDS features
INFO     18/06 14:56:37   No CDS features found in record 'P2_A5_34', running gene finding.
DEBUG    18/06 14:56:37   Running prodigal based genefinding
DEBUG    18/06 14:56:37   prodigal found 30 CDS features
INFO     18/06 14:56:37   No CDS features found in record 'P2_A5_37', running gene finding.
DEBUG    18/06 14:56:37   Running prodigal based genefinding
DEBUG    18/06 14:56:37   prodigal found 18 CDS features
INFO     18/06 14:56:37   No CDS features found in record 'P2_A5_31', running gene finding.
DEBUG    18/06 14:56:37   Running prodigal based genefinding
DEBUG    18/06 14:56:37   prodigal found 11 CDS features
DEBUG    18/06 14:56:37   prodigal found 17 CDS features
INFO     18/06 14:56:37   No CDS features found in record 'P2_A5_38', running gene finding.
INFO     18/06 14:56:37   No CDS features found in record 'P2_A5_35', running gene finding.
DEBUG    18/06 14:56:37   Running prodigal based genefinding
DEBUG    18/06 14:56:37   Running prodigal based genefinding
DEBUG    18/06 14:56:37   prodigal found 11 CDS features
INFO     18/06 14:56:37   No CDS features found in record 'P2_A5_32', running gene finding.
DEBUG    18/06 14:56:37   Running prodigal based genefinding
DEBUG    18/06 14:56:37   prodigal found 9 CDS features
INFO     18/06 14:56:37   No CDS features found in record 'P2_A5_39', running gene finding.
DEBUG    18/06 14:56:37   Running prodigal based genefinding
DEBUG    18/06 14:56:37   prodigal found 244 CDS features
INFO     18/06 14:56:37   No CDS features found in record 'P2_A5_4', running gene finding.
DEBUG    18/06 14:56:37   Running prodigal based genefinding
DEBUG    18/06 14:56:37   prodigal found 11 CDS features
INFO     18/06 14:56:37   No CDS features found in record 'P2_A5_40', running gene finding.
DEBUG    18/06 14:56:37   Running prodigal based genefinding
DEBUG    18/06 14:56:38   prodigal found 16 CDS features
INFO     18/06 14:56:38   No CDS features found in record 'P2_A5_41', running gene finding.
DEBUG    18/06 14:56:38   Running prodigal based genefinding
DEBUG    18/06 14:56:38   prodigal found 18 CDS features
INFO     18/06 14:56:38   No CDS features found in record 'P2_A5_36', running gene finding.
DEBUG    18/06 14:56:38   Running prodigal based genefinding
DEBUG    18/06 14:56:38   prodigal found 8 CDS features
INFO     18/06 14:56:38   No CDS features found in record 'P2_A5_45', running gene finding.
DEBUG    18/06 14:56:38   Running prodigal based genefinding
DEBUG    18/06 14:56:38   prodigal found 9 CDS features
INFO     18/06 14:56:38   No CDS features found in record 'P2_A5_42', running gene finding.
DEBUG    18/06 14:56:38   Running prodigal based genefinding
DEBUG    18/06 14:56:38   prodigal found 8 CDS features
INFO     18/06 14:56:38   No CDS features found in record 'P2_A5_46', running gene finding.
DEBUG    18/06 14:56:38   Running prodigal based genefinding
DEBUG    18/06 14:56:38   prodigal found 5 CDS features
INFO     18/06 14:56:38   No CDS features found in record 'P2_A5_43', running gene finding.
DEBUG    18/06 14:56:38   Running prodigal based genefinding
DEBUG    18/06 14:56:38   prodigal found 6 CDS features
INFO     18/06 14:56:38   No CDS features found in record 'P2_A5_47', running gene finding.
DEBUG    18/06 14:56:38   Running prodigal based genefinding
DEBUG    18/06 14:56:38   prodigal found 4 CDS features
INFO     18/06 14:56:38   No CDS features found in record 'P2_A5_48', running gene finding.
DEBUG    18/06 14:56:38   Running prodigal based genefinding
DEBUG    18/06 14:56:38   prodigal found 221 CDS features
DEBUG    18/06 14:56:38   prodigal found 16 CDS features
DEBUG    18/06 14:56:38   prodigal found 9 CDS features
INFO     18/06 14:56:38   No CDS features found in record 'P2_A5_44', running gene finding.
DEBUG    18/06 14:56:38   Running prodigal based genefinding
INFO     18/06 14:56:38   No CDS features found in record 'P2_A5_49', running gene finding.
DEBUG    18/06 14:56:38   Running prodigal based genefinding
DEBUG    18/06 14:56:38   prodigal found 3 CDS features
INFO     18/06 14:56:38   No CDS features found in record 'P2_A5_53', running gene finding.
DEBUG    18/06 14:56:38   Running prodigal based genefinding
DEBUG    18/06 14:56:38   prodigal found 2 CDS features
DEBUG    18/06 14:56:38   prodigal found 2 CDS features
INFO     18/06 14:56:38   No CDS features found in record 'P2_A5_54', running gene finding.
DEBUG    18/06 14:56:38   Running prodigal based genefinding
DEBUG    18/06 14:56:38   prodigal found 6 CDS features
INFO     18/06 14:56:38   No CDS features found in record 'P2_A5_50', running gene finding.
DEBUG    18/06 14:56:38   Running prodigal based genefinding
DEBUG    18/06 14:56:38   prodigal found 1 CDS features
INFO     18/06 14:56:38   No CDS features found in record 'P2_A5_55', running gene finding.
DEBUG    18/06 14:56:38   Running prodigal based genefinding
DEBUG    18/06 14:56:38   prodigal found 1 CDS features
INFO     18/06 14:56:38   No CDS features found in record 'P2_A5_51', running gene finding.
DEBUG    18/06 14:56:38   Running prodigal based genefinding
DEBUG    18/06 14:56:38   prodigal found 2 CDS features
DEBUG    18/06 14:56:38   prodigal found 1 CDS features
INFO     18/06 14:56:38   No CDS features found in record 'P2_A5_52', running gene finding.
DEBUG    18/06 14:56:38   Running prodigal based genefinding
DEBUG    18/06 14:56:38   prodigal found 2 CDS features
INFO     18/06 14:56:38   Analysing record: P2_A5_1
INFO     18/06 14:56:38   Detecting secondary metabolite clusters
DEBUG    18/06 14:56:38   Checking if antismash.detection.hmm_detection should be run
INFO     18/06 14:56:38   Running antismash.detection.hmm_detection
INFO     18/06 14:56:38   HMM detection using strictness: relaxed
DEBUG    18/06 14:56:41   2 rule-based cluster(s) found in record
DEBUG    18/06 14:56:41   2 protoclusters found
DEBUG    18/06 14:56:41   0 subregions found
INFO     18/06 14:56:41   2 region(s) detected in record
DEBUG    18/06 14:56:41   Checking if antismash.detection.cluster_hmmer should be run
INFO     18/06 14:56:41   Running antismash.detection.cluster_hmmer
INFO     18/06 14:56:41   Running cluster PFAM search
DEBUG    18/06 14:57:04   Building name mapping for HMMer database Pfam-A.hmm
DEBUG    18/06 14:57:10   Building cutoff mapping for HMMer database /databases/pfam/35.0/Pfam-A.hmm
DEBUG    18/06 14:57:15   Adding detection results from antismash.detection.cluster_hmmer to record
DEBUG    18/06 14:57:15   Checking if antismash.detection.genefunctions should be run
INFO     18/06 14:57:15   Running antismash.detection.genefunctions
DEBUG    18/06 14:57:19   Adding detection results from antismash.detection.genefunctions to record
DEBUG    18/06 14:57:19   annotating CDS features with extras info: 0 CDSes
DEBUG    18/06 14:57:19   annotating CDS features with halogenases info: 0 CDSes
DEBUG    18/06 14:57:19   annotating CDS features with MITE info: 0 CDSes
DEBUG    18/06 14:57:19   annotating CDS features with resist info: 0 CDSes
DEBUG    18/06 14:57:19   annotating CDS features with smcogs info: 30 CDSes
DEBUG    18/06 14:57:19   Checking if antismash.detection.nrps_pks_domains should be run
INFO     18/06 14:57:19   Running antismash.detection.nrps_pks_domains
DEBUG    18/06 14:57:19   Marking NRPS/PKS CDS features and domains in clusters
DEBUG    18/06 14:57:19   Adding detection results from antismash.detection.nrps_pks_domains to record
DEBUG    18/06 14:57:19   Checking if antismash.detection.tigrfam should be run
INFO     18/06 14:57:19   Running antismash.detection.tigrfam
INFO     18/06 14:57:19   Running TIGRFam search
DEBUG    18/06 14:57:27   Building name mapping for HMMer database TIGRFam.hmm
DEBUG    18/06 14:57:29   Adding detection results from antismash.detection.tigrfam to record
DEBUG    18/06 14:57:29   Checking if antismash.modules.active_site_finder should be run
INFO     18/06 14:57:29   Running antismash.modules.active_site_finder
DEBUG    18/06 14:57:29   Checking if antismash.modules.cluster_compare should be run
INFO     18/06 14:57:29   Running antismash.modules.cluster_compare
DEBUG    18/06 14:57:29   Loading comparison database: MIBiG
DEBUG    18/06 14:57:30   Comparison database loaded
INFO     18/06 14:57:30   Comparing regions to reference database
DEBUG    18/06 14:57:33   Checking if antismash.modules.clusterblast should be run
INFO     18/06 14:57:33   Running antismash.modules.clusterblast
INFO     18/06 14:57:33   Running ClusterBlast
INFO     18/06 14:57:33   ClusterBlast: Loading gene cluster database into memory...
INFO     18/06 14:57:36   ClusterBlast: Loading gene cluster database proteins into memory...
INFO     18/06 14:58:09   Comparing regions to reference database
INFO     18/06 14:58:37   Running subcluster search
INFO     18/06 14:58:37   SubClusterBlast: Loading gene cluster database into memory...
INFO     18/06 14:58:37   SubClusterBlast: Loading gene cluster database proteins into memory...
INFO     18/06 14:58:38   Running known cluster search
INFO     18/06 14:58:38   KnownClusterBlast: Loading gene cluster database into memory...
INFO     18/06 14:58:39   KnownClusterBlast: Loading gene cluster database proteins into memory...
DEBUG    18/06 14:58:39   Running DIAMOND knowncluster searches..
INFO     18/06 14:58:39   Comparing regions to reference database
DEBUG    18/06 14:58:44   Checking if antismash.modules.lanthipeptides should be run
INFO     18/06 14:58:44   Running antismash.modules.lanthipeptides
DEBUG    18/06 14:58:44   Lanthipeptide module marked 0 motifs
DEBUG    18/06 14:58:44   Checking if antismash.modules.lassopeptides should be run
INFO     18/06 14:58:44   Running antismash.modules.lassopeptides
DEBUG    18/06 14:58:44   Lassopeptide module marked 0 motifs
DEBUG    18/06 14:58:44   Checking if antismash.modules.nrps_pks should be run
INFO     18/06 14:58:44   Running antismash.modules.nrps_pks
INFO     18/06 14:58:44   Predicting A domain substrate specificities with nrpys
INFO     18/06 14:58:44   Predicting NRPS C domain activity using active site motifs
INFO     18/06 14:58:44   Predicting CAL domain substrate specificities by Minowa et al. method
INFO     18/06 14:58:44   Predicting PKS KR activity and stereochemistry using KR fingerprints from Starcevic et al.
DEBUG    18/06 14:58:45   CandidateCluster 2 monomer ordering method: colinear
DEBUG    18/06 14:58:45   Checking if antismash.modules.pfam2go should be run
INFO     18/06 14:58:45   Running antismash.modules.pfam2go
DEBUG    18/06 14:58:45   Checking if antismash.modules.rrefinder should be run
INFO     18/06 14:58:45   Running antismash.modules.rrefinder
DEBUG    18/06 14:58:45   Checking if antismash.modules.sactipeptides should be run
INFO     18/06 14:58:45   Running antismash.modules.sactipeptides
DEBUG    18/06 14:58:45   Found no sactipeptide motifs
DEBUG    18/06 14:58:45   Checking if antismash.modules.t2pks should be run
INFO     18/06 14:58:45   Running antismash.modules.t2pks
DEBUG    18/06 14:58:45   No type II PKS clusters to analyze
DEBUG    18/06 14:58:45   Checking if antismash.modules.terpene should be run
INFO     18/06 14:58:45   Running antismash.modules.terpene
DEBUG    18/06 14:58:45   No terpene clusters to analyse
DEBUG    18/06 14:58:45   Checking if antismash.modules.tfbs_finder should be run
INFO     18/06 14:58:45   Running antismash.modules.tfbs_finder
DEBUG    18/06 14:58:46   Checking if antismash.modules.thiopeptides should be run
INFO     18/06 14:58:46   Running antismash.modules.thiopeptides
DEBUG    18/06 14:58:46   Thiopeptides marked 0 motifs
DEBUG    18/06 14:58:46   Checking if antismash.modules.tta should be run
INFO     18/06 14:58:46   Running antismash.modules.tta
INFO     18/06 14:58:46   Detecting TTA codons
DEBUG    18/06 14:58:46   GC content: 66%
DEBUG    18/06 14:58:46   Detected 0 TTA codons
INFO     18/06 14:58:46   Analysing record: P2_A5_2
INFO     18/06 14:58:46   Detecting secondary metabolite clusters
DEBUG    18/06 14:58:46   Checking if antismash.detection.hmm_detection should be run
INFO     18/06 14:58:46   Running antismash.detection.hmm_detection
INFO     18/06 14:58:46   HMM detection using strictness: relaxed
DEBUG    18/06 14:58:49   2 rule-based cluster(s) found in record
DEBUG    18/06 14:58:49   2 protoclusters found
DEBUG    18/06 14:58:49   0 subregions found
INFO     18/06 14:58:49   1 region(s) detected in record
DEBUG    18/06 14:58:49   Checking if antismash.detection.cluster_hmmer should be run
INFO     18/06 14:58:49   Running antismash.detection.cluster_hmmer
INFO     18/06 14:58:49   Running cluster PFAM search
DEBUG    18/06 14:59:07   Adding detection results from antismash.detection.cluster_hmmer to record
DEBUG    18/06 14:59:07   Checking if antismash.detection.genefunctions should be run
INFO     18/06 14:59:07   Running antismash.detection.genefunctions
DEBUG    18/06 14:59:09   Adding detection results from antismash.detection.genefunctions to record
DEBUG    18/06 14:59:09   annotating CDS features with extras info: 0 CDSes
DEBUG    18/06 14:59:09   annotating CDS features with halogenases info: 0 CDSes
DEBUG    18/06 14:59:09   annotating CDS features with MITE info: 0 CDSes
DEBUG    18/06 14:59:09   annotating CDS features with resist info: 0 CDSes
DEBUG    18/06 14:59:09   annotating CDS features with smcogs info: 18 CDSes
DEBUG    18/06 14:59:09   Checking if antismash.detection.nrps_pks_domains should be run
INFO     18/06 14:59:09   Running antismash.detection.nrps_pks_domains
DEBUG    18/06 14:59:09   Marking NRPS/PKS CDS features and domains in clusters
DEBUG    18/06 14:59:10   Adding detection results from antismash.detection.nrps_pks_domains to record
DEBUG    18/06 14:59:10   Checking if antismash.detection.tigrfam should be run
INFO     18/06 14:59:10   Running antismash.detection.tigrfam
INFO     18/06 14:59:10   Running TIGRFam search
DEBUG    18/06 14:59:15   Adding detection results from antismash.detection.tigrfam to record
DEBUG    18/06 14:59:15   Checking if antismash.modules.active_site_finder should be run
INFO     18/06 14:59:15   Running antismash.modules.active_site_finder
DEBUG    18/06 14:59:15   Checking if antismash.modules.cluster_compare should be run
INFO     18/06 14:59:15   Running antismash.modules.cluster_compare
DEBUG    18/06 14:59:15   Loading comparison database: MIBiG
DEBUG    18/06 14:59:15   Comparison database loaded
INFO     18/06 14:59:15   Comparing regions to reference database
DEBUG    18/06 14:59:18   Checking if antismash.modules.clusterblast should be run
INFO     18/06 14:59:18   Running antismash.modules.clusterblast
INFO     18/06 14:59:18   Running ClusterBlast
INFO     18/06 14:59:18   ClusterBlast: Loading gene cluster database into memory...
INFO     18/06 14:59:20   ClusterBlast: Loading gene cluster database proteins into memory...
INFO     18/06 14:59:50   Comparing regions to reference database
INFO     18/06 15:00:11   Running subcluster search
INFO     18/06 15:00:11   SubClusterBlast: Loading gene cluster database into memory...
INFO     18/06 15:00:11   SubClusterBlast: Loading gene cluster database proteins into memory...
INFO     18/06 15:00:12   Running known cluster search
INFO     18/06 15:00:12   KnownClusterBlast: Loading gene cluster database into memory...
INFO     18/06 15:00:12   KnownClusterBlast: Loading gene cluster database proteins into memory...
DEBUG    18/06 15:00:13   Running DIAMOND knowncluster searches..
INFO     18/06 15:00:13   Comparing regions to reference database
DEBUG    18/06 15:00:18   Checking if antismash.modules.lanthipeptides should be run
INFO     18/06 15:00:18   Running antismash.modules.lanthipeptides
DEBUG    18/06 15:00:18   Lanthipeptide module marked 0 motifs
DEBUG    18/06 15:00:19   Checking if antismash.modules.lassopeptides should be run
INFO     18/06 15:00:19   Running antismash.modules.lassopeptides
DEBUG    18/06 15:00:19   Lassopeptide module marked 0 motifs
DEBUG    18/06 15:00:19   Checking if antismash.modules.nrps_pks should be run
INFO     18/06 15:00:19   Running antismash.modules.nrps_pks
INFO     18/06 15:00:19   Predicting A domain substrate specificities with nrpys
INFO     18/06 15:00:19   Predicting NRPS C domain activity using active site motifs
INFO     18/06 15:00:19   Predicting CAL domain substrate specificities by Minowa et al. method
INFO     18/06 15:00:19   Predicting PKS KR activity and stereochemistry using KR fingerprints from Starcevic et al.
DEBUG    18/06 15:00:19   Checking if antismash.modules.pfam2go should be run
INFO     18/06 15:00:19   Running antismash.modules.pfam2go
DEBUG    18/06 15:00:19   Checking if antismash.modules.rrefinder should be run
INFO     18/06 15:00:19   Running antismash.modules.rrefinder
DEBUG    18/06 15:00:19   Checking if antismash.modules.sactipeptides should be run
INFO     18/06 15:00:19   Running antismash.modules.sactipeptides
DEBUG    18/06 15:00:19   Found no sactipeptide motifs
DEBUG    18/06 15:00:19   Checking if antismash.modules.t2pks should be run
INFO     18/06 15:00:19   Running antismash.modules.t2pks
DEBUG    18/06 15:00:19   No type II PKS clusters to analyze
DEBUG    18/06 15:00:19   Checking if antismash.modules.terpene should be run
INFO     18/06 15:00:19   Running antismash.modules.terpene
INFO     18/06 15:00:19   Analysing terpene clusters
DEBUG    18/06 15:00:19   Checking if antismash.modules.tfbs_finder should be run
INFO     18/06 15:00:19   Running antismash.modules.tfbs_finder
DEBUG    18/06 15:00:20   Checking if antismash.modules.thiopeptides should be run
INFO     18/06 15:00:20   Running antismash.modules.thiopeptides
DEBUG    18/06 15:00:20   Thiopeptides marked 0 motifs
DEBUG    18/06 15:00:20   Checking if antismash.modules.tta should be run
INFO     18/06 15:00:20   Running antismash.modules.tta
INFO     18/06 15:00:20   Detecting TTA codons
DEBUG    18/06 15:00:20   GC content: 67%
DEBUG    18/06 15:00:20   Detected 2 TTA codons
INFO     18/06 15:00:20   Analysing record: P2_A5_3
INFO     18/06 15:00:20   Detecting secondary metabolite clusters
DEBUG    18/06 15:00:20   Checking if antismash.detection.hmm_detection should be run
INFO     18/06 15:00:20   Running antismash.detection.hmm_detection
INFO     18/06 15:00:20   HMM detection using strictness: relaxed
DEBUG    18/06 15:00:23   0 rule-based cluster(s) found in record
DEBUG    18/06 15:00:23   0 protoclusters found
DEBUG    18/06 15:00:23   0 subregions found
INFO     18/06 15:00:23   No regions detected, skipping record
INFO     18/06 15:00:23   Analysing record: P2_A5_4
INFO     18/06 15:00:23   Detecting secondary metabolite clusters
DEBUG    18/06 15:00:23   Checking if antismash.detection.hmm_detection should be run
INFO     18/06 15:00:23   Running antismash.detection.hmm_detection
INFO     18/06 15:00:23   HMM detection using strictness: relaxed
DEBUG    18/06 15:00:26   0 rule-based cluster(s) found in record
DEBUG    18/06 15:00:26   0 protoclusters found
DEBUG    18/06 15:00:26   0 subregions found
INFO     18/06 15:00:26   No regions detected, skipping record
INFO     18/06 15:00:26   Analysing record: P2_A5_5
INFO     18/06 15:00:26   Detecting secondary metabolite clusters
DEBUG    18/06 15:00:26   Checking if antismash.detection.hmm_detection should be run
INFO     18/06 15:00:26   Running antismash.detection.hmm_detection
INFO     18/06 15:00:26   HMM detection using strictness: relaxed
DEBUG    18/06 15:00:29   1 rule-based cluster(s) found in record
DEBUG    18/06 15:00:29   1 protoclusters found
DEBUG    18/06 15:00:29   0 subregions found
INFO     18/06 15:00:29   1 region(s) detected in record
DEBUG    18/06 15:00:29   Checking if antismash.detection.cluster_hmmer should be run
INFO     18/06 15:00:29   Running antismash.detection.cluster_hmmer
INFO     18/06 15:00:29   Running cluster PFAM search
DEBUG    18/06 15:00:33   Adding detection results from antismash.detection.cluster_hmmer to record
DEBUG    18/06 15:00:33   Checking if antismash.detection.genefunctions should be run
INFO     18/06 15:00:33   Running antismash.detection.genefunctions
DEBUG    18/06 15:00:34   Adding detection results from antismash.detection.genefunctions to record
DEBUG    18/06 15:00:34   annotating CDS features with extras info: 0 CDSes
DEBUG    18/06 15:00:34   annotating CDS features with halogenases info: 0 CDSes
DEBUG    18/06 15:00:34   annotating CDS features with MITE info: 0 CDSes
DEBUG    18/06 15:00:34   annotating CDS features with resist info: 0 CDSes
DEBUG    18/06 15:00:34   annotating CDS features with smcogs info: 5 CDSes
DEBUG    18/06 15:00:34   Checking if antismash.detection.nrps_pks_domains should be run
INFO     18/06 15:00:34   Running antismash.detection.nrps_pks_domains
DEBUG    18/06 15:00:34   Marking NRPS/PKS CDS features and domains in clusters
DEBUG    18/06 15:00:34   Adding detection results from antismash.detection.nrps_pks_domains to record
DEBUG    18/06 15:00:34   Checking if antismash.detection.tigrfam should be run
INFO     18/06 15:00:34   Running antismash.detection.tigrfam
INFO     18/06 15:00:34   Running TIGRFam search
DEBUG    18/06 15:00:35   Adding detection results from antismash.detection.tigrfam to record
DEBUG    18/06 15:00:35   Checking if antismash.modules.active_site_finder should be run
INFO     18/06 15:00:35   Running antismash.modules.active_site_finder
DEBUG    18/06 15:00:35   Checking if antismash.modules.cluster_compare should be run
INFO     18/06 15:00:35   Running antismash.modules.cluster_compare
DEBUG    18/06 15:00:35   Loading comparison database: MIBiG
DEBUG    18/06 15:00:35   Comparison database loaded
INFO     18/06 15:00:35   Comparing regions to reference database
DEBUG    18/06 15:00:38   Checking if antismash.modules.clusterblast should be run
INFO     18/06 15:00:38   Running antismash.modules.clusterblast
INFO     18/06 15:00:38   Running ClusterBlast
INFO     18/06 15:00:38   ClusterBlast: Loading gene cluster database into memory...
INFO     18/06 15:00:41   ClusterBlast: Loading gene cluster database proteins into memory...
INFO     18/06 15:01:12   Comparing regions to reference database
INFO     18/06 15:01:36   Running subcluster search
INFO     18/06 15:01:36   SubClusterBlast: Loading gene cluster database into memory...
INFO     18/06 15:01:36   SubClusterBlast: Loading gene cluster database proteins into memory...
INFO     18/06 15:01:37   Running known cluster search
INFO     18/06 15:01:37   KnownClusterBlast: Loading gene cluster database into memory...
INFO     18/06 15:01:37   KnownClusterBlast: Loading gene cluster database proteins into memory...
DEBUG    18/06 15:01:37   Running DIAMOND knowncluster searches..
INFO     18/06 15:01:37   Comparing regions to reference database
DEBUG    18/06 15:01:42   Checking if antismash.modules.lanthipeptides should be run
INFO     18/06 15:01:42   Running antismash.modules.lanthipeptides
DEBUG    18/06 15:01:42   Lanthipeptide module marked 0 motifs
DEBUG    18/06 15:01:42   Checking if antismash.modules.lassopeptides should be run
INFO     18/06 15:01:42   Running antismash.modules.lassopeptides
DEBUG    18/06 15:01:42   Lassopeptide module marked 0 motifs
DEBUG    18/06 15:01:42   Checking if antismash.modules.nrps_pks should be run
INFO     18/06 15:01:42   Running antismash.modules.nrps_pks
INFO     18/06 15:01:42   Predicting NRPS C domain activity using active site motifs
DEBUG    18/06 15:01:42   Checking if antismash.modules.pfam2go should be run
INFO     18/06 15:01:42   Running antismash.modules.pfam2go
DEBUG    18/06 15:01:42   Checking if antismash.modules.rrefinder should be run
INFO     18/06 15:01:42   Running antismash.modules.rrefinder
DEBUG    18/06 15:01:42   Checking if antismash.modules.sactipeptides should be run
INFO     18/06 15:01:42   Running antismash.modules.sactipeptides
DEBUG    18/06 15:01:42   Found no sactipeptide motifs
DEBUG    18/06 15:01:43   Checking if antismash.modules.t2pks should be run
INFO     18/06 15:01:43   Running antismash.modules.t2pks
DEBUG    18/06 15:01:43   No type II PKS clusters to analyze
DEBUG    18/06 15:01:43   Checking if antismash.modules.terpene should be run
INFO     18/06 15:01:43   Running antismash.modules.terpene
DEBUG    18/06 15:01:43   No terpene clusters to analyse
DEBUG    18/06 15:01:43   Checking if antismash.modules.tfbs_finder should be run
INFO     18/06 15:01:43   Running antismash.modules.tfbs_finder
DEBUG    18/06 15:01:43   Checking if antismash.modules.thiopeptides should be run
INFO     18/06 15:01:43   Running antismash.modules.thiopeptides
DEBUG    18/06 15:01:43   Thiopeptides marked 0 motifs
DEBUG    18/06 15:01:43   Checking if antismash.modules.tta should be run
INFO     18/06 15:01:43   Running antismash.modules.tta
INFO     18/06 15:01:43   Detecting TTA codons
DEBUG    18/06 15:01:43   GC content: 66%
DEBUG    18/06 15:01:43   Detected 0 TTA codons
INFO     18/06 15:01:43   Analysing record: P2_A5_6
INFO     18/06 15:01:43   Detecting secondary metabolite clusters
DEBUG    18/06 15:01:43   Checking if antismash.detection.hmm_detection should be run
INFO     18/06 15:01:43   Running antismash.detection.hmm_detection
INFO     18/06 15:01:43   HMM detection using strictness: relaxed
DEBUG    18/06 15:01:45   0 rule-based cluster(s) found in record
DEBUG    18/06 15:01:45   0 protoclusters found
DEBUG    18/06 15:01:45   0 subregions found
INFO     18/06 15:01:45   No regions detected, skipping record
INFO     18/06 15:01:45   Analysing record: P2_A5_7
INFO     18/06 15:01:45   Detecting secondary metabolite clusters
DEBUG    18/06 15:01:45   Checking if antismash.detection.hmm_detection should be run
INFO     18/06 15:01:45   Running antismash.detection.hmm_detection
INFO     18/06 15:01:45   HMM detection using strictness: relaxed
DEBUG    18/06 15:01:47   0 rule-based cluster(s) found in record
DEBUG    18/06 15:01:47   0 protoclusters found
DEBUG    18/06 15:01:47   0 subregions found
INFO     18/06 15:01:47   No regions detected, skipping record
INFO     18/06 15:01:47   Analysing record: P2_A5_8
INFO     18/06 15:01:47   Detecting secondary metabolite clusters
DEBUG    18/06 15:01:47   Checking if antismash.detection.hmm_detection should be run
INFO     18/06 15:01:47   Running antismash.detection.hmm_detection
INFO     18/06 15:01:47   HMM detection using strictness: relaxed
DEBUG    18/06 15:01:49   0 rule-based cluster(s) found in record
DEBUG    18/06 15:01:49   0 protoclusters found
DEBUG    18/06 15:01:49   0 subregions found
INFO     18/06 15:01:49   No regions detected, skipping record
INFO     18/06 15:01:49   Analysing record: P2_A5_9
INFO     18/06 15:01:49   Detecting secondary metabolite clusters
DEBUG    18/06 15:01:49   Checking if antismash.detection.hmm_detection should be run
INFO     18/06 15:01:49   Running antismash.detection.hmm_detection
INFO     18/06 15:01:49   HMM detection using strictness: relaxed
DEBUG    18/06 15:01:51   0 rule-based cluster(s) found in record
DEBUG    18/06 15:01:51   0 protoclusters found
DEBUG    18/06 15:01:51   0 subregions found
INFO     18/06 15:01:51   No regions detected, skipping record
INFO     18/06 15:01:51   Analysing record: P2_A5_10
INFO     18/06 15:01:51   Detecting secondary metabolite clusters
DEBUG    18/06 15:01:51   Checking if antismash.detection.hmm_detection should be run
INFO     18/06 15:01:51   Running antismash.detection.hmm_detection
INFO     18/06 15:01:51   HMM detection using strictness: relaxed
DEBUG    18/06 15:01:52   0 rule-based cluster(s) found in record
DEBUG    18/06 15:01:52   0 protoclusters found
DEBUG    18/06 15:01:52   0 subregions found
INFO     18/06 15:01:52   No regions detected, skipping record
INFO     18/06 15:01:52   Analysing record: P2_A5_11
INFO     18/06 15:01:52   Detecting secondary metabolite clusters
DEBUG    18/06 15:01:52   Checking if antismash.detection.hmm_detection should be run
INFO     18/06 15:01:52   Running antismash.detection.hmm_detection
INFO     18/06 15:01:52   HMM detection using strictness: relaxed
DEBUG    18/06 15:01:53   0 rule-based cluster(s) found in record
DEBUG    18/06 15:01:53   0 protoclusters found
DEBUG    18/06 15:01:53   0 subregions found
INFO     18/06 15:01:53   No regions detected, skipping record
INFO     18/06 15:01:53   Analysing record: P2_A5_12
INFO     18/06 15:01:53   Detecting secondary metabolite clusters
DEBUG    18/06 15:01:53   Checking if antismash.detection.hmm_detection should be run
INFO     18/06 15:01:53   Running antismash.detection.hmm_detection
INFO     18/06 15:01:53   HMM detection using strictness: relaxed
DEBUG    18/06 15:01:55   0 rule-based cluster(s) found in record
DEBUG    18/06 15:01:55   0 protoclusters found
DEBUG    18/06 15:01:55   0 subregions found
INFO     18/06 15:01:55   No regions detected, skipping record
INFO     18/06 15:01:55   Analysing record: P2_A5_13
INFO     18/06 15:01:55   Detecting secondary metabolite clusters
DEBUG    18/06 15:01:55   Checking if antismash.detection.hmm_detection should be run
INFO     18/06 15:01:55   Running antismash.detection.hmm_detection
INFO     18/06 15:01:55   HMM detection using strictness: relaxed
DEBUG    18/06 15:01:56   0 rule-based cluster(s) found in record
DEBUG    18/06 15:01:56   0 protoclusters found
DEBUG    18/06 15:01:56   0 subregions found
INFO     18/06 15:01:56   No regions detected, skipping record
INFO     18/06 15:01:56   Analysing record: P2_A5_14
INFO     18/06 15:01:56   Detecting secondary metabolite clusters
DEBUG    18/06 15:01:56   Checking if antismash.detection.hmm_detection should be run
INFO     18/06 15:01:56   Running antismash.detection.hmm_detection
INFO     18/06 15:01:56   HMM detection using strictness: relaxed
DEBUG    18/06 15:01:57   1 rule-based cluster(s) found in record
DEBUG    18/06 15:01:57   1 protoclusters found
DEBUG    18/06 15:01:57   0 subregions found
INFO     18/06 15:01:57   1 region(s) detected in record
DEBUG    18/06 15:01:57   Checking if antismash.detection.cluster_hmmer should be run
INFO     18/06 15:01:57   Running antismash.detection.cluster_hmmer
INFO     18/06 15:01:57   Running cluster PFAM search
DEBUG    18/06 15:02:06   Adding detection results from antismash.detection.cluster_hmmer to record
DEBUG    18/06 15:02:06   Checking if antismash.detection.genefunctions should be run
INFO     18/06 15:02:06   Running antismash.detection.genefunctions
DEBUG    18/06 15:02:08   Adding detection results from antismash.detection.genefunctions to record
DEBUG    18/06 15:02:08   annotating CDS features with extras info: 0 CDSes
DEBUG    18/06 15:02:08   annotating CDS features with halogenases info: 0 CDSes
DEBUG    18/06 15:02:08   annotating CDS features with MITE info: 0 CDSes
DEBUG    18/06 15:02:08   annotating CDS features with resist info: 0 CDSes
DEBUG    18/06 15:02:08   annotating CDS features with smcogs info: 9 CDSes
DEBUG    18/06 15:02:08   Checking if antismash.detection.nrps_pks_domains should be run
INFO     18/06 15:02:08   Running antismash.detection.nrps_pks_domains
DEBUG    18/06 15:02:08   Marking NRPS/PKS CDS features and domains in clusters
DEBUG    18/06 15:02:08   Adding detection results from antismash.detection.nrps_pks_domains to record
DEBUG    18/06 15:02:08   Checking if antismash.detection.tigrfam should be run
INFO     18/06 15:02:08   Running antismash.detection.tigrfam
INFO     18/06 15:02:08   Running TIGRFam search
DEBUG    18/06 15:02:11   Adding detection results from antismash.detection.tigrfam to record
DEBUG    18/06 15:02:11   Checking if antismash.modules.active_site_finder should be run
INFO     18/06 15:02:11   Running antismash.modules.active_site_finder
DEBUG    18/06 15:02:11   Checking if antismash.modules.cluster_compare should be run
INFO     18/06 15:02:11   Running antismash.modules.cluster_compare
DEBUG    18/06 15:02:11   Loading comparison database: MIBiG
DEBUG    18/06 15:02:11   Comparison database loaded
INFO     18/06 15:02:11   Comparing regions to reference database
DEBUG    18/06 15:02:14   Checking if antismash.modules.clusterblast should be run
INFO     18/06 15:02:14   Running antismash.modules.clusterblast
INFO     18/06 15:02:14   Running ClusterBlast
INFO     18/06 15:02:14   ClusterBlast: Loading gene cluster database into memory...
INFO     18/06 15:02:16   ClusterBlast: Loading gene cluster database proteins into memory...
INFO     18/06 15:02:48   Comparing regions to reference database
INFO     18/06 15:03:20   Running subcluster search
INFO     18/06 15:03:20   SubClusterBlast: Loading gene cluster database into memory...
INFO     18/06 15:03:20   SubClusterBlast: Loading gene cluster database proteins into memory...
INFO     18/06 15:03:21   Running known cluster search
INFO     18/06 15:03:21   KnownClusterBlast: Loading gene cluster database into memory...
INFO     18/06 15:03:21   KnownClusterBlast: Loading gene cluster database proteins into memory...
DEBUG    18/06 15:03:21   Running DIAMOND knowncluster searches..
INFO     18/06 15:03:21   Comparing regions to reference database
DEBUG    18/06 15:03:27   Checking if antismash.modules.lanthipeptides should be run
INFO     18/06 15:03:27   Running antismash.modules.lanthipeptides
DEBUG    18/06 15:03:27   Lanthipeptide module marked 0 motifs
DEBUG    18/06 15:03:27   Checking if antismash.modules.lassopeptides should be run
INFO     18/06 15:03:27   Running antismash.modules.lassopeptides
DEBUG    18/06 15:03:27   Lassopeptide module marked 0 motifs
DEBUG    18/06 15:03:27   Checking if antismash.modules.nrps_pks should be run
INFO     18/06 15:03:27   Running antismash.modules.nrps_pks
INFO     18/06 15:03:27   Predicting A domain substrate specificities with nrpys
INFO     18/06 15:03:27   Predicting NRPS C domain activity using active site motifs
INFO     18/06 15:03:27   Predicting CAL domain substrate specificities by Minowa et al. method
INFO     18/06 15:03:27   Predicting PKS KR activity and stereochemistry using KR fingerprints from Starcevic et al.
DEBUG    18/06 15:03:28   Checking if antismash.modules.pfam2go should be run
INFO     18/06 15:03:28   Running antismash.modules.pfam2go
DEBUG    18/06 15:03:28   Checking if antismash.modules.rrefinder should be run
INFO     18/06 15:03:28   Running antismash.modules.rrefinder
DEBUG    18/06 15:03:28   Checking if antismash.modules.sactipeptides should be run
INFO     18/06 15:03:28   Running antismash.modules.sactipeptides
DEBUG    18/06 15:03:28   Found no sactipeptide motifs
DEBUG    18/06 15:03:28   Checking if antismash.modules.t2pks should be run
INFO     18/06 15:03:28   Running antismash.modules.t2pks
DEBUG    18/06 15:03:28   No type II PKS clusters to analyze
DEBUG    18/06 15:03:28   Checking if antismash.modules.terpene should be run
INFO     18/06 15:03:28   Running antismash.modules.terpene
DEBUG    18/06 15:03:28   No terpene clusters to analyse
DEBUG    18/06 15:03:28   Checking if antismash.modules.tfbs_finder should be run
INFO     18/06 15:03:28   Running antismash.modules.tfbs_finder
DEBUG    18/06 15:03:28   Checking if antismash.modules.thiopeptides should be run
INFO     18/06 15:03:28   Running antismash.modules.thiopeptides
DEBUG    18/06 15:03:28   Thiopeptides marked 0 motifs
DEBUG    18/06 15:03:28   Checking if antismash.modules.tta should be run
INFO     18/06 15:03:28   Running antismash.modules.tta
INFO     18/06 15:03:28   Detecting TTA codons
DEBUG    18/06 15:03:28   GC content: 67%
DEBUG    18/06 15:03:28   Detected 1 TTA codons
INFO     18/06 15:03:28   Analysing record: P2_A5_15
INFO     18/06 15:03:28   Detecting secondary metabolite clusters
DEBUG    18/06 15:03:28   Checking if antismash.detection.hmm_detection should be run
INFO     18/06 15:03:28   Running antismash.detection.hmm_detection
INFO     18/06 15:03:28   HMM detection using strictness: relaxed
DEBUG    18/06 15:03:29   0 rule-based cluster(s) found in record
DEBUG    18/06 15:03:29   0 protoclusters found
DEBUG    18/06 15:03:29   0 subregions found
INFO     18/06 15:03:29   No regions detected, skipping record
INFO     18/06 15:03:29   Analysing record: P2_A5_16
INFO     18/06 15:03:29   Detecting secondary metabolite clusters
DEBUG    18/06 15:03:29   Checking if antismash.detection.hmm_detection should be run
INFO     18/06 15:03:29   Running antismash.detection.hmm_detection
INFO     18/06 15:03:29   HMM detection using strictness: relaxed
DEBUG    18/06 15:03:30   1 rule-based cluster(s) found in record
DEBUG    18/06 15:03:30   1 protoclusters found
DEBUG    18/06 15:03:30   0 subregions found
INFO     18/06 15:03:30   1 region(s) detected in record
DEBUG    18/06 15:03:30   Checking if antismash.detection.cluster_hmmer should be run
INFO     18/06 15:03:30   Running antismash.detection.cluster_hmmer
INFO     18/06 15:03:30   Running cluster PFAM search
DEBUG    18/06 15:03:42   Adding detection results from antismash.detection.cluster_hmmer to record
DEBUG    18/06 15:03:42   Checking if antismash.detection.genefunctions should be run
INFO     18/06 15:03:42   Running antismash.detection.genefunctions
DEBUG    18/06 15:03:44   Adding detection results from antismash.detection.genefunctions to record
DEBUG    18/06 15:03:44   annotating CDS features with extras info: 0 CDSes
DEBUG    18/06 15:03:44   annotating CDS features with halogenases info: 0 CDSes
DEBUG    18/06 15:03:44   annotating CDS features with MITE info: 0 CDSes
DEBUG    18/06 15:03:44   annotating CDS features with resist info: 0 CDSes
DEBUG    18/06 15:03:44   annotating CDS features with smcogs info: 6 CDSes
DEBUG    18/06 15:03:44   Checking if antismash.detection.nrps_pks_domains should be run
INFO     18/06 15:03:44   Running antismash.detection.nrps_pks_domains
DEBUG    18/06 15:03:44   Marking NRPS/PKS CDS features and domains in clusters
DEBUG    18/06 15:03:44   Adding detection results from antismash.detection.nrps_pks_domains to record
DEBUG    18/06 15:03:44   Checking if antismash.detection.tigrfam should be run
INFO     18/06 15:03:44   Running antismash.detection.tigrfam
INFO     18/06 15:03:44   Running TIGRFam search
DEBUG    18/06 15:03:48   Adding detection results from antismash.detection.tigrfam to record
DEBUG    18/06 15:03:48   Checking if antismash.modules.active_site_finder should be run
INFO     18/06 15:03:48   Running antismash.modules.active_site_finder
DEBUG    18/06 15:03:48   Checking if antismash.modules.cluster_compare should be run
INFO     18/06 15:03:48   Running antismash.modules.cluster_compare
DEBUG    18/06 15:03:48   Loading comparison database: MIBiG
DEBUG    18/06 15:03:48   Comparison database loaded
INFO     18/06 15:03:48   Comparing regions to reference database
DEBUG    18/06 15:03:50   Checking if antismash.modules.clusterblast should be run
INFO     18/06 15:03:50   Running antismash.modules.clusterblast
INFO     18/06 15:03:50   Running ClusterBlast
INFO     18/06 15:03:50   ClusterBlast: Loading gene cluster database into memory...
INFO     18/06 15:03:52   ClusterBlast: Loading gene cluster database proteins into memory...
INFO     18/06 15:04:25   Comparing regions to reference database
INFO     18/06 15:04:50   Running subcluster search
INFO     18/06 15:04:50   SubClusterBlast: Loading gene cluster database into memory...
INFO     18/06 15:04:50   SubClusterBlast: Loading gene cluster database proteins into memory...
INFO     18/06 15:04:51   Running known cluster search
INFO     18/06 15:04:51   KnownClusterBlast: Loading gene cluster database into memory...
INFO     18/06 15:04:51   KnownClusterBlast: Loading gene cluster database proteins into memory...
DEBUG    18/06 15:04:52   Running DIAMOND knowncluster searches..
INFO     18/06 15:04:52   Comparing regions to reference database
DEBUG    18/06 15:04:57   Checking if antismash.modules.lanthipeptides should be run
INFO     18/06 15:04:57   Running antismash.modules.lanthipeptides
DEBUG    18/06 15:04:57   Lanthipeptide module marked 0 motifs
DEBUG    18/06 15:04:57   Checking if antismash.modules.lassopeptides should be run
INFO     18/06 15:04:57   Running antismash.modules.lassopeptides
DEBUG    18/06 15:04:58   Lassopeptide module marked 0 motifs
DEBUG    18/06 15:04:58   Checking if antismash.modules.nrps_pks should be run
INFO     18/06 15:04:58   Running antismash.modules.nrps_pks
DEBUG    18/06 15:04:58   No NRPS or PKS genes found, skipping analysis
DEBUG    18/06 15:04:58   Checking if antismash.modules.pfam2go should be run
INFO     18/06 15:04:58   Running antismash.modules.pfam2go
DEBUG    18/06 15:04:58   Checking if antismash.modules.rrefinder should be run
INFO     18/06 15:04:58   Running antismash.modules.rrefinder
DEBUG    18/06 15:04:58   Checking if antismash.modules.sactipeptides should be run
INFO     18/06 15:04:58   Running antismash.modules.sactipeptides
DEBUG    18/06 15:04:58   Found no sactipeptide motifs
DEBUG    18/06 15:04:58   Checking if antismash.modules.t2pks should be run
INFO     18/06 15:04:58   Running antismash.modules.t2pks
DEBUG    18/06 15:04:58   No type II PKS clusters to analyze
DEBUG    18/06 15:04:58   Checking if antismash.modules.terpene should be run
INFO     18/06 15:04:58   Running antismash.modules.terpene
DEBUG    18/06 15:04:58   No terpene clusters to analyse
DEBUG    18/06 15:04:58   Checking if antismash.modules.tfbs_finder should be run
INFO     18/06 15:04:58   Running antismash.modules.tfbs_finder
DEBUG    18/06 15:04:58   Checking if antismash.modules.thiopeptides should be run
INFO     18/06 15:04:58   Running antismash.modules.thiopeptides
DEBUG    18/06 15:04:58   Thiopeptides marked 0 motifs
DEBUG    18/06 15:04:58   Checking if antismash.modules.tta should be run
INFO     18/06 15:04:58   Running antismash.modules.tta
INFO     18/06 15:04:58   Detecting TTA codons
DEBUG    18/06 15:04:58   GC content: 65%
DEBUG    18/06 15:04:58   Detected 1 TTA codons
INFO     18/06 15:04:58   Analysing record: P2_A5_17
INFO     18/06 15:04:58   Detecting secondary metabolite clusters
DEBUG    18/06 15:04:58   Checking if antismash.detection.hmm_detection should be run
INFO     18/06 15:04:58   Running antismash.detection.hmm_detection
INFO     18/06 15:04:58   HMM detection using strictness: relaxed
DEBUG    18/06 15:04:59   0 rule-based cluster(s) found in record
DEBUG    18/06 15:04:59   0 protoclusters found
DEBUG    18/06 15:04:59   0 subregions found
INFO     18/06 15:04:59   No regions detected, skipping record
INFO     18/06 15:04:59   Analysing record: P2_A5_18
INFO     18/06 15:04:59   Detecting secondary metabolite clusters
DEBUG    18/06 15:04:59   Checking if antismash.detection.hmm_detection should be run
INFO     18/06 15:04:59   Running antismash.detection.hmm_detection
INFO     18/06 15:04:59   HMM detection using strictness: relaxed
DEBUG    18/06 15:05:00   0 rule-based cluster(s) found in record
DEBUG    18/06 15:05:00   0 protoclusters found
DEBUG    18/06 15:05:00   0 subregions found
INFO     18/06 15:05:00   No regions detected, skipping record
INFO     18/06 15:05:00   Analysing record: P2_A5_19
INFO     18/06 15:05:00   Detecting secondary metabolite clusters
DEBUG    18/06 15:05:00   Checking if antismash.detection.hmm_detection should be run
INFO     18/06 15:05:00   Running antismash.detection.hmm_detection
INFO     18/06 15:05:00   HMM detection using strictness: relaxed
DEBUG    18/06 15:05:02   0 rule-based cluster(s) found in record
DEBUG    18/06 15:05:02   0 protoclusters found
DEBUG    18/06 15:05:02   0 subregions found
INFO     18/06 15:05:02   No regions detected, skipping record
INFO     18/06 15:05:02   Analysing record: P2_A5_20
INFO     18/06 15:05:02   Detecting secondary metabolite clusters
DEBUG    18/06 15:05:02   Checking if antismash.detection.hmm_detection should be run
INFO     18/06 15:05:02   Running antismash.detection.hmm_detection
INFO     18/06 15:05:02   HMM detection using strictness: relaxed
DEBUG    18/06 15:05:03   0 rule-based cluster(s) found in record
DEBUG    18/06 15:05:03   0 protoclusters found
DEBUG    18/06 15:05:03   0 subregions found
INFO     18/06 15:05:03   No regions detected, skipping record
INFO     18/06 15:05:03   Analysing record: P2_A5_21
INFO     18/06 15:05:03   Detecting secondary metabolite clusters
DEBUG    18/06 15:05:03   Checking if antismash.detection.hmm_detection should be run
INFO     18/06 15:05:03   Running antismash.detection.hmm_detection
INFO     18/06 15:05:03   HMM detection using strictness: relaxed
DEBUG    18/06 15:05:04   1 rule-based cluster(s) found in record
DEBUG    18/06 15:05:04   1 protoclusters found
DEBUG    18/06 15:05:04   0 subregions found
INFO     18/06 15:05:04   1 region(s) detected in record
DEBUG    18/06 15:05:04   Checking if antismash.detection.cluster_hmmer should be run
INFO     18/06 15:05:04   Running antismash.detection.cluster_hmmer
INFO     18/06 15:05:04   Running cluster PFAM search
DEBUG    18/06 15:05:18   Adding detection results from antismash.detection.cluster_hmmer to record
DEBUG    18/06 15:05:18   Checking if antismash.detection.genefunctions should be run
INFO     18/06 15:05:18   Running antismash.detection.genefunctions
DEBUG    18/06 15:05:21   Adding detection results from antismash.detection.genefunctions to record
DEBUG    18/06 15:05:21   annotating CDS features with extras info: 1 CDSes
DEBUG    18/06 15:05:21   annotating CDS features with halogenases info: 0 CDSes
DEBUG    18/06 15:05:21   annotating CDS features with MITE info: 0 CDSes
DEBUG    18/06 15:05:21   annotating CDS features with resist info: 0 CDSes
DEBUG    18/06 15:05:21   annotating CDS features with smcogs info: 10 CDSes
DEBUG    18/06 15:05:21   Checking if antismash.detection.nrps_pks_domains should be run
INFO     18/06 15:05:21   Running antismash.detection.nrps_pks_domains
DEBUG    18/06 15:05:21   Marking NRPS/PKS CDS features and domains in clusters
DEBUG    18/06 15:05:21   Adding detection results from antismash.detection.nrps_pks_domains to record
DEBUG    18/06 15:05:21   Checking if antismash.detection.tigrfam should be run
INFO     18/06 15:05:21   Running antismash.detection.tigrfam
INFO     18/06 15:05:21   Running TIGRFam search
DEBUG    18/06 15:05:26   Adding detection results from antismash.detection.tigrfam to record
DEBUG    18/06 15:05:26   Checking if antismash.modules.active_site_finder should be run
INFO     18/06 15:05:26   Running antismash.modules.active_site_finder
DEBUG    18/06 15:05:26   Checking if antismash.modules.cluster_compare should be run
INFO     18/06 15:05:26   Running antismash.modules.cluster_compare
DEBUG    18/06 15:05:26   Loading comparison database: MIBiG
DEBUG    18/06 15:05:26   Comparison database loaded
INFO     18/06 15:05:26   Comparing regions to reference database
DEBUG    18/06 15:05:28   Checking if antismash.modules.clusterblast should be run
INFO     18/06 15:05:28   Running antismash.modules.clusterblast
INFO     18/06 15:05:28   Running ClusterBlast
INFO     18/06 15:05:28   ClusterBlast: Loading gene cluster database into memory...
INFO     18/06 15:05:31   ClusterBlast: Loading gene cluster database proteins into memory...
INFO     18/06 15:06:00   Comparing regions to reference database
INFO     18/06 15:06:34   Running subcluster search
INFO     18/06 15:06:34   SubClusterBlast: Loading gene cluster database into memory...
INFO     18/06 15:06:34   SubClusterBlast: Loading gene cluster database proteins into memory...
INFO     18/06 15:06:35   Running known cluster search
INFO     18/06 15:06:35   KnownClusterBlast: Loading gene cluster database into memory...
INFO     18/06 15:06:35   KnownClusterBlast: Loading gene cluster database proteins into memory...
DEBUG    18/06 15:06:35   Running DIAMOND knowncluster searches..
INFO     18/06 15:06:35   Comparing regions to reference database
DEBUG    18/06 15:06:41   Checking if antismash.modules.lanthipeptides should be run
INFO     18/06 15:06:41   Running antismash.modules.lanthipeptides
DEBUG    18/06 15:06:41   Lanthipeptide module marked 0 motifs
DEBUG    18/06 15:06:41   Checking if antismash.modules.lassopeptides should be run
INFO     18/06 15:06:41   Running antismash.modules.lassopeptides
DEBUG    18/06 15:06:41   Lassopeptide module marked 0 motifs
DEBUG    18/06 15:06:41   Checking if antismash.modules.nrps_pks should be run
INFO     18/06 15:06:41   Running antismash.modules.nrps_pks
INFO     18/06 15:06:41   Predicting A domain substrate specificities with nrpys
INFO     18/06 15:06:41   Predicting NRPS C domain activity using active site motifs
DEBUG    18/06 15:06:41   CandidateCluster 1 monomer ordering method: colinear
DEBUG    18/06 15:06:41   Checking if antismash.modules.pfam2go should be run
INFO     18/06 15:06:41   Running antismash.modules.pfam2go
DEBUG    18/06 15:06:41   Checking if antismash.modules.rrefinder should be run
INFO     18/06 15:06:41   Running antismash.modules.rrefinder
DEBUG    18/06 15:06:41   Checking if antismash.modules.sactipeptides should be run
INFO     18/06 15:06:41   Running antismash.modules.sactipeptides
DEBUG    18/06 15:06:41   Found no sactipeptide motifs
DEBUG    18/06 15:06:41   Checking if antismash.modules.t2pks should be run
INFO     18/06 15:06:41   Running antismash.modules.t2pks
DEBUG    18/06 15:06:41   No type II PKS clusters to analyze
DEBUG    18/06 15:06:41   Checking if antismash.modules.terpene should be run
INFO     18/06 15:06:41   Running antismash.modules.terpene
DEBUG    18/06 15:06:41   No terpene clusters to analyse
DEBUG    18/06 15:06:41   Checking if antismash.modules.tfbs_finder should be run
INFO     18/06 15:06:41   Running antismash.modules.tfbs_finder
DEBUG    18/06 15:06:42   Checking if antismash.modules.thiopeptides should be run
INFO     18/06 15:06:42   Running antismash.modules.thiopeptides
DEBUG    18/06 15:06:42   Thiopeptides marked 0 motifs
DEBUG    18/06 15:06:42   Checking if antismash.modules.tta should be run
INFO     18/06 15:06:42   Running antismash.modules.tta
INFO     18/06 15:06:42   Skipping TTA codon detection, GC content too low: 63%
INFO     18/06 15:06:42   Analysing record: P2_A5_22
INFO     18/06 15:06:42   Detecting secondary metabolite clusters
DEBUG    18/06 15:06:42   Checking if antismash.detection.hmm_detection should be run
INFO     18/06 15:06:42   Running antismash.detection.hmm_detection
INFO     18/06 15:06:42   HMM detection using strictness: relaxed
DEBUG    18/06 15:06:43   0 rule-based cluster(s) found in record
DEBUG    18/06 15:06:43   0 protoclusters found
DEBUG    18/06 15:06:43   0 subregions found
INFO     18/06 15:06:43   No regions detected, skipping record
INFO     18/06 15:06:43   Analysing record: P2_A5_23
INFO     18/06 15:06:43   Detecting secondary metabolite clusters
DEBUG    18/06 15:06:43   Checking if antismash.detection.hmm_detection should be run
INFO     18/06 15:06:43   Running antismash.detection.hmm_detection
INFO     18/06 15:06:43   HMM detection using strictness: relaxed
DEBUG    18/06 15:06:43   0 rule-based cluster(s) found in record
DEBUG    18/06 15:06:43   0 protoclusters found
DEBUG    18/06 15:06:43   0 subregions found
INFO     18/06 15:06:43   No regions detected, skipping record
INFO     18/06 15:06:43   Analysing record: P2_A5_24
INFO     18/06 15:06:43   Detecting secondary metabolite clusters
DEBUG    18/06 15:06:43   Checking if antismash.detection.hmm_detection should be run
INFO     18/06 15:06:43   Running antismash.detection.hmm_detection
INFO     18/06 15:06:43   HMM detection using strictness: relaxed
DEBUG    18/06 15:06:44   0 rule-based cluster(s) found in record
DEBUG    18/06 15:06:44   0 protoclusters found
DEBUG    18/06 15:06:44   0 subregions found
INFO     18/06 15:06:44   No regions detected, skipping record
INFO     18/06 15:06:44   Analysing record: P2_A5_25
INFO     18/06 15:06:44   Detecting secondary metabolite clusters
DEBUG    18/06 15:06:44   Checking if antismash.detection.hmm_detection should be run
INFO     18/06 15:06:44   Running antismash.detection.hmm_detection
INFO     18/06 15:06:44   HMM detection using strictness: relaxed
DEBUG    18/06 15:06:45   0 rule-based cluster(s) found in record
DEBUG    18/06 15:06:45   0 protoclusters found
DEBUG    18/06 15:06:45   0 subregions found
INFO     18/06 15:06:45   No regions detected, skipping record
INFO     18/06 15:06:45   Analysing record: P2_A5_26
INFO     18/06 15:06:45   Detecting secondary metabolite clusters
DEBUG    18/06 15:06:45   Checking if antismash.detection.hmm_detection should be run
INFO     18/06 15:06:45   Running antismash.detection.hmm_detection
INFO     18/06 15:06:45   HMM detection using strictness: relaxed
DEBUG    18/06 15:06:46   1 rule-based cluster(s) found in record
DEBUG    18/06 15:06:46   1 protoclusters found
DEBUG    18/06 15:06:46   0 subregions found
INFO     18/06 15:06:46   1 region(s) detected in record
DEBUG    18/06 15:06:46   Checking if antismash.detection.cluster_hmmer should be run
INFO     18/06 15:06:46   Running antismash.detection.cluster_hmmer
INFO     18/06 15:06:46   Running cluster PFAM search
DEBUG    18/06 15:06:55   Adding detection results from antismash.detection.cluster_hmmer to record
DEBUG    18/06 15:06:55   Checking if antismash.detection.genefunctions should be run
INFO     18/06 15:06:55   Running antismash.detection.genefunctions
DEBUG    18/06 15:06:57   Adding detection results from antismash.detection.genefunctions to record
DEBUG    18/06 15:06:57   annotating CDS features with extras info: 0 CDSes
DEBUG    18/06 15:06:57   annotating CDS features with halogenases info: 0 CDSes
DEBUG    18/06 15:06:57   annotating CDS features with MITE info: 0 CDSes
DEBUG    18/06 15:06:57   annotating CDS features with resist info: 0 CDSes
DEBUG    18/06 15:06:57   annotating CDS features with smcogs info: 2 CDSes
DEBUG    18/06 15:06:57   Checking if antismash.detection.nrps_pks_domains should be run
INFO     18/06 15:06:57   Running antismash.detection.nrps_pks_domains
DEBUG    18/06 15:06:57   Marking NRPS/PKS CDS features and domains in clusters
DEBUG    18/06 15:06:57   Adding detection results from antismash.detection.nrps_pks_domains to record
DEBUG    18/06 15:06:57   Checking if antismash.detection.tigrfam should be run
INFO     18/06 15:06:57   Running antismash.detection.tigrfam
INFO     18/06 15:06:57   Running TIGRFam search
DEBUG    18/06 15:07:00   Adding detection results from antismash.detection.tigrfam to record
DEBUG    18/06 15:07:00   Checking if antismash.modules.active_site_finder should be run
INFO     18/06 15:07:00   Running antismash.modules.active_site_finder
DEBUG    18/06 15:07:00   Checking if antismash.modules.cluster_compare should be run
INFO     18/06 15:07:00   Running antismash.modules.cluster_compare
DEBUG    18/06 15:07:00   Loading comparison database: MIBiG
DEBUG    18/06 15:07:00   Comparison database loaded
INFO     18/06 15:07:00   Comparing regions to reference database
DEBUG    18/06 15:07:03   Checking if antismash.modules.clusterblast should be run
INFO     18/06 15:07:03   Running antismash.modules.clusterblast
INFO     18/06 15:07:03   Running ClusterBlast
INFO     18/06 15:07:03   ClusterBlast: Loading gene cluster database into memory...
INFO     18/06 15:07:07   ClusterBlast: Loading gene cluster database proteins into memory...
INFO     18/06 15:07:39   Comparing regions to reference database
INFO     18/06 15:08:02   Running subcluster search
INFO     18/06 15:08:02   SubClusterBlast: Loading gene cluster database into memory...
INFO     18/06 15:08:02   SubClusterBlast: Loading gene cluster database proteins into memory...
INFO     18/06 15:08:03   Running known cluster search
INFO     18/06 15:08:03   KnownClusterBlast: Loading gene cluster database into memory...
INFO     18/06 15:08:03   KnownClusterBlast: Loading gene cluster database proteins into memory...
DEBUG    18/06 15:08:04   Running DIAMOND knowncluster searches..
INFO     18/06 15:08:04   Comparing regions to reference database
DEBUG    18/06 15:08:09   Checking if antismash.modules.lanthipeptides should be run
INFO     18/06 15:08:09   Running antismash.modules.lanthipeptides
DEBUG    18/06 15:08:09   Lanthipeptide module marked 0 motifs
DEBUG    18/06 15:08:09   Checking if antismash.modules.lassopeptides should be run
INFO     18/06 15:08:09   Running antismash.modules.lassopeptides
DEBUG    18/06 15:08:10   Lassopeptide module marked 0 motifs
DEBUG    18/06 15:08:10   Checking if antismash.modules.nrps_pks should be run
INFO     18/06 15:08:10   Running antismash.modules.nrps_pks
DEBUG    18/06 15:08:10   No NRPS or PKS genes found, skipping analysis
DEBUG    18/06 15:08:10   Checking if antismash.modules.pfam2go should be run
INFO     18/06 15:08:10   Running antismash.modules.pfam2go
DEBUG    18/06 15:08:10   Checking if antismash.modules.rrefinder should be run
INFO     18/06 15:08:10   Running antismash.modules.rrefinder
DEBUG    18/06 15:08:10   Checking if antismash.modules.sactipeptides should be run
INFO     18/06 15:08:10   Running antismash.modules.sactipeptides
DEBUG    18/06 15:08:10   Found no sactipeptide motifs
DEBUG    18/06 15:08:10   Checking if antismash.modules.t2pks should be run
INFO     18/06 15:08:10   Running antismash.modules.t2pks
DEBUG    18/06 15:08:10   No type II PKS clusters to analyze
DEBUG    18/06 15:08:10   Checking if antismash.modules.terpene should be run
INFO     18/06 15:08:10   Running antismash.modules.terpene
INFO     18/06 15:08:10   Analysing terpene clusters
DEBUG    18/06 15:08:10   Checking if antismash.modules.tfbs_finder should be run
INFO     18/06 15:08:10   Running antismash.modules.tfbs_finder
DEBUG    18/06 15:08:10   Checking if antismash.modules.thiopeptides should be run
INFO     18/06 15:08:10   Running antismash.modules.thiopeptides
DEBUG    18/06 15:08:10   Thiopeptides marked 0 motifs
DEBUG    18/06 15:08:11   Checking if antismash.modules.tta should be run
INFO     18/06 15:08:11   Running antismash.modules.tta
INFO     18/06 15:08:11   Detecting TTA codons
DEBUG    18/06 15:08:11   GC content: 67%
DEBUG    18/06 15:08:11   Detected 0 TTA codons
INFO     18/06 15:08:11   Analysing record: P2_A5_27
INFO     18/06 15:08:11   Detecting secondary metabolite clusters
DEBUG    18/06 15:08:11   Checking if antismash.detection.hmm_detection should be run
INFO     18/06 15:08:11   Running antismash.detection.hmm_detection
INFO     18/06 15:08:11   HMM detection using strictness: relaxed
DEBUG    18/06 15:08:11   0 rule-based cluster(s) found in record
DEBUG    18/06 15:08:11   0 protoclusters found
DEBUG    18/06 15:08:11   0 subregions found
INFO     18/06 15:08:11   No regions detected, skipping record
INFO     18/06 15:08:11   Analysing record: P2_A5_28
INFO     18/06 15:08:11   Detecting secondary metabolite clusters
DEBUG    18/06 15:08:11   Checking if antismash.detection.hmm_detection should be run
INFO     18/06 15:08:11   Running antismash.detection.hmm_detection
INFO     18/06 15:08:11   HMM detection using strictness: relaxed
DEBUG    18/06 15:08:12   0 rule-based cluster(s) found in record
DEBUG    18/06 15:08:12   0 protoclusters found
DEBUG    18/06 15:08:12   0 subregions found
INFO     18/06 15:08:12   No regions detected, skipping record
INFO     18/06 15:08:12   Analysing record: P2_A5_29
INFO     18/06 15:08:12   Detecting secondary metabolite clusters
DEBUG    18/06 15:08:12   Checking if antismash.detection.hmm_detection should be run
INFO     18/06 15:08:12   Running antismash.detection.hmm_detection
INFO     18/06 15:08:12   HMM detection using strictness: relaxed
DEBUG    18/06 15:08:13   0 rule-based cluster(s) found in record
DEBUG    18/06 15:08:13   0 protoclusters found
DEBUG    18/06 15:08:13   0 subregions found
INFO     18/06 15:08:13   No regions detected, skipping record
INFO     18/06 15:08:13   Analysing record: P2_A5_30
INFO     18/06 15:08:13   Detecting secondary metabolite clusters
DEBUG    18/06 15:08:13   Checking if antismash.detection.hmm_detection should be run
INFO     18/06 15:08:13   Running antismash.detection.hmm_detection
INFO     18/06 15:08:13   HMM detection using strictness: relaxed
DEBUG    18/06 15:08:13   0 rule-based cluster(s) found in record
DEBUG    18/06 15:08:13   0 protoclusters found
DEBUG    18/06 15:08:13   0 subregions found
INFO     18/06 15:08:13   No regions detected, skipping record
INFO     18/06 15:08:13   Analysing record: P2_A5_31
INFO     18/06 15:08:13   Detecting secondary metabolite clusters
DEBUG    18/06 15:08:13   Checking if antismash.detection.hmm_detection should be run
INFO     18/06 15:08:13   Running antismash.detection.hmm_detection
INFO     18/06 15:08:13   HMM detection using strictness: relaxed
DEBUG    18/06 15:08:14   0 rule-based cluster(s) found in record
DEBUG    18/06 15:08:14   0 protoclusters found
DEBUG    18/06 15:08:14   0 subregions found
INFO     18/06 15:08:14   No regions detected, skipping record
INFO     18/06 15:08:14   Analysing record: P2_A5_32
INFO     18/06 15:08:14   Detecting secondary metabolite clusters
DEBUG    18/06 15:08:14   Checking if antismash.detection.hmm_detection should be run
INFO     18/06 15:08:14   Running antismash.detection.hmm_detection
INFO     18/06 15:08:14   HMM detection using strictness: relaxed
DEBUG    18/06 15:08:14   0 rule-based cluster(s) found in record
DEBUG    18/06 15:08:14   0 protoclusters found
DEBUG    18/06 15:08:14   0 subregions found
INFO     18/06 15:08:14   No regions detected, skipping record
INFO     18/06 15:08:14   Analysing record: P2_A5_33
INFO     18/06 15:08:14   Detecting secondary metabolite clusters
DEBUG    18/06 15:08:14   Checking if antismash.detection.hmm_detection should be run
INFO     18/06 15:08:14   Running antismash.detection.hmm_detection
INFO     18/06 15:08:14   HMM detection using strictness: relaxed
DEBUG    18/06 15:08:15   0 rule-based cluster(s) found in record
DEBUG    18/06 15:08:15   0 protoclusters found
DEBUG    18/06 15:08:15   0 subregions found
INFO     18/06 15:08:15   No regions detected, skipping record
INFO     18/06 15:08:15   Analysing record: P2_A5_34
INFO     18/06 15:08:15   Detecting secondary metabolite clusters
DEBUG    18/06 15:08:15   Checking if antismash.detection.hmm_detection should be run
INFO     18/06 15:08:15   Running antismash.detection.hmm_detection
INFO     18/06 15:08:15   HMM detection using strictness: relaxed
DEBUG    18/06 15:08:15   0 rule-based cluster(s) found in record
DEBUG    18/06 15:08:15   0 protoclusters found
DEBUG    18/06 15:08:15   0 subregions found
INFO     18/06 15:08:15   No regions detected, skipping record
INFO     18/06 15:08:15   Analysing record: P2_A5_35
INFO     18/06 15:08:15   Detecting secondary metabolite clusters
DEBUG    18/06 15:08:15   Checking if antismash.detection.hmm_detection should be run
INFO     18/06 15:08:15   Running antismash.detection.hmm_detection
INFO     18/06 15:08:15   HMM detection using strictness: relaxed
DEBUG    18/06 15:08:16   1 rule-based cluster(s) found in record
DEBUG    18/06 15:08:16   1 protoclusters found
DEBUG    18/06 15:08:16   0 subregions found
INFO     18/06 15:08:16   1 region(s) detected in record
DEBUG    18/06 15:08:16   Checking if antismash.detection.cluster_hmmer should be run
INFO     18/06 15:08:16   Running antismash.detection.cluster_hmmer
INFO     18/06 15:08:16   Running cluster PFAM search
DEBUG    18/06 15:08:22   Adding detection results from antismash.detection.cluster_hmmer to record
DEBUG    18/06 15:08:22   Checking if antismash.detection.genefunctions should be run
INFO     18/06 15:08:22   Running antismash.detection.genefunctions
DEBUG    18/06 15:08:24   Adding detection results from antismash.detection.genefunctions to record
DEBUG    18/06 15:08:24   annotating CDS features with extras info: 0 CDSes
DEBUG    18/06 15:08:24   annotating CDS features with halogenases info: 0 CDSes
DEBUG    18/06 15:08:24   annotating CDS features with MITE info: 0 CDSes
DEBUG    18/06 15:08:24   annotating CDS features with resist info: 0 CDSes
DEBUG    18/06 15:08:24   annotating CDS features with smcogs info: 2 CDSes
DEBUG    18/06 15:08:24   Checking if antismash.detection.nrps_pks_domains should be run
INFO     18/06 15:08:24   Running antismash.detection.nrps_pks_domains
DEBUG    18/06 15:08:24   Marking NRPS/PKS CDS features and domains in clusters
DEBUG    18/06 15:08:24   Adding detection results from antismash.detection.nrps_pks_domains to record
DEBUG    18/06 15:08:24   Checking if antismash.detection.tigrfam should be run
INFO     18/06 15:08:24   Running antismash.detection.tigrfam
INFO     18/06 15:08:24   Running TIGRFam search
DEBUG    18/06 15:08:26   Adding detection results from antismash.detection.tigrfam to record
DEBUG    18/06 15:08:26   Checking if antismash.modules.active_site_finder should be run
INFO     18/06 15:08:26   Running antismash.modules.active_site_finder
DEBUG    18/06 15:08:26   Checking if antismash.modules.cluster_compare should be run
INFO     18/06 15:08:26   Running antismash.modules.cluster_compare
DEBUG    18/06 15:08:26   Loading comparison database: MIBiG
DEBUG    18/06 15:08:26   Comparison database loaded
INFO     18/06 15:08:26   Comparing regions to reference database
DEBUG    18/06 15:08:29   Checking if antismash.modules.clusterblast should be run
INFO     18/06 15:08:29   Running antismash.modules.clusterblast
INFO     18/06 15:08:29   Running ClusterBlast
INFO     18/06 15:08:29   ClusterBlast: Loading gene cluster database into memory...
INFO     18/06 15:08:32   ClusterBlast: Loading gene cluster database proteins into memory...
INFO     18/06 15:09:03   Comparing regions to reference database
INFO     18/06 15:09:27   Running subcluster search
INFO     18/06 15:09:27   SubClusterBlast: Loading gene cluster database into memory...
INFO     18/06 15:09:27   SubClusterBlast: Loading gene cluster database proteins into memory...
INFO     18/06 15:09:28   Running known cluster search
INFO     18/06 15:09:28   KnownClusterBlast: Loading gene cluster database into memory...
INFO     18/06 15:09:28   KnownClusterBlast: Loading gene cluster database proteins into memory...
DEBUG    18/06 15:09:28   Running DIAMOND knowncluster searches..
INFO     18/06 15:09:28   Comparing regions to reference database
DEBUG    18/06 15:09:33   Checking if antismash.modules.lanthipeptides should be run
INFO     18/06 15:09:33   Running antismash.modules.lanthipeptides
DEBUG    18/06 15:09:33   Lanthipeptide module marked 0 motifs
DEBUG    18/06 15:09:34   Checking if antismash.modules.lassopeptides should be run
INFO     18/06 15:09:34   Running antismash.modules.lassopeptides
DEBUG    18/06 15:09:34   Lassopeptide module marked 0 motifs
DEBUG    18/06 15:09:34   Checking if antismash.modules.nrps_pks should be run
INFO     18/06 15:09:34   Running antismash.modules.nrps_pks
DEBUG    18/06 15:09:34   No NRPS or PKS genes found, skipping analysis
DEBUG    18/06 15:09:34   Checking if antismash.modules.pfam2go should be run
INFO     18/06 15:09:34   Running antismash.modules.pfam2go
DEBUG    18/06 15:09:34   Checking if antismash.modules.rrefinder should be run
INFO     18/06 15:09:34   Running antismash.modules.rrefinder
DEBUG    18/06 15:09:34   Checking if antismash.modules.sactipeptides should be run
INFO     18/06 15:09:34   Running antismash.modules.sactipeptides
DEBUG    18/06 15:09:34   Found no sactipeptide motifs
DEBUG    18/06 15:09:34   Checking if antismash.modules.t2pks should be run
INFO     18/06 15:09:34   Running antismash.modules.t2pks
DEBUG    18/06 15:09:34   No type II PKS clusters to analyze
DEBUG    18/06 15:09:34   Checking if antismash.modules.terpene should be run
INFO     18/06 15:09:34   Running antismash.modules.terpene
DEBUG    18/06 15:09:34   No terpene clusters to analyse
DEBUG    18/06 15:09:34   Checking if antismash.modules.tfbs_finder should be run
INFO     18/06 15:09:34   Running antismash.modules.tfbs_finder
DEBUG    18/06 15:09:35   Checking if antismash.modules.thiopeptides should be run
INFO     18/06 15:09:35   Running antismash.modules.thiopeptides
DEBUG    18/06 15:09:35   Thiopeptides marked 0 motifs
DEBUG    18/06 15:09:35   Checking if antismash.modules.tta should be run
INFO     18/06 15:09:35   Running antismash.modules.tta
INFO     18/06 15:09:35   Skipping TTA codon detection, GC content too low: 55%
INFO     18/06 15:09:35   Analysing record: P2_A5_36
INFO     18/06 15:09:35   Detecting secondary metabolite clusters
DEBUG    18/06 15:09:35   Checking if antismash.detection.hmm_detection should be run
INFO     18/06 15:09:35   Running antismash.detection.hmm_detection
INFO     18/06 15:09:35   HMM detection using strictness: relaxed
DEBUG    18/06 15:09:35   0 rule-based cluster(s) found in record
DEBUG    18/06 15:09:35   0 protoclusters found
DEBUG    18/06 15:09:35   0 subregions found
INFO     18/06 15:09:35   No regions detected, skipping record
INFO     18/06 15:09:35   Analysing record: P2_A5_37
INFO     18/06 15:09:35   Detecting secondary metabolite clusters
DEBUG    18/06 15:09:35   Checking if antismash.detection.hmm_detection should be run
INFO     18/06 15:09:35   Running antismash.detection.hmm_detection
INFO     18/06 15:09:35   HMM detection using strictness: relaxed
DEBUG    18/06 15:09:36   0 rule-based cluster(s) found in record
DEBUG    18/06 15:09:36   0 protoclusters found
DEBUG    18/06 15:09:36   0 subregions found
INFO     18/06 15:09:36   No regions detected, skipping record
INFO     18/06 15:09:36   Analysing record: P2_A5_38
INFO     18/06 15:09:36   Detecting secondary metabolite clusters
DEBUG    18/06 15:09:36   Checking if antismash.detection.hmm_detection should be run
INFO     18/06 15:09:36   Running antismash.detection.hmm_detection
INFO     18/06 15:09:36   HMM detection using strictness: relaxed
DEBUG    18/06 15:09:36   0 rule-based cluster(s) found in record
DEBUG    18/06 15:09:36   0 protoclusters found
DEBUG    18/06 15:09:36   0 subregions found
INFO     18/06 15:09:36   No regions detected, skipping record
INFO     18/06 15:09:36   Analysing record: P2_A5_39
INFO     18/06 15:09:36   Detecting secondary metabolite clusters
DEBUG    18/06 15:09:36   Checking if antismash.detection.hmm_detection should be run
INFO     18/06 15:09:36   Running antismash.detection.hmm_detection
INFO     18/06 15:09:36   HMM detection using strictness: relaxed
DEBUG    18/06 15:09:37   0 rule-based cluster(s) found in record
DEBUG    18/06 15:09:37   0 protoclusters found
DEBUG    18/06 15:09:37   0 subregions found
INFO     18/06 15:09:37   No regions detected, skipping record
INFO     18/06 15:09:37   Analysing record: P2_A5_40
INFO     18/06 15:09:37   Detecting secondary metabolite clusters
DEBUG    18/06 15:09:37   Checking if antismash.detection.hmm_detection should be run
INFO     18/06 15:09:37   Running antismash.detection.hmm_detection
INFO     18/06 15:09:37   HMM detection using strictness: relaxed
DEBUG    18/06 15:09:37   0 rule-based cluster(s) found in record
DEBUG    18/06 15:09:37   0 protoclusters found
DEBUG    18/06 15:09:37   0 subregions found
INFO     18/06 15:09:37   No regions detected, skipping record
INFO     18/06 15:09:37   Analysing record: P2_A5_41
INFO     18/06 15:09:37   Detecting secondary metabolite clusters
DEBUG    18/06 15:09:37   Checking if antismash.detection.hmm_detection should be run
INFO     18/06 15:09:37   Running antismash.detection.hmm_detection
INFO     18/06 15:09:37   HMM detection using strictness: relaxed
DEBUG    18/06 15:09:38   0 rule-based cluster(s) found in record
DEBUG    18/06 15:09:38   0 protoclusters found
DEBUG    18/06 15:09:38   0 subregions found
INFO     18/06 15:09:38   No regions detected, skipping record
INFO     18/06 15:09:38   Analysing record: P2_A5_42
INFO     18/06 15:09:38   Detecting secondary metabolite clusters
DEBUG    18/06 15:09:38   Checking if antismash.detection.hmm_detection should be run
INFO     18/06 15:09:38   Running antismash.detection.hmm_detection
INFO     18/06 15:09:38   HMM detection using strictness: relaxed
DEBUG    18/06 15:09:38   0 rule-based cluster(s) found in record
DEBUG    18/06 15:09:38   0 protoclusters found
DEBUG    18/06 15:09:38   0 subregions found
INFO     18/06 15:09:38   No regions detected, skipping record
INFO     18/06 15:09:38   Analysing record: P2_A5_43
INFO     18/06 15:09:38   Detecting secondary metabolite clusters
DEBUG    18/06 15:09:38   Checking if antismash.detection.hmm_detection should be run
INFO     18/06 15:09:38   Running antismash.detection.hmm_detection
INFO     18/06 15:09:38   HMM detection using strictness: relaxed
DEBUG    18/06 15:09:38   0 rule-based cluster(s) found in record
DEBUG    18/06 15:09:38   0 protoclusters found
DEBUG    18/06 15:09:38   0 subregions found
INFO     18/06 15:09:38   No regions detected, skipping record
INFO     18/06 15:09:38   Analysing record: P2_A5_44
INFO     18/06 15:09:38   Detecting secondary metabolite clusters
DEBUG    18/06 15:09:38   Checking if antismash.detection.hmm_detection should be run
INFO     18/06 15:09:38   Running antismash.detection.hmm_detection
INFO     18/06 15:09:38   HMM detection using strictness: relaxed
DEBUG    18/06 15:09:39   0 rule-based cluster(s) found in record
DEBUG    18/06 15:09:39   0 protoclusters found
DEBUG    18/06 15:09:39   0 subregions found
INFO     18/06 15:09:39   No regions detected, skipping record
INFO     18/06 15:09:39   Analysing record: P2_A5_45
INFO     18/06 15:09:39   Detecting secondary metabolite clusters
DEBUG    18/06 15:09:39   Checking if antismash.detection.hmm_detection should be run
INFO     18/06 15:09:39   Running antismash.detection.hmm_detection
INFO     18/06 15:09:39   HMM detection using strictness: relaxed
DEBUG    18/06 15:09:39   0 rule-based cluster(s) found in record
DEBUG    18/06 15:09:39   0 protoclusters found
DEBUG    18/06 15:09:39   0 subregions found
INFO     18/06 15:09:39   No regions detected, skipping record
INFO     18/06 15:09:39   Analysing record: P2_A5_46
INFO     18/06 15:09:39   Detecting secondary metabolite clusters
DEBUG    18/06 15:09:39   Checking if antismash.detection.hmm_detection should be run
INFO     18/06 15:09:39   Running antismash.detection.hmm_detection
INFO     18/06 15:09:39   HMM detection using strictness: relaxed
DEBUG    18/06 15:09:40   0 rule-based cluster(s) found in record
DEBUG    18/06 15:09:40   0 protoclusters found
DEBUG    18/06 15:09:40   0 subregions found
INFO     18/06 15:09:40   No regions detected, skipping record
INFO     18/06 15:09:40   Analysing record: P2_A5_47
INFO     18/06 15:09:40   Detecting secondary metabolite clusters
DEBUG    18/06 15:09:40   Checking if antismash.detection.hmm_detection should be run
INFO     18/06 15:09:40   Running antismash.detection.hmm_detection
INFO     18/06 15:09:40   HMM detection using strictness: relaxed
DEBUG    18/06 15:09:40   0 rule-based cluster(s) found in record
DEBUG    18/06 15:09:40   0 protoclusters found
DEBUG    18/06 15:09:40   0 subregions found
INFO     18/06 15:09:40   No regions detected, skipping record
INFO     18/06 15:09:40   Analysing record: P2_A5_48
INFO     18/06 15:09:40   Detecting secondary metabolite clusters
DEBUG    18/06 15:09:40   Checking if antismash.detection.hmm_detection should be run
INFO     18/06 15:09:40   Running antismash.detection.hmm_detection
INFO     18/06 15:09:40   HMM detection using strictness: relaxed
DEBUG    18/06 15:09:41   0 rule-based cluster(s) found in record
DEBUG    18/06 15:09:41   0 protoclusters found
DEBUG    18/06 15:09:41   0 subregions found
INFO     18/06 15:09:41   No regions detected, skipping record
INFO     18/06 15:09:41   Analysing record: P2_A5_49
INFO     18/06 15:09:41   Detecting secondary metabolite clusters
DEBUG    18/06 15:09:41   Checking if antismash.detection.hmm_detection should be run
INFO     18/06 15:09:41   Running antismash.detection.hmm_detection
INFO     18/06 15:09:41   HMM detection using strictness: relaxed
DEBUG    18/06 15:09:41   0 rule-based cluster(s) found in record
DEBUG    18/06 15:09:41   0 protoclusters found
DEBUG    18/06 15:09:41   0 subregions found
INFO     18/06 15:09:41   No regions detected, skipping record
INFO     18/06 15:09:41   Analysing record: P2_A5_50
INFO     18/06 15:09:41   Detecting secondary metabolite clusters
DEBUG    18/06 15:09:41   Checking if antismash.detection.hmm_detection should be run
INFO     18/06 15:09:41   Running antismash.detection.hmm_detection
INFO     18/06 15:09:41   HMM detection using strictness: relaxed
DEBUG    18/06 15:09:41   0 rule-based cluster(s) found in record
DEBUG    18/06 15:09:41   0 protoclusters found
DEBUG    18/06 15:09:41   0 subregions found
INFO     18/06 15:09:41   No regions detected, skipping record
INFO     18/06 15:09:41   Analysing record: P2_A5_51
INFO     18/06 15:09:41   Detecting secondary metabolite clusters
DEBUG    18/06 15:09:41   Checking if antismash.detection.hmm_detection should be run
INFO     18/06 15:09:41   Running antismash.detection.hmm_detection
INFO     18/06 15:09:41   HMM detection using strictness: relaxed
DEBUG    18/06 15:09:42   0 rule-based cluster(s) found in record
DEBUG    18/06 15:09:42   0 protoclusters found
DEBUG    18/06 15:09:42   0 subregions found
INFO     18/06 15:09:42   No regions detected, skipping record
INFO     18/06 15:09:42   Analysing record: P2_A5_52
INFO     18/06 15:09:42   Detecting secondary metabolite clusters
DEBUG    18/06 15:09:42   Checking if antismash.detection.hmm_detection should be run
INFO     18/06 15:09:42   Running antismash.detection.hmm_detection
INFO     18/06 15:09:42   HMM detection using strictness: relaxed
DEBUG    18/06 15:09:42   0 rule-based cluster(s) found in record
DEBUG    18/06 15:09:42   0 protoclusters found
DEBUG    18/06 15:09:42   0 subregions found
INFO     18/06 15:09:42   No regions detected, skipping record
INFO     18/06 15:09:42   Analysing record: P2_A5_53
INFO     18/06 15:09:42   Detecting secondary metabolite clusters
DEBUG    18/06 15:09:42   Checking if antismash.detection.hmm_detection should be run
INFO     18/06 15:09:42   Running antismash.detection.hmm_detection
INFO     18/06 15:09:42   HMM detection using strictness: relaxed
DEBUG    18/06 15:09:42   0 rule-based cluster(s) found in record
DEBUG    18/06 15:09:42   0 protoclusters found
DEBUG    18/06 15:09:42   0 subregions found
INFO     18/06 15:09:42   No regions detected, skipping record
INFO     18/06 15:09:42   Analysing record: P2_A5_54
INFO     18/06 15:09:42   Detecting secondary metabolite clusters
DEBUG    18/06 15:09:42   Checking if antismash.detection.hmm_detection should be run
INFO     18/06 15:09:42   Running antismash.detection.hmm_detection
INFO     18/06 15:09:42   HMM detection using strictness: relaxed
DEBUG    18/06 15:09:43   0 rule-based cluster(s) found in record
DEBUG    18/06 15:09:43   0 protoclusters found
DEBUG    18/06 15:09:43   0 subregions found
INFO     18/06 15:09:43   No regions detected, skipping record
INFO     18/06 15:09:43   Analysing record: P2_A5_55
INFO     18/06 15:09:43   Detecting secondary metabolite clusters
DEBUG    18/06 15:09:43   Checking if antismash.detection.hmm_detection should be run
INFO     18/06 15:09:43   Running antismash.detection.hmm_detection
INFO     18/06 15:09:43   HMM detection using strictness: relaxed
DEBUG    18/06 15:09:43   0 rule-based cluster(s) found in record
DEBUG    18/06 15:09:43   0 protoclusters found
DEBUG    18/06 15:09:43   0 subregions found
INFO     18/06 15:09:43   No regions detected, skipping record
INFO     18/06 15:09:43   Writing results
DEBUG    18/06 15:09:43   Writing json results to '/data/antismash/upload/bacteria-fee38211-0279-42a6-aee0-cc0ad4e3e010/C2R07_2.json'
DEBUG    18/06 15:09:43   Record P2_A5_1 has results for modules: hmm_detection, cluster_hmmer, genefunctions, nrps_pks_domains, tigrfam, active_site_finder, cluster_compare, clusterblast, lanthipeptides, lassopeptides, nrps_pks, pfam2go, rrefinder, sactipeptides, t2pks, terpene, tfbs_finder, thiopeptides
DEBUG    18/06 15:09:43   Converting antismash.detection.hmm_detection results to json
DEBUG    18/06 15:09:43   Converting antismash.detection.cluster_hmmer results to json
DEBUG    18/06 15:09:43   Converting antismash.detection.genefunctions results to json
DEBUG    18/06 15:09:43   Converting antismash.detection.nrps_pks_domains results to json
DEBUG    18/06 15:09:43   Converting antismash.detection.tigrfam results to json
DEBUG    18/06 15:09:43   Converting antismash.modules.active_site_finder results to json
DEBUG    18/06 15:09:43   Converting antismash.modules.cluster_compare results to json
DEBUG    18/06 15:09:43   Converting antismash.modules.clusterblast results to json
DEBUG    18/06 15:09:43   Converting antismash.modules.lanthipeptides results to json
DEBUG    18/06 15:09:43   Converting antismash.modules.lassopeptides results to json
DEBUG    18/06 15:09:43   Converting antismash.modules.nrps_pks results to json
DEBUG    18/06 15:09:43   Converting antismash.modules.pfam2go results to json
DEBUG    18/06 15:09:43   Converting antismash.modules.rrefinder results to json
DEBUG    18/06 15:09:43   Converting antismash.modules.sactipeptides results to json
DEBUG    18/06 15:09:43   Converting antismash.modules.t2pks results to json
DEBUG    18/06 15:09:43   Converting antismash.modules.terpene results to json
DEBUG    18/06 15:09:43   Converting antismash.modules.tfbs_finder results to json
DEBUG    18/06 15:09:43   Converting antismash.modules.thiopeptides results to json
DEBUG    18/06 15:09:43   Converting antismash.modules.tta results to json
DEBUG    18/06 15:09:43   Record P2_A5_2 has results for modules: hmm_detection, cluster_hmmer, genefunctions, nrps_pks_domains, tigrfam, active_site_finder, cluster_compare, clusterblast, lanthipeptides, lassopeptides, nrps_pks, pfam2go, rrefinder, sactipeptides, t2pks, terpene, tfbs_finder, thiopeptides, tta
DEBUG    18/06 15:09:43   Converting antismash.detection.hmm_detection results to json
DEBUG    18/06 15:09:43   Converting antismash.detection.cluster_hmmer results to json
DEBUG    18/06 15:09:43   Converting antismash.detection.genefunctions results to json
DEBUG    18/06 15:09:43   Converting antismash.detection.nrps_pks_domains results to json
DEBUG    18/06 15:09:43   Converting antismash.detection.tigrfam results to json
DEBUG    18/06 15:09:43   Converting antismash.modules.active_site_finder results to json
DEBUG    18/06 15:09:43   Converting antismash.modules.cluster_compare results to json
DEBUG    18/06 15:09:43   Converting antismash.modules.clusterblast results to json
DEBUG    18/06 15:09:43   Converting antismash.modules.lanthipeptides results to json
DEBUG    18/06 15:09:43   Converting antismash.modules.lassopeptides results to json
DEBUG    18/06 15:09:43   Converting antismash.modules.nrps_pks results to json
DEBUG    18/06 15:09:43   Converting antismash.modules.pfam2go results to json
DEBUG    18/06 15:09:43   Converting antismash.modules.rrefinder results to json
DEBUG    18/06 15:09:43   Converting antismash.modules.sactipeptides results to json
DEBUG    18/06 15:09:43   Converting antismash.modules.t2pks results to json
DEBUG    18/06 15:09:43   Converting antismash.modules.terpene results to json
DEBUG    18/06 15:09:43   Converting antismash.modules.tfbs_finder results to json
DEBUG    18/06 15:09:43   Converting antismash.modules.thiopeptides results to json
DEBUG    18/06 15:09:43   Converting antismash.modules.tta results to json
DEBUG    18/06 15:09:43   Record P2_A5_3 has results for modules: hmm_detection
DEBUG    18/06 15:09:43   Converting antismash.detection.hmm_detection results to json
DEBUG    18/06 15:09:43   Record P2_A5_4 has results for modules: hmm_detection
DEBUG    18/06 15:09:43   Converting antismash.detection.hmm_detection results to json
DEBUG    18/06 15:09:43   Record P2_A5_5 has results for modules: hmm_detection, cluster_hmmer, genefunctions, nrps_pks_domains, tigrfam, active_site_finder, cluster_compare, clusterblast, lanthipeptides, lassopeptides, nrps_pks, pfam2go, rrefinder, sactipeptides, t2pks, terpene, tfbs_finder, thiopeptides
DEBUG    18/06 15:09:43   Converting antismash.detection.hmm_detection results to json
DEBUG    18/06 15:09:43   Converting antismash.detection.cluster_hmmer results to json
DEBUG    18/06 15:09:43   Converting antismash.detection.genefunctions results to json
DEBUG    18/06 15:09:43   Converting antismash.detection.nrps_pks_domains results to json
DEBUG    18/06 15:09:43   Converting antismash.detection.tigrfam results to json
DEBUG    18/06 15:09:43   Converting antismash.modules.active_site_finder results to json
DEBUG    18/06 15:09:43   Converting antismash.modules.cluster_compare results to json
DEBUG    18/06 15:09:43   Converting antismash.modules.clusterblast results to json
DEBUG    18/06 15:09:43   Converting antismash.modules.lanthipeptides results to json
DEBUG    18/06 15:09:43   Converting antismash.modules.lassopeptides results to json
DEBUG    18/06 15:09:43   Converting antismash.modules.nrps_pks results to json
DEBUG    18/06 15:09:43   Converting antismash.modules.pfam2go results to json
DEBUG    18/06 15:09:43   Converting antismash.modules.rrefinder results to json
DEBUG    18/06 15:09:43   Converting antismash.modules.sactipeptides results to json
DEBUG    18/06 15:09:43   Converting antismash.modules.t2pks results to json
DEBUG    18/06 15:09:43   Converting antismash.modules.terpene results to json
DEBUG    18/06 15:09:43   Converting antismash.modules.tfbs_finder results to json
DEBUG    18/06 15:09:43   Converting antismash.modules.thiopeptides results to json
DEBUG    18/06 15:09:43   Converting antismash.modules.tta results to json
DEBUG    18/06 15:09:43   Record P2_A5_6 has results for modules: hmm_detection
DEBUG    18/06 15:09:43   Converting antismash.detection.hmm_detection results to json
DEBUG    18/06 15:09:43   Record P2_A5_7 has results for modules: hmm_detection
DEBUG    18/06 15:09:43   Converting antismash.detection.hmm_detection results to json
DEBUG    18/06 15:09:43   Record P2_A5_8 has results for modules: hmm_detection
DEBUG    18/06 15:09:43   Converting antismash.detection.hmm_detection results to json
DEBUG    18/06 15:09:43   Record P2_A5_9 has results for modules: hmm_detection
DEBUG    18/06 15:09:43   Converting antismash.detection.hmm_detection results to json
DEBUG    18/06 15:09:43   Record P2_A5_10 has results for modules: hmm_detection
DEBUG    18/06 15:09:43   Converting antismash.detection.hmm_detection results to json
DEBUG    18/06 15:09:43   Record P2_A5_11 has results for modules: hmm_detection
DEBUG    18/06 15:09:43   Converting antismash.detection.hmm_detection results to json
DEBUG    18/06 15:09:43   Record P2_A5_12 has results for modules: hmm_detection
DEBUG    18/06 15:09:43   Converting antismash.detection.hmm_detection results to json
DEBUG    18/06 15:09:44   Record P2_A5_13 has results for modules: hmm_detection
DEBUG    18/06 15:09:44   Converting antismash.detection.hmm_detection results to json
DEBUG    18/06 15:09:44   Record P2_A5_14 has results for modules: hmm_detection, cluster_hmmer, genefunctions, nrps_pks_domains, tigrfam, active_site_finder, cluster_compare, clusterblast, lanthipeptides, lassopeptides, nrps_pks, pfam2go, rrefinder, sactipeptides, t2pks, terpene, tfbs_finder, thiopeptides, tta
DEBUG    18/06 15:09:44   Converting antismash.detection.hmm_detection results to json
DEBUG    18/06 15:09:44   Converting antismash.detection.cluster_hmmer results to json
DEBUG    18/06 15:09:44   Converting antismash.detection.genefunctions results to json
DEBUG    18/06 15:09:44   Converting antismash.detection.nrps_pks_domains results to json
DEBUG    18/06 15:09:44   Converting antismash.detection.tigrfam results to json
DEBUG    18/06 15:09:44   Converting antismash.modules.active_site_finder results to json
DEBUG    18/06 15:09:44   Converting antismash.modules.cluster_compare results to json
DEBUG    18/06 15:09:44   Converting antismash.modules.clusterblast results to json
DEBUG    18/06 15:09:44   Converting antismash.modules.lanthipeptides results to json
DEBUG    18/06 15:09:44   Converting antismash.modules.lassopeptides results to json
DEBUG    18/06 15:09:44   Converting antismash.modules.nrps_pks results to json
DEBUG    18/06 15:09:44   Converting antismash.modules.pfam2go results to json
DEBUG    18/06 15:09:44   Converting antismash.modules.rrefinder results to json
DEBUG    18/06 15:09:44   Converting antismash.modules.sactipeptides results to json
DEBUG    18/06 15:09:44   Converting antismash.modules.t2pks results to json
DEBUG    18/06 15:09:44   Converting antismash.modules.terpene results to json
DEBUG    18/06 15:09:44   Converting antismash.modules.tfbs_finder results to json
DEBUG    18/06 15:09:44   Converting antismash.modules.thiopeptides results to json
DEBUG    18/06 15:09:44   Converting antismash.modules.tta results to json
DEBUG    18/06 15:09:44   Record P2_A5_15 has results for modules: hmm_detection
DEBUG    18/06 15:09:44   Converting antismash.detection.hmm_detection results to json
DEBUG    18/06 15:09:44   Record P2_A5_16 has results for modules: hmm_detection, cluster_hmmer, genefunctions, nrps_pks_domains, tigrfam, active_site_finder, cluster_compare, clusterblast, lanthipeptides, lassopeptides, nrps_pks, pfam2go, rrefinder, sactipeptides, t2pks, terpene, tfbs_finder, thiopeptides, tta
DEBUG    18/06 15:09:44   Converting antismash.detection.hmm_detection results to json
DEBUG    18/06 15:09:44   Converting antismash.detection.cluster_hmmer results to json
DEBUG    18/06 15:09:44   Converting antismash.detection.genefunctions results to json
DEBUG    18/06 15:09:44   Converting antismash.detection.nrps_pks_domains results to json
DEBUG    18/06 15:09:44   Converting antismash.detection.tigrfam results to json
DEBUG    18/06 15:09:44   Converting antismash.modules.active_site_finder results to json
DEBUG    18/06 15:09:44   Converting antismash.modules.cluster_compare results to json
DEBUG    18/06 15:09:44   Converting antismash.modules.clusterblast results to json
DEBUG    18/06 15:09:44   Converting antismash.modules.lanthipeptides results to json
DEBUG    18/06 15:09:44   Converting antismash.modules.lassopeptides results to json
DEBUG    18/06 15:09:44   Converting antismash.modules.nrps_pks results to json
DEBUG    18/06 15:09:44   Converting antismash.modules.pfam2go results to json
DEBUG    18/06 15:09:44   Converting antismash.modules.rrefinder results to json
DEBUG    18/06 15:09:44   Converting antismash.modules.sactipeptides results to json
DEBUG    18/06 15:09:44   Converting antismash.modules.t2pks results to json
DEBUG    18/06 15:09:44   Converting antismash.modules.terpene results to json
DEBUG    18/06 15:09:44   Converting antismash.modules.tfbs_finder results to json
DEBUG    18/06 15:09:44   Converting antismash.modules.thiopeptides results to json
DEBUG    18/06 15:09:44   Converting antismash.modules.tta results to json
DEBUG    18/06 15:09:44   Record P2_A5_17 has results for modules: hmm_detection
DEBUG    18/06 15:09:44   Converting antismash.detection.hmm_detection results to json
DEBUG    18/06 15:09:44   Record P2_A5_18 has results for modules: hmm_detection
DEBUG    18/06 15:09:44   Converting antismash.detection.hmm_detection results to json
DEBUG    18/06 15:09:44   Record P2_A5_19 has results for modules: hmm_detection
DEBUG    18/06 15:09:44   Converting antismash.detection.hmm_detection results to json
DEBUG    18/06 15:09:44   Record P2_A5_20 has results for modules: hmm_detection
DEBUG    18/06 15:09:44   Converting antismash.detection.hmm_detection results to json
DEBUG    18/06 15:09:44   Record P2_A5_21 has results for modules: hmm_detection, cluster_hmmer, genefunctions, nrps_pks_domains, tigrfam, active_site_finder, cluster_compare, clusterblast, lanthipeptides, lassopeptides, nrps_pks, pfam2go, rrefinder, sactipeptides, t2pks, terpene, tfbs_finder, thiopeptides
DEBUG    18/06 15:09:44   Converting antismash.detection.hmm_detection results to json
DEBUG    18/06 15:09:44   Converting antismash.detection.cluster_hmmer results to json
DEBUG    18/06 15:09:44   Converting antismash.detection.genefunctions results to json
DEBUG    18/06 15:09:44   Converting antismash.detection.nrps_pks_domains results to json
DEBUG    18/06 15:09:44   Converting antismash.detection.tigrfam results to json
DEBUG    18/06 15:09:44   Converting antismash.modules.active_site_finder results to json
DEBUG    18/06 15:09:44   Converting antismash.modules.cluster_compare results to json
DEBUG    18/06 15:09:44   Converting antismash.modules.clusterblast results to json
DEBUG    18/06 15:09:44   Converting antismash.modules.lanthipeptides results to json
DEBUG    18/06 15:09:44   Converting antismash.modules.lassopeptides results to json
DEBUG    18/06 15:09:44   Converting antismash.modules.nrps_pks results to json
DEBUG    18/06 15:09:44   Converting antismash.modules.pfam2go results to json
DEBUG    18/06 15:09:44   Converting antismash.modules.rrefinder results to json
DEBUG    18/06 15:09:44   Converting antismash.modules.sactipeptides results to json
DEBUG    18/06 15:09:44   Converting antismash.modules.t2pks results to json
DEBUG    18/06 15:09:44   Converting antismash.modules.terpene results to json
DEBUG    18/06 15:09:44   Converting antismash.modules.tfbs_finder results to json
DEBUG    18/06 15:09:44   Converting antismash.modules.thiopeptides results to json
DEBUG    18/06 15:09:44   Converting antismash.modules.tta results to json
DEBUG    18/06 15:09:44   Record P2_A5_22 has results for modules: hmm_detection
DEBUG    18/06 15:09:44   Converting antismash.detection.hmm_detection results to json
DEBUG    18/06 15:09:44   Record P2_A5_23 has results for modules: hmm_detection
DEBUG    18/06 15:09:44   Converting antismash.detection.hmm_detection results to json
DEBUG    18/06 15:09:44   Record P2_A5_24 has results for modules: hmm_detection
DEBUG    18/06 15:09:44   Converting antismash.detection.hmm_detection results to json
DEBUG    18/06 15:09:44   Record P2_A5_25 has results for modules: hmm_detection
DEBUG    18/06 15:09:44   Converting antismash.detection.hmm_detection results to json
DEBUG    18/06 15:09:44   Record P2_A5_26 has results for modules: hmm_detection, cluster_hmmer, genefunctions, nrps_pks_domains, tigrfam, active_site_finder, cluster_compare, clusterblast, lanthipeptides, lassopeptides, nrps_pks, pfam2go, rrefinder, sactipeptides, t2pks, terpene, tfbs_finder, thiopeptides
DEBUG    18/06 15:09:44   Converting antismash.detection.hmm_detection results to json
DEBUG    18/06 15:09:44   Converting antismash.detection.cluster_hmmer results to json
DEBUG    18/06 15:09:44   Converting antismash.detection.genefunctions results to json
DEBUG    18/06 15:09:44   Converting antismash.detection.nrps_pks_domains results to json
DEBUG    18/06 15:09:44   Converting antismash.detection.tigrfam results to json
DEBUG    18/06 15:09:44   Converting antismash.modules.active_site_finder results to json
DEBUG    18/06 15:09:44   Converting antismash.modules.cluster_compare results to json
DEBUG    18/06 15:09:44   Converting antismash.modules.clusterblast results to json
DEBUG    18/06 15:09:44   Converting antismash.modules.lanthipeptides results to json
DEBUG    18/06 15:09:44   Converting antismash.modules.lassopeptides results to json
DEBUG    18/06 15:09:44   Converting antismash.modules.nrps_pks results to json
DEBUG    18/06 15:09:44   Converting antismash.modules.pfam2go results to json
DEBUG    18/06 15:09:44   Converting antismash.modules.rrefinder results to json
DEBUG    18/06 15:09:44   Converting antismash.modules.sactipeptides results to json
DEBUG    18/06 15:09:44   Converting antismash.modules.t2pks results to json
DEBUG    18/06 15:09:44   Converting antismash.modules.terpene results to json
DEBUG    18/06 15:09:44   Converting antismash.modules.tfbs_finder results to json
DEBUG    18/06 15:09:44   Converting antismash.modules.thiopeptides results to json
DEBUG    18/06 15:09:44   Converting antismash.modules.tta results to json
DEBUG    18/06 15:09:44   Record P2_A5_27 has results for modules: hmm_detection
DEBUG    18/06 15:09:44   Converting antismash.detection.hmm_detection results to json
DEBUG    18/06 15:09:44   Record P2_A5_28 has results for modules: hmm_detection
DEBUG    18/06 15:09:44   Converting antismash.detection.hmm_detection results to json
DEBUG    18/06 15:09:44   Record P2_A5_29 has results for modules: hmm_detection
DEBUG    18/06 15:09:44   Converting antismash.detection.hmm_detection results to json
DEBUG    18/06 15:09:44   Record P2_A5_30 has results for modules: hmm_detection
DEBUG    18/06 15:09:44   Converting antismash.detection.hmm_detection results to json
DEBUG    18/06 15:09:44   Record P2_A5_31 has results for modules: hmm_detection
DEBUG    18/06 15:09:44   Converting antismash.detection.hmm_detection results to json
DEBUG    18/06 15:09:44   Record P2_A5_32 has results for modules: hmm_detection
DEBUG    18/06 15:09:44   Converting antismash.detection.hmm_detection results to json
DEBUG    18/06 15:09:44   Record P2_A5_33 has results for modules: hmm_detection
DEBUG    18/06 15:09:44   Converting antismash.detection.hmm_detection results to json
DEBUG    18/06 15:09:44   Record P2_A5_34 has results for modules: hmm_detection
DEBUG    18/06 15:09:44   Converting antismash.detection.hmm_detection results to json
DEBUG    18/06 15:09:44   Record P2_A5_35 has results for modules: hmm_detection, cluster_hmmer, genefunctions, nrps_pks_domains, tigrfam, active_site_finder, cluster_compare, clusterblast, lanthipeptides, lassopeptides, nrps_pks, pfam2go, rrefinder, sactipeptides, t2pks, terpene, tfbs_finder, thiopeptides
DEBUG    18/06 15:09:44   Converting antismash.detection.hmm_detection results to json
DEBUG    18/06 15:09:44   Converting antismash.detection.cluster_hmmer results to json
DEBUG    18/06 15:09:44   Converting antismash.detection.genefunctions results to json
DEBUG    18/06 15:09:44   Converting antismash.detection.nrps_pks_domains results to json
DEBUG    18/06 15:09:44   Converting antismash.detection.tigrfam results to json
DEBUG    18/06 15:09:44   Converting antismash.modules.active_site_finder results to json
DEBUG    18/06 15:09:44   Converting antismash.modules.cluster_compare results to json
DEBUG    18/06 15:09:44   Converting antismash.modules.clusterblast results to json
DEBUG    18/06 15:09:44   Converting antismash.modules.lanthipeptides results to json
DEBUG    18/06 15:09:44   Converting antismash.modules.lassopeptides results to json
DEBUG    18/06 15:09:44   Converting antismash.modules.nrps_pks results to json
DEBUG    18/06 15:09:44   Converting antismash.modules.pfam2go results to json
DEBUG    18/06 15:09:44   Converting antismash.modules.rrefinder results to json
DEBUG    18/06 15:09:44   Converting antismash.modules.sactipeptides results to json
DEBUG    18/06 15:09:44   Converting antismash.modules.t2pks results to json
DEBUG    18/06 15:09:44   Converting antismash.modules.terpene results to json
DEBUG    18/06 15:09:44   Converting antismash.modules.tfbs_finder results to json
DEBUG    18/06 15:09:44   Converting antismash.modules.thiopeptides results to json
DEBUG    18/06 15:09:44   Converting antismash.modules.tta results to json
DEBUG    18/06 15:09:44   Record P2_A5_36 has results for modules: hmm_detection
DEBUG    18/06 15:09:44   Converting antismash.detection.hmm_detection results to json
DEBUG    18/06 15:09:44   Record P2_A5_37 has results for modules: hmm_detection
DEBUG    18/06 15:09:44   Converting antismash.detection.hmm_detection results to json
DEBUG    18/06 15:09:44   Record P2_A5_38 has results for modules: hmm_detection
DEBUG    18/06 15:09:44   Converting antismash.detection.hmm_detection results to json
DEBUG    18/06 15:09:44   Record P2_A5_39 has results for modules: hmm_detection
DEBUG    18/06 15:09:44   Converting antismash.detection.hmm_detection results to json
DEBUG    18/06 15:09:44   Record P2_A5_40 has results for modules: hmm_detection
DEBUG    18/06 15:09:44   Converting antismash.detection.hmm_detection results to json
DEBUG    18/06 15:09:44   Record P2_A5_41 has results for modules: hmm_detection
DEBUG    18/06 15:09:44   Converting antismash.detection.hmm_detection results to json
DEBUG    18/06 15:09:44   Record P2_A5_42 has results for modules: hmm_detection
DEBUG    18/06 15:09:44   Converting antismash.detection.hmm_detection results to json
DEBUG    18/06 15:09:44   Record P2_A5_43 has results for modules: hmm_detection
DEBUG    18/06 15:09:44   Converting antismash.detection.hmm_detection results to json
DEBUG    18/06 15:09:44   Record P2_A5_44 has results for modules: hmm_detection
DEBUG    18/06 15:09:44   Converting antismash.detection.hmm_detection results to json
DEBUG    18/06 15:09:44   Record P2_A5_45 has results for modules: hmm_detection
DEBUG    18/06 15:09:44   Converting antismash.detection.hmm_detection results to json
DEBUG    18/06 15:09:44   Record P2_A5_46 has results for modules: hmm_detection
DEBUG    18/06 15:09:44   Converting antismash.detection.hmm_detection results to json
DEBUG    18/06 15:09:44   Record P2_A5_47 has results for modules: hmm_detection
DEBUG    18/06 15:09:44   Converting antismash.detection.hmm_detection results to json
DEBUG    18/06 15:09:44   Record P2_A5_48 has results for modules: hmm_detection
DEBUG    18/06 15:09:44   Converting antismash.detection.hmm_detection results to json
DEBUG    18/06 15:09:44   Record P2_A5_49 has results for modules: hmm_detection
DEBUG    18/06 15:09:44   Converting antismash.detection.hmm_detection results to json
DEBUG    18/06 15:09:44   Record P2_A5_50 has results for modules: hmm_detection
DEBUG    18/06 15:09:44   Converting antismash.detection.hmm_detection results to json
DEBUG    18/06 15:09:44   Record P2_A5_51 has results for modules: hmm_detection
DEBUG    18/06 15:09:44   Converting antismash.detection.hmm_detection results to json
DEBUG    18/06 15:09:44   Record P2_A5_52 has results for modules: hmm_detection
DEBUG    18/06 15:09:44   Converting antismash.detection.hmm_detection results to json
DEBUG    18/06 15:09:44   Record P2_A5_53 has results for modules: hmm_detection
DEBUG    18/06 15:09:44   Converting antismash.detection.hmm_detection results to json
DEBUG    18/06 15:09:44   Record P2_A5_54 has results for modules: hmm_detection
DEBUG    18/06 15:09:44   Converting antismash.detection.hmm_detection results to json
DEBUG    18/06 15:09:44   Record P2_A5_55 has results for modules: hmm_detection
DEBUG    18/06 15:09:44   Converting antismash.detection.hmm_detection results to json
DEBUG    18/06 15:09:44   Annotating record P2_A5_1 with results from: hmm_detection, cluster_hmmer, genefunctions, nrps_pks_domains, tigrfam, active_site_finder, cluster_compare, clusterblast, lanthipeptides, lassopeptides, nrps_pks, pfam2go, rrefinder, sactipeptides, t2pks, terpene, tfbs_finder, thiopeptides, tta
DEBUG    18/06 15:09:44    Adding results from antismash.modules.active_site_finder
DEBUG    18/06 15:09:44    Adding results from antismash.modules.cluster_compare
DEBUG    18/06 15:09:44    Adding results from antismash.modules.clusterblast
DEBUG    18/06 15:09:44    Adding results from antismash.modules.lanthipeptides
DEBUG    18/06 15:09:44    Adding results from antismash.modules.lassopeptides
DEBUG    18/06 15:09:44    Adding results from antismash.modules.nrps_pks
DEBUG    18/06 15:09:44    Adding results from antismash.modules.pfam2go
DEBUG    18/06 15:09:44    Adding results from antismash.modules.rrefinder
DEBUG    18/06 15:09:44    Adding results from antismash.modules.sactipeptides
DEBUG    18/06 15:09:44    Adding results from antismash.modules.t2pks
DEBUG    18/06 15:09:44    Adding results from antismash.modules.terpene
DEBUG    18/06 15:09:44    Adding results from antismash.modules.tfbs_finder
DEBUG    18/06 15:09:44    Adding results from antismash.modules.thiopeptides
DEBUG    18/06 15:09:44    Adding results from antismash.modules.tta
DEBUG    18/06 15:09:44   Annotating record P2_A5_2 with results from: hmm_detection, cluster_hmmer, genefunctions, nrps_pks_domains, tigrfam, active_site_finder, cluster_compare, clusterblast, lanthipeptides, lassopeptides, nrps_pks, pfam2go, rrefinder, sactipeptides, t2pks, terpene, tfbs_finder, thiopeptides, tta
DEBUG    18/06 15:09:44    Adding results from antismash.modules.active_site_finder
DEBUG    18/06 15:09:44    Adding results from antismash.modules.cluster_compare
DEBUG    18/06 15:09:44    Adding results from antismash.modules.clusterblast
DEBUG    18/06 15:09:44    Adding results from antismash.modules.lanthipeptides
DEBUG    18/06 15:09:44    Adding results from antismash.modules.lassopeptides
DEBUG    18/06 15:09:44    Adding results from antismash.modules.nrps_pks
DEBUG    18/06 15:09:44    Adding results from antismash.modules.pfam2go
DEBUG    18/06 15:09:44    Adding results from antismash.modules.rrefinder
DEBUG    18/06 15:09:44    Adding results from antismash.modules.sactipeptides
DEBUG    18/06 15:09:44    Adding results from antismash.modules.t2pks
DEBUG    18/06 15:09:44    Adding results from antismash.modules.terpene
DEBUG    18/06 15:09:44    Adding results from antismash.modules.tfbs_finder
DEBUG    18/06 15:09:44    Adding results from antismash.modules.thiopeptides
DEBUG    18/06 15:09:44    Adding results from antismash.modules.tta
DEBUG    18/06 15:09:44   Not annotating skipped record P2_A5_3: No regions detected
DEBUG    18/06 15:09:44   Not annotating skipped record P2_A5_4: No regions detected
DEBUG    18/06 15:09:44   Annotating record P2_A5_5 with results from: hmm_detection, cluster_hmmer, genefunctions, nrps_pks_domains, tigrfam, active_site_finder, cluster_compare, clusterblast, lanthipeptides, lassopeptides, nrps_pks, pfam2go, rrefinder, sactipeptides, t2pks, terpene, tfbs_finder, thiopeptides, tta
DEBUG    18/06 15:09:44    Adding results from antismash.modules.active_site_finder
DEBUG    18/06 15:09:44    Adding results from antismash.modules.cluster_compare
DEBUG    18/06 15:09:44    Adding results from antismash.modules.clusterblast
DEBUG    18/06 15:09:44    Adding results from antismash.modules.lanthipeptides
DEBUG    18/06 15:09:44    Adding results from antismash.modules.lassopeptides
DEBUG    18/06 15:09:44    Adding results from antismash.modules.nrps_pks
DEBUG    18/06 15:09:44    Adding results from antismash.modules.pfam2go
DEBUG    18/06 15:09:44    Adding results from antismash.modules.rrefinder
DEBUG    18/06 15:09:44    Adding results from antismash.modules.sactipeptides
DEBUG    18/06 15:09:44    Adding results from antismash.modules.t2pks
DEBUG    18/06 15:09:44    Adding results from antismash.modules.terpene
DEBUG    18/06 15:09:44    Adding results from antismash.modules.tfbs_finder
DEBUG    18/06 15:09:44    Adding results from antismash.modules.thiopeptides
DEBUG    18/06 15:09:44    Adding results from antismash.modules.tta
DEBUG    18/06 15:09:44   Not annotating skipped record P2_A5_6: No regions detected
DEBUG    18/06 15:09:44   Not annotating skipped record P2_A5_7: No regions detected
DEBUG    18/06 15:09:44   Not annotating skipped record P2_A5_8: No regions detected
DEBUG    18/06 15:09:44   Not annotating skipped record P2_A5_9: No regions detected
DEBUG    18/06 15:09:44   Not annotating skipped record P2_A5_10: No regions detected
DEBUG    18/06 15:09:44   Not annotating skipped record P2_A5_11: No regions detected
DEBUG    18/06 15:09:44   Not annotating skipped record P2_A5_12: No regions detected
DEBUG    18/06 15:09:44   Not annotating skipped record P2_A5_13: No regions detected
DEBUG    18/06 15:09:44   Annotating record P2_A5_14 with results from: hmm_detection, cluster_hmmer, genefunctions, nrps_pks_domains, tigrfam, active_site_finder, cluster_compare, clusterblast, lanthipeptides, lassopeptides, nrps_pks, pfam2go, rrefinder, sactipeptides, t2pks, terpene, tfbs_finder, thiopeptides, tta
DEBUG    18/06 15:09:44    Adding results from antismash.modules.active_site_finder
DEBUG    18/06 15:09:44    Adding results from antismash.modules.cluster_compare
DEBUG    18/06 15:09:44    Adding results from antismash.modules.clusterblast
DEBUG    18/06 15:09:44    Adding results from antismash.modules.lanthipeptides
DEBUG    18/06 15:09:44    Adding results from antismash.modules.lassopeptides
DEBUG    18/06 15:09:44    Adding results from antismash.modules.nrps_pks
DEBUG    18/06 15:09:44    Adding results from antismash.modules.pfam2go
DEBUG    18/06 15:09:44    Adding results from antismash.modules.rrefinder
DEBUG    18/06 15:09:44    Adding results from antismash.modules.sactipeptides
DEBUG    18/06 15:09:44    Adding results from antismash.modules.t2pks
DEBUG    18/06 15:09:44    Adding results from antismash.modules.terpene
DEBUG    18/06 15:09:44    Adding results from antismash.modules.tfbs_finder
DEBUG    18/06 15:09:44    Adding results from antismash.modules.thiopeptides
DEBUG    18/06 15:09:44    Adding results from antismash.modules.tta
DEBUG    18/06 15:09:44   Not annotating skipped record P2_A5_15: No regions detected
DEBUG    18/06 15:09:44   Annotating record P2_A5_16 with results from: hmm_detection, cluster_hmmer, genefunctions, nrps_pks_domains, tigrfam, active_site_finder, cluster_compare, clusterblast, lanthipeptides, lassopeptides, nrps_pks, pfam2go, rrefinder, sactipeptides, t2pks, terpene, tfbs_finder, thiopeptides, tta
DEBUG    18/06 15:09:44    Adding results from antismash.modules.active_site_finder
DEBUG    18/06 15:09:44    Adding results from antismash.modules.cluster_compare
DEBUG    18/06 15:09:44    Adding results from antismash.modules.clusterblast
DEBUG    18/06 15:09:44    Adding results from antismash.modules.lanthipeptides
DEBUG    18/06 15:09:44    Adding results from antismash.modules.lassopeptides
DEBUG    18/06 15:09:44    Adding results from antismash.modules.nrps_pks
DEBUG    18/06 15:09:44    Adding results from antismash.modules.pfam2go
DEBUG    18/06 15:09:44    Adding results from antismash.modules.rrefinder
DEBUG    18/06 15:09:44    Adding results from antismash.modules.sactipeptides
DEBUG    18/06 15:09:44    Adding results from antismash.modules.t2pks
DEBUG    18/06 15:09:44    Adding results from antismash.modules.terpene
DEBUG    18/06 15:09:44    Adding results from antismash.modules.tfbs_finder
DEBUG    18/06 15:09:44    Adding results from antismash.modules.thiopeptides
DEBUG    18/06 15:09:44    Adding results from antismash.modules.tta
DEBUG    18/06 15:09:44   Not annotating skipped record P2_A5_17: No regions detected
DEBUG    18/06 15:09:44   Not annotating skipped record P2_A5_18: No regions detected
DEBUG    18/06 15:09:44   Not annotating skipped record P2_A5_19: No regions detected
DEBUG    18/06 15:09:44   Not annotating skipped record P2_A5_20: No regions detected
DEBUG    18/06 15:09:44   Annotating record P2_A5_21 with results from: hmm_detection, cluster_hmmer, genefunctions, nrps_pks_domains, tigrfam, active_site_finder, cluster_compare, clusterblast, lanthipeptides, lassopeptides, nrps_pks, pfam2go, rrefinder, sactipeptides, t2pks, terpene, tfbs_finder, thiopeptides, tta
DEBUG    18/06 15:09:44    Adding results from antismash.modules.active_site_finder
DEBUG    18/06 15:09:44    Adding results from antismash.modules.cluster_compare
DEBUG    18/06 15:09:44    Adding results from antismash.modules.clusterblast
DEBUG    18/06 15:09:44    Adding results from antismash.modules.lanthipeptides
DEBUG    18/06 15:09:44    Adding results from antismash.modules.lassopeptides
DEBUG    18/06 15:09:44    Adding results from antismash.modules.nrps_pks
DEBUG    18/06 15:09:44    Adding results from antismash.modules.pfam2go
DEBUG    18/06 15:09:44    Adding results from antismash.modules.rrefinder
DEBUG    18/06 15:09:44    Adding results from antismash.modules.sactipeptides
DEBUG    18/06 15:09:44    Adding results from antismash.modules.t2pks
DEBUG    18/06 15:09:44    Adding results from antismash.modules.terpene
DEBUG    18/06 15:09:44    Adding results from antismash.modules.tfbs_finder
DEBUG    18/06 15:09:44    Adding results from antismash.modules.thiopeptides
DEBUG    18/06 15:09:44    Adding results from antismash.modules.tta
DEBUG    18/06 15:09:44   Not annotating skipped record P2_A5_22: No regions detected
DEBUG    18/06 15:09:44   Not annotating skipped record P2_A5_23: No regions detected
DEBUG    18/06 15:09:44   Not annotating skipped record P2_A5_24: No regions detected
DEBUG    18/06 15:09:44   Not annotating skipped record P2_A5_25: No regions detected
DEBUG    18/06 15:09:44   Annotating record P2_A5_26 with results from: hmm_detection, cluster_hmmer, genefunctions, nrps_pks_domains, tigrfam, active_site_finder, cluster_compare, clusterblast, lanthipeptides, lassopeptides, nrps_pks, pfam2go, rrefinder, sactipeptides, t2pks, terpene, tfbs_finder, thiopeptides, tta
DEBUG    18/06 15:09:44    Adding results from antismash.modules.active_site_finder
DEBUG    18/06 15:09:44    Adding results from antismash.modules.cluster_compare
DEBUG    18/06 15:09:44    Adding results from antismash.modules.clusterblast
DEBUG    18/06 15:09:44    Adding results from antismash.modules.lanthipeptides
DEBUG    18/06 15:09:44    Adding results from antismash.modules.lassopeptides
DEBUG    18/06 15:09:44    Adding results from antismash.modules.nrps_pks
DEBUG    18/06 15:09:44    Adding results from antismash.modules.pfam2go
DEBUG    18/06 15:09:44    Adding results from antismash.modules.rrefinder
DEBUG    18/06 15:09:44    Adding results from antismash.modules.sactipeptides
DEBUG    18/06 15:09:44    Adding results from antismash.modules.t2pks
DEBUG    18/06 15:09:44    Adding results from antismash.modules.terpene
DEBUG    18/06 15:09:44    Adding results from antismash.modules.tfbs_finder
DEBUG    18/06 15:09:44    Adding results from antismash.modules.thiopeptides
DEBUG    18/06 15:09:44    Adding results from antismash.modules.tta
DEBUG    18/06 15:09:44   Not annotating skipped record P2_A5_27: No regions detected
DEBUG    18/06 15:09:44   Not annotating skipped record P2_A5_28: No regions detected
DEBUG    18/06 15:09:44   Not annotating skipped record P2_A5_29: No regions detected
DEBUG    18/06 15:09:44   Not annotating skipped record P2_A5_30: No regions detected
DEBUG    18/06 15:09:44   Not annotating skipped record P2_A5_31: No regions detected
DEBUG    18/06 15:09:44   Not annotating skipped record P2_A5_32: No regions detected
DEBUG    18/06 15:09:44   Not annotating skipped record P2_A5_33: No regions detected
DEBUG    18/06 15:09:44   Not annotating skipped record P2_A5_34: No regions detected
DEBUG    18/06 15:09:44   Annotating record P2_A5_35 with results from: hmm_detection, cluster_hmmer, genefunctions, nrps_pks_domains, tigrfam, active_site_finder, cluster_compare, clusterblast, lanthipeptides, lassopeptides, nrps_pks, pfam2go, rrefinder, sactipeptides, t2pks, terpene, tfbs_finder, thiopeptides, tta
DEBUG    18/06 15:09:44    Adding results from antismash.modules.active_site_finder
DEBUG    18/06 15:09:44    Adding results from antismash.modules.cluster_compare
DEBUG    18/06 15:09:44    Adding results from antismash.modules.clusterblast
DEBUG    18/06 15:09:44    Adding results from antismash.modules.lanthipeptides
DEBUG    18/06 15:09:44    Adding results from antismash.modules.lassopeptides
DEBUG    18/06 15:09:44    Adding results from antismash.modules.nrps_pks
DEBUG    18/06 15:09:44    Adding results from antismash.modules.pfam2go
DEBUG    18/06 15:09:44    Adding results from antismash.modules.rrefinder
DEBUG    18/06 15:09:44    Adding results from antismash.modules.sactipeptides
DEBUG    18/06 15:09:44    Adding results from antismash.modules.t2pks
DEBUG    18/06 15:09:44    Adding results from antismash.modules.terpene
DEBUG    18/06 15:09:44    Adding results from antismash.modules.tfbs_finder
DEBUG    18/06 15:09:44    Adding results from antismash.modules.thiopeptides
DEBUG    18/06 15:09:44    Adding results from antismash.modules.tta
DEBUG    18/06 15:09:44   Not annotating skipped record P2_A5_36: No regions detected
DEBUG    18/06 15:09:44   Not annotating skipped record P2_A5_37: No regions detected
DEBUG    18/06 15:09:44   Not annotating skipped record P2_A5_38: No regions detected
DEBUG    18/06 15:09:44   Not annotating skipped record P2_A5_39: No regions detected
DEBUG    18/06 15:09:44   Not annotating skipped record P2_A5_40: No regions detected
DEBUG    18/06 15:09:44   Not annotating skipped record P2_A5_41: No regions detected
DEBUG    18/06 15:09:44   Not annotating skipped record P2_A5_42: No regions detected
DEBUG    18/06 15:09:44   Not annotating skipped record P2_A5_43: No regions detected
DEBUG    18/06 15:09:44   Not annotating skipped record P2_A5_44: No regions detected
DEBUG    18/06 15:09:44   Not annotating skipped record P2_A5_45: No regions detected
DEBUG    18/06 15:09:44   Not annotating skipped record P2_A5_46: No regions detected
DEBUG    18/06 15:09:44   Not annotating skipped record P2_A5_47: No regions detected
DEBUG    18/06 15:09:44   Not annotating skipped record P2_A5_48: No regions detected
DEBUG    18/06 15:09:44   Not annotating skipped record P2_A5_49: No regions detected
DEBUG    18/06 15:09:44   Not annotating skipped record P2_A5_50: No regions detected
DEBUG    18/06 15:09:44   Not annotating skipped record P2_A5_51: No regions detected
DEBUG    18/06 15:09:44   Not annotating skipped record P2_A5_52: No regions detected
DEBUG    18/06 15:09:44   Not annotating skipped record P2_A5_53: No regions detected
DEBUG    18/06 15:09:44   Not annotating skipped record P2_A5_54: No regions detected
DEBUG    18/06 15:09:44   Not annotating skipped record P2_A5_55: No regions detected
DEBUG    18/06 15:09:44   Writing non-HTML output files
DEBUG    18/06 15:09:44    Writing relevant output files for antismash.detection.hmm_detection
DEBUG    18/06 15:09:44    Writing relevant output files for antismash.detection.cluster_hmmer
DEBUG    18/06 15:09:44    Writing relevant output files for antismash.detection.genefunctions
DEBUG    18/06 15:09:44    Writing relevant output files for antismash.detection.nrps_pks_domains
DEBUG    18/06 15:09:44    Writing relevant output files for antismash.detection.tigrfam
DEBUG    18/06 15:09:44    Writing relevant output files for antismash.modules.active_site_finder
DEBUG    18/06 15:09:44    Writing relevant output files for antismash.modules.cluster_compare
DEBUG    18/06 15:09:44    Writing relevant output files for antismash.modules.clusterblast
DEBUG    18/06 15:09:44    Writing relevant output files for antismash.modules.lanthipeptides
DEBUG    18/06 15:09:44    Writing relevant output files for antismash.modules.lassopeptides
DEBUG    18/06 15:09:44    Writing relevant output files for antismash.modules.nrps_pks
DEBUG    18/06 15:09:44    Writing relevant output files for antismash.modules.pfam2go
DEBUG    18/06 15:09:44    Writing relevant output files for antismash.modules.rrefinder
DEBUG    18/06 15:09:44    Writing relevant output files for antismash.modules.sactipeptides
DEBUG    18/06 15:09:44    Writing relevant output files for antismash.modules.t2pks
DEBUG    18/06 15:09:44    Writing relevant output files for antismash.modules.terpene
DEBUG    18/06 15:09:44    Writing relevant output files for antismash.modules.tfbs_finder
DEBUG    18/06 15:09:44    Writing relevant output files for antismash.modules.thiopeptides
DEBUG    18/06 15:09:44    Writing relevant output files for antismash.modules.tta
DEBUG    18/06 15:09:44    Writing relevant output files for antismash.detection.hmm_detection
DEBUG    18/06 15:09:44    Writing relevant output files for antismash.detection.cluster_hmmer
DEBUG    18/06 15:09:44    Writing relevant output files for antismash.detection.genefunctions
DEBUG    18/06 15:09:44    Writing relevant output files for antismash.detection.nrps_pks_domains
DEBUG    18/06 15:09:44    Writing relevant output files for antismash.detection.tigrfam
DEBUG    18/06 15:09:44    Writing relevant output files for antismash.modules.active_site_finder
DEBUG    18/06 15:09:44    Writing relevant output files for antismash.modules.cluster_compare
DEBUG    18/06 15:09:44    Writing relevant output files for antismash.modules.clusterblast
DEBUG    18/06 15:09:44    Writing relevant output files for antismash.modules.lanthipeptides
DEBUG    18/06 15:09:44    Writing relevant output files for antismash.modules.lassopeptides
DEBUG    18/06 15:09:44    Writing relevant output files for antismash.modules.nrps_pks
DEBUG    18/06 15:09:44    Writing relevant output files for antismash.modules.pfam2go
DEBUG    18/06 15:09:44    Writing relevant output files for antismash.modules.rrefinder
DEBUG    18/06 15:09:44    Writing relevant output files for antismash.modules.sactipeptides
DEBUG    18/06 15:09:44    Writing relevant output files for antismash.modules.t2pks
DEBUG    18/06 15:09:44    Writing relevant output files for antismash.modules.terpene
DEBUG    18/06 15:09:44    Writing relevant output files for antismash.modules.tfbs_finder
DEBUG    18/06 15:09:44    Writing relevant output files for antismash.modules.thiopeptides
DEBUG    18/06 15:09:44    Writing relevant output files for antismash.modules.tta
DEBUG    18/06 15:09:44    Writing relevant output files for antismash.detection.hmm_detection
DEBUG    18/06 15:09:44    Writing relevant output files for antismash.detection.hmm_detection
DEBUG    18/06 15:09:44    Writing relevant output files for antismash.detection.hmm_detection
DEBUG    18/06 15:09:44    Writing relevant output files for antismash.detection.cluster_hmmer
DEBUG    18/06 15:09:44    Writing relevant output files for antismash.detection.genefunctions
DEBUG    18/06 15:09:44    Writing relevant output files for antismash.detection.nrps_pks_domains
DEBUG    18/06 15:09:44    Writing relevant output files for antismash.detection.tigrfam
DEBUG    18/06 15:09:44    Writing relevant output files for antismash.modules.active_site_finder
DEBUG    18/06 15:09:44    Writing relevant output files for antismash.modules.cluster_compare
DEBUG    18/06 15:09:44    Writing relevant output files for antismash.modules.clusterblast
DEBUG    18/06 15:09:45    Writing relevant output files for antismash.modules.lanthipeptides
DEBUG    18/06 15:09:45    Writing relevant output files for antismash.modules.lassopeptides
DEBUG    18/06 15:09:45    Writing relevant output files for antismash.modules.nrps_pks
DEBUG    18/06 15:09:45    Writing relevant output files for antismash.modules.pfam2go
DEBUG    18/06 15:09:45    Writing relevant output files for antismash.modules.rrefinder
DEBUG    18/06 15:09:45    Writing relevant output files for antismash.modules.sactipeptides
DEBUG    18/06 15:09:45    Writing relevant output files for antismash.modules.t2pks
DEBUG    18/06 15:09:45    Writing relevant output files for antismash.modules.terpene
DEBUG    18/06 15:09:45    Writing relevant output files for antismash.modules.tfbs_finder
DEBUG    18/06 15:09:45    Writing relevant output files for antismash.modules.thiopeptides
DEBUG    18/06 15:09:45    Writing relevant output files for antismash.modules.tta
DEBUG    18/06 15:09:45    Writing relevant output files for antismash.detection.hmm_detection
DEBUG    18/06 15:09:45    Writing relevant output files for antismash.detection.hmm_detection
DEBUG    18/06 15:09:45    Writing relevant output files for antismash.detection.hmm_detection
DEBUG    18/06 15:09:45    Writing relevant output files for antismash.detection.hmm_detection
DEBUG    18/06 15:09:45    Writing relevant output files for antismash.detection.hmm_detection
DEBUG    18/06 15:09:45    Writing relevant output files for antismash.detection.hmm_detection
DEBUG    18/06 15:09:45    Writing relevant output files for antismash.detection.hmm_detection
DEBUG    18/06 15:09:45    Writing relevant output files for antismash.detection.hmm_detection
DEBUG    18/06 15:09:45    Writing relevant output files for antismash.detection.hmm_detection
DEBUG    18/06 15:09:45    Writing relevant output files for antismash.detection.cluster_hmmer
DEBUG    18/06 15:09:45    Writing relevant output files for antismash.detection.genefunctions
DEBUG    18/06 15:09:45    Writing relevant output files for antismash.detection.nrps_pks_domains
DEBUG    18/06 15:09:45    Writing relevant output files for antismash.detection.tigrfam
DEBUG    18/06 15:09:45    Writing relevant output files for antismash.modules.active_site_finder
DEBUG    18/06 15:09:45    Writing relevant output files for antismash.modules.cluster_compare
DEBUG    18/06 15:09:45    Writing relevant output files for antismash.modules.clusterblast
DEBUG    18/06 15:09:45    Writing relevant output files for antismash.modules.lanthipeptides
DEBUG    18/06 15:09:45    Writing relevant output files for antismash.modules.lassopeptides
DEBUG    18/06 15:09:45    Writing relevant output files for antismash.modules.nrps_pks
DEBUG    18/06 15:09:45    Writing relevant output files for antismash.modules.pfam2go
DEBUG    18/06 15:09:45    Writing relevant output files for antismash.modules.rrefinder
DEBUG    18/06 15:09:45    Writing relevant output files for antismash.modules.sactipeptides
DEBUG    18/06 15:09:45    Writing relevant output files for antismash.modules.t2pks
DEBUG    18/06 15:09:45    Writing relevant output files for antismash.modules.terpene
DEBUG    18/06 15:09:45    Writing relevant output files for antismash.modules.tfbs_finder
DEBUG    18/06 15:09:45    Writing relevant output files for antismash.modules.thiopeptides
DEBUG    18/06 15:09:45    Writing relevant output files for antismash.modules.tta
DEBUG    18/06 15:09:45    Writing relevant output files for antismash.detection.hmm_detection
DEBUG    18/06 15:09:45    Writing relevant output files for antismash.detection.hmm_detection
DEBUG    18/06 15:09:45    Writing relevant output files for antismash.detection.cluster_hmmer
DEBUG    18/06 15:09:45    Writing relevant output files for antismash.detection.genefunctions
DEBUG    18/06 15:09:45    Writing relevant output files for antismash.detection.nrps_pks_domains
DEBUG    18/06 15:09:45    Writing relevant output files for antismash.detection.tigrfam
DEBUG    18/06 15:09:45    Writing relevant output files for antismash.modules.active_site_finder
DEBUG    18/06 15:09:45    Writing relevant output files for antismash.modules.cluster_compare
DEBUG    18/06 15:09:45    Writing relevant output files for antismash.modules.clusterblast
DEBUG    18/06 15:09:45    Writing relevant output files for antismash.modules.lanthipeptides
DEBUG    18/06 15:09:45    Writing relevant output files for antismash.modules.lassopeptides
DEBUG    18/06 15:09:45    Writing relevant output files for antismash.modules.nrps_pks
DEBUG    18/06 15:09:45    Writing relevant output files for antismash.modules.pfam2go
DEBUG    18/06 15:09:45    Writing relevant output files for antismash.modules.rrefinder
DEBUG    18/06 15:09:45    Writing relevant output files for antismash.modules.sactipeptides
DEBUG    18/06 15:09:45    Writing relevant output files for antismash.modules.t2pks
DEBUG    18/06 15:09:45    Writing relevant output files for antismash.modules.terpene
DEBUG    18/06 15:09:45    Writing relevant output files for antismash.modules.tfbs_finder
DEBUG    18/06 15:09:45    Writing relevant output files for antismash.modules.thiopeptides
DEBUG    18/06 15:09:45    Writing relevant output files for antismash.modules.tta
DEBUG    18/06 15:09:45    Writing relevant output files for antismash.detection.hmm_detection
DEBUG    18/06 15:09:45    Writing relevant output files for antismash.detection.hmm_detection
DEBUG    18/06 15:09:45    Writing relevant output files for antismash.detection.hmm_detection
DEBUG    18/06 15:09:45    Writing relevant output files for antismash.detection.hmm_detection
DEBUG    18/06 15:09:45    Writing relevant output files for antismash.detection.hmm_detection
DEBUG    18/06 15:09:45    Writing relevant output files for antismash.detection.cluster_hmmer
DEBUG    18/06 15:09:45    Writing relevant output files for antismash.detection.genefunctions
DEBUG    18/06 15:09:45    Writing relevant output files for antismash.detection.nrps_pks_domains
DEBUG    18/06 15:09:45    Writing relevant output files for antismash.detection.tigrfam
DEBUG    18/06 15:09:45    Writing relevant output files for antismash.modules.active_site_finder
DEBUG    18/06 15:09:45    Writing relevant output files for antismash.modules.cluster_compare
DEBUG    18/06 15:09:45    Writing relevant output files for antismash.modules.clusterblast
DEBUG    18/06 15:09:45    Writing relevant output files for antismash.modules.lanthipeptides
DEBUG    18/06 15:09:45    Writing relevant output files for antismash.modules.lassopeptides
DEBUG    18/06 15:09:45    Writing relevant output files for antismash.modules.nrps_pks
DEBUG    18/06 15:09:45    Writing relevant output files for antismash.modules.pfam2go
DEBUG    18/06 15:09:45    Writing relevant output files for antismash.modules.rrefinder
DEBUG    18/06 15:09:45    Writing relevant output files for antismash.modules.sactipeptides
DEBUG    18/06 15:09:45    Writing relevant output files for antismash.modules.t2pks
DEBUG    18/06 15:09:45    Writing relevant output files for antismash.modules.terpene
DEBUG    18/06 15:09:45    Writing relevant output files for antismash.modules.tfbs_finder
DEBUG    18/06 15:09:45    Writing relevant output files for antismash.modules.thiopeptides
DEBUG    18/06 15:09:45    Writing relevant output files for antismash.modules.tta
DEBUG    18/06 15:09:45    Writing relevant output files for antismash.detection.hmm_detection
DEBUG    18/06 15:09:45    Writing relevant output files for antismash.detection.hmm_detection
DEBUG    18/06 15:09:45    Writing relevant output files for antismash.detection.hmm_detection
DEBUG    18/06 15:09:45    Writing relevant output files for antismash.detection.hmm_detection
DEBUG    18/06 15:09:45    Writing relevant output files for antismash.detection.hmm_detection
DEBUG    18/06 15:09:45    Writing relevant output files for antismash.detection.cluster_hmmer
DEBUG    18/06 15:09:45    Writing relevant output files for antismash.detection.genefunctions
DEBUG    18/06 15:09:45    Writing relevant output files for antismash.detection.nrps_pks_domains
DEBUG    18/06 15:09:45    Writing relevant output files for antismash.detection.tigrfam
DEBUG    18/06 15:09:45    Writing relevant output files for antismash.modules.active_site_finder
DEBUG    18/06 15:09:45    Writing relevant output files for antismash.modules.cluster_compare
DEBUG    18/06 15:09:45    Writing relevant output files for antismash.modules.clusterblast
DEBUG    18/06 15:09:45    Writing relevant output files for antismash.modules.lanthipeptides
DEBUG    18/06 15:09:45    Writing relevant output files for antismash.modules.lassopeptides
DEBUG    18/06 15:09:45    Writing relevant output files for antismash.modules.nrps_pks
DEBUG    18/06 15:09:45    Writing relevant output files for antismash.modules.pfam2go
DEBUG    18/06 15:09:45    Writing relevant output files for antismash.modules.rrefinder
DEBUG    18/06 15:09:45    Writing relevant output files for antismash.modules.sactipeptides
DEBUG    18/06 15:09:45    Writing relevant output files for antismash.modules.t2pks
DEBUG    18/06 15:09:45    Writing relevant output files for antismash.modules.terpene
DEBUG    18/06 15:09:45    Writing relevant output files for antismash.modules.tfbs_finder
DEBUG    18/06 15:09:45    Writing relevant output files for antismash.modules.thiopeptides
DEBUG    18/06 15:09:45    Writing relevant output files for antismash.modules.tta
DEBUG    18/06 15:09:45    Writing relevant output files for antismash.detection.hmm_detection
DEBUG    18/06 15:09:45    Writing relevant output files for antismash.detection.hmm_detection
DEBUG    18/06 15:09:45    Writing relevant output files for antismash.detection.hmm_detection
DEBUG    18/06 15:09:45    Writing relevant output files for antismash.detection.hmm_detection
DEBUG    18/06 15:09:45    Writing relevant output files for antismash.detection.hmm_detection
DEBUG    18/06 15:09:45    Writing relevant output files for antismash.detection.hmm_detection
DEBUG    18/06 15:09:45    Writing relevant output files for antismash.detection.hmm_detection
DEBUG    18/06 15:09:45    Writing relevant output files for antismash.detection.hmm_detection
DEBUG    18/06 15:09:45    Writing relevant output files for antismash.detection.hmm_detection
DEBUG    18/06 15:09:45    Writing relevant output files for antismash.detection.cluster_hmmer
DEBUG    18/06 15:09:45    Writing relevant output files for antismash.detection.genefunctions
DEBUG    18/06 15:09:45    Writing relevant output files for antismash.detection.nrps_pks_domains
DEBUG    18/06 15:09:45    Writing relevant output files for antismash.detection.tigrfam
DEBUG    18/06 15:09:45    Writing relevant output files for antismash.modules.active_site_finder
DEBUG    18/06 15:09:45    Writing relevant output files for antismash.modules.cluster_compare
DEBUG    18/06 15:09:45    Writing relevant output files for antismash.modules.clusterblast
DEBUG    18/06 15:09:45    Writing relevant output files for antismash.modules.lanthipeptides
DEBUG    18/06 15:09:45    Writing relevant output files for antismash.modules.lassopeptides
DEBUG    18/06 15:09:45    Writing relevant output files for antismash.modules.nrps_pks
DEBUG    18/06 15:09:45    Writing relevant output files for antismash.modules.pfam2go
DEBUG    18/06 15:09:45    Writing relevant output files for antismash.modules.rrefinder
DEBUG    18/06 15:09:45    Writing relevant output files for antismash.modules.sactipeptides
DEBUG    18/06 15:09:45    Writing relevant output files for antismash.modules.t2pks
DEBUG    18/06 15:09:45    Writing relevant output files for antismash.modules.terpene
DEBUG    18/06 15:09:45    Writing relevant output files for antismash.modules.tfbs_finder
DEBUG    18/06 15:09:45    Writing relevant output files for antismash.modules.thiopeptides
DEBUG    18/06 15:09:45    Writing relevant output files for antismash.modules.tta
DEBUG    18/06 15:09:45    Writing relevant output files for antismash.detection.hmm_detection
DEBUG    18/06 15:09:45    Writing relevant output files for antismash.detection.hmm_detection
DEBUG    18/06 15:09:45    Writing relevant output files for antismash.detection.hmm_detection
DEBUG    18/06 15:09:45    Writing relevant output files for antismash.detection.hmm_detection
DEBUG    18/06 15:09:45    Writing relevant output files for antismash.detection.hmm_detection
DEBUG    18/06 15:09:45    Writing relevant output files for antismash.detection.hmm_detection
DEBUG    18/06 15:09:45    Writing relevant output files for antismash.detection.hmm_detection
DEBUG    18/06 15:09:45    Writing relevant output files for antismash.detection.hmm_detection
DEBUG    18/06 15:09:45    Writing relevant output files for antismash.detection.hmm_detection
DEBUG    18/06 15:09:45    Writing relevant output files for antismash.detection.hmm_detection
DEBUG    18/06 15:09:45    Writing relevant output files for antismash.detection.hmm_detection
DEBUG    18/06 15:09:45    Writing relevant output files for antismash.detection.hmm_detection
DEBUG    18/06 15:09:45    Writing relevant output files for antismash.detection.hmm_detection
DEBUG    18/06 15:09:45    Writing relevant output files for antismash.detection.hmm_detection
DEBUG    18/06 15:09:45    Writing relevant output files for antismash.detection.hmm_detection
DEBUG    18/06 15:09:45    Writing relevant output files for antismash.detection.hmm_detection
DEBUG    18/06 15:09:45    Writing relevant output files for antismash.detection.hmm_detection
DEBUG    18/06 15:09:45    Writing relevant output files for antismash.detection.hmm_detection
DEBUG    18/06 15:09:45    Writing relevant output files for antismash.detection.hmm_detection
DEBUG    18/06 15:09:45    Writing relevant output files for antismash.detection.hmm_detection
DEBUG    18/06 15:09:45   Creating results page
DEBUG    18/06 15:09:45   Results page using antismash.js from local copy: /databases/as-js/0.16/antismash.js
DEBUG    18/06 15:09:51   Writing cluster-specific genbank files
DEBUG    18/06 15:09:52   Writing final genbank file to '/data/antismash/upload/bacteria-fee38211-0279-42a6-aee0-cc0ad4e3e010/C2R07_2.gbk'
DEBUG    18/06 15:09:52   Zipping output to '/data/antismash/upload/bacteria-fee38211-0279-42a6-aee0-cc0ad4e3e010/C2R07_2.zip'
