INFO     18/06 14:58:40   antiSMASH version: 8.0.4
INFO     18/06 14:58:40   diamond using executable: /usr/bin/diamond-aligner (2.1.3)
INFO     18/06 14:58:40   hmmpfam2 using executable: /usr/bin/hmm2pfam (2.3.2)
INFO     18/06 14:58:40   fasttree using executable: /usr/bin/fasttree
INFO     18/06 14:58:40   hmmsearch using executable: /usr/bin/hmmsearch (3.3.2)
INFO     18/06 14:58:40   hmmpress using executable: /usr/bin/hmmpress (3.3.2)
INFO     18/06 14:58:40   hmmscan using executable: /usr/bin/hmmscan (3.3.2)
INFO     18/06 14:58:40   prodigal using executable: /usr/bin/prodigal (V2.6.3)
INFO     18/06 14:58:40   blastp using executable: /usr/bin/blastp (2.12.0+)
INFO     18/06 14:58:40   makeblastdb using executable: /usr/bin/makeblastdb (2.12.0+)
DEBUG    18/06 14:58:40   Checking prerequisites for antismash.detection.hmm_detection
DEBUG    18/06 14:58:41   Found file '/usr/local/lib/python3.11/dist-packages/antismash/detection/hmm_detection/data/bgc_seeds.hmm'
DEBUG    18/06 14:58:41   Found file '/usr/local/lib/python3.11/dist-packages/antismash/detection/hmm_detection/data/bgc_seeds.hmm'
DEBUG    18/06 14:58:41   Found file '/usr/local/lib/python3.11/dist-packages/antismash/detection/hmm_detection/data/bgc_seeds.hmm.h3f'
DEBUG    18/06 14:58:41   Found file '/usr/local/lib/python3.11/dist-packages/antismash/detection/hmm_detection/data/bgc_seeds.hmm.h3i'
DEBUG    18/06 14:58:41   Found file '/usr/local/lib/python3.11/dist-packages/antismash/detection/hmm_detection/data/bgc_seeds.hmm.h3m'
DEBUG    18/06 14:58:41   Found file '/usr/local/lib/python3.11/dist-packages/antismash/detection/hmm_detection/data/bgc_seeds.hmm.h3p'
DEBUG    18/06 14:58:41   Checking prerequisites for antismash.detection.cluster_hmmer
DEBUG    18/06 14:58:41   Found file '/databases/pfam/35.0/Pfam-A.hmm'
DEBUG    18/06 14:58:41   Found file '/databases/pfam/35.0/Pfam-A.hmm.h3f'
DEBUG    18/06 14:58:41   Found file '/databases/pfam/35.0/Pfam-A.hmm.h3i'
DEBUG    18/06 14:58:41   Found file '/databases/pfam/35.0/Pfam-A.hmm.h3m'
DEBUG    18/06 14:58:41   Found file '/databases/pfam/35.0/Pfam-A.hmm.h3p'
DEBUG    18/06 14:58:41   Checking prerequisites for antismash.detection.genefunctions
DEBUG    18/06 14:58:41   Found file '/databases/resfam/Resfams.hmm'
DEBUG    18/06 14:58:41   Found file '/usr/local/lib/python3.11/dist-packages/antismash/detection/genefunctions/tools/data/extras.hmm.h3f'
DEBUG    18/06 14:58:41   Found file '/usr/local/lib/python3.11/dist-packages/antismash/detection/genefunctions/tools/data/extras.hmm.h3i'
DEBUG    18/06 14:58:41   Found file '/usr/local/lib/python3.11/dist-packages/antismash/detection/genefunctions/tools/data/extras.hmm.h3m'
DEBUG    18/06 14:58:41   Found file '/usr/local/lib/python3.11/dist-packages/antismash/detection/genefunctions/tools/data/extras.hmm.h3p'
DEBUG    18/06 14:58:41   Found file '/usr/local/lib/python3.11/dist-packages/antismash/detection/genefunctions/tools/halogenases/data/FDH.hmm'
DEBUG    18/06 14:58:41   Found file '/usr/local/lib/python3.11/dist-packages/antismash/detection/genefunctions/tools/halogenases/data/FDH.hmm.h3f'
DEBUG    18/06 14:58:41   Found file '/usr/local/lib/python3.11/dist-packages/antismash/detection/genefunctions/tools/halogenases/data/FDH.hmm.h3i'
DEBUG    18/06 14:58:41   Found file '/usr/local/lib/python3.11/dist-packages/antismash/detection/genefunctions/tools/halogenases/data/FDH.hmm.h3m'
DEBUG    18/06 14:58:41   Found file '/usr/local/lib/python3.11/dist-packages/antismash/detection/genefunctions/tools/halogenases/data/FDH.hmm.h3p'
DEBUG    18/06 14:58:41   Found file '/databases/mite/1.3/metadata.json'
DEBUG    18/06 14:58:41   Found file '/databases/mite/1.3/mite.fasta'
DEBUG    18/06 14:58:41   Found file '/databases/mite/1.3/mite.db.dmnd'
DEBUG    18/06 14:58:41   Found file '/databases/mite/1.3/mite.db.dmnd'
DEBUG    18/06 14:58:41   Found file '/usr/local/lib/python3.11/dist-packages/antismash/detection/genefunctions/tools/data/smcogs.hmm.h3f'
DEBUG    18/06 14:58:41   Found file '/usr/local/lib/python3.11/dist-packages/antismash/detection/genefunctions/tools/data/smcogs.hmm.h3i'
DEBUG    18/06 14:58:41   Found file '/usr/local/lib/python3.11/dist-packages/antismash/detection/genefunctions/tools/data/smcogs.hmm.h3m'
DEBUG    18/06 14:58:41   Found file '/usr/local/lib/python3.11/dist-packages/antismash/detection/genefunctions/tools/data/smcogs.hmm.h3p'
DEBUG    18/06 14:58:41   Found file '/databases/resfam/Resfams.hmm.h3f'
DEBUG    18/06 14:58:41   Found file '/databases/resfam/Resfams.hmm.h3i'
DEBUG    18/06 14:58:41   Found file '/databases/resfam/Resfams.hmm.h3m'
DEBUG    18/06 14:58:41   Found file '/databases/resfam/Resfams.hmm.h3p'
DEBUG    18/06 14:58:41   Checking prerequisites for antismash.detection.nrps_pks_domains
DEBUG    18/06 14:58:41   Found file '/usr/local/lib/python3.11/dist-packages/antismash/detection/nrps_pks_domains/data/abmotifs.hmm.h3f'
DEBUG    18/06 14:58:41   Found file '/usr/local/lib/python3.11/dist-packages/antismash/detection/nrps_pks_domains/data/abmotifs.hmm.h3i'
DEBUG    18/06 14:58:41   Found file '/usr/local/lib/python3.11/dist-packages/antismash/detection/nrps_pks_domains/data/abmotifs.hmm.h3m'
DEBUG    18/06 14:58:41   Found file '/usr/local/lib/python3.11/dist-packages/antismash/detection/nrps_pks_domains/data/abmotifs.hmm.h3p'
DEBUG    18/06 14:58:41   Found file '/usr/local/lib/python3.11/dist-packages/antismash/detection/nrps_pks_domains/data/dockingdomains.hmm.h3f'
DEBUG    18/06 14:58:41   Found file '/usr/local/lib/python3.11/dist-packages/antismash/detection/nrps_pks_domains/data/dockingdomains.hmm.h3i'
DEBUG    18/06 14:58:41   Found file '/usr/local/lib/python3.11/dist-packages/antismash/detection/nrps_pks_domains/data/dockingdomains.hmm.h3m'
DEBUG    18/06 14:58:41   Found file '/usr/local/lib/python3.11/dist-packages/antismash/detection/nrps_pks_domains/data/dockingdomains.hmm.h3p'
DEBUG    18/06 14:58:41   Found file '/usr/local/lib/python3.11/dist-packages/antismash/detection/nrps_pks_domains/data/ksdomains.hmm.h3f'
DEBUG    18/06 14:58:41   Found file '/usr/local/lib/python3.11/dist-packages/antismash/detection/nrps_pks_domains/data/ksdomains.hmm.h3i'
DEBUG    18/06 14:58:41   Found file '/usr/local/lib/python3.11/dist-packages/antismash/detection/nrps_pks_domains/data/ksdomains.hmm.h3m'
DEBUG    18/06 14:58:41   Found file '/usr/local/lib/python3.11/dist-packages/antismash/detection/nrps_pks_domains/data/ksdomains.hmm.h3p'
DEBUG    18/06 14:58:41   Found file '/usr/local/lib/python3.11/dist-packages/antismash/detection/nrps_pks_domains/data/nrpspksdomains.hmm.h3f'
DEBUG    18/06 14:58:41   Found file '/usr/local/lib/python3.11/dist-packages/antismash/detection/nrps_pks_domains/data/nrpspksdomains.hmm.h3i'
DEBUG    18/06 14:58:41   Found file '/usr/local/lib/python3.11/dist-packages/antismash/detection/nrps_pks_domains/data/nrpspksdomains.hmm.h3m'
DEBUG    18/06 14:58:41   Found file '/usr/local/lib/python3.11/dist-packages/antismash/detection/nrps_pks_domains/data/nrpspksdomains.hmm.h3p'
DEBUG    18/06 14:58:41   Found file '/databases/nrps_pks/transATor/2023.02.23/transATor.hmm.h3f'
DEBUG    18/06 14:58:41   Found file '/databases/nrps_pks/transATor/2023.02.23/transATor.hmm.h3i'
DEBUG    18/06 14:58:41   Found file '/databases/nrps_pks/transATor/2023.02.23/transATor.hmm.h3m'
DEBUG    18/06 14:58:41   Found file '/databases/nrps_pks/transATor/2023.02.23/transATor.hmm.h3p'
DEBUG    18/06 14:58:41   Checking prerequisites for antismash.detection.tigrfam
DEBUG    18/06 14:58:41   Found file '/databases/tigrfam/TIGRFam.hmm'
DEBUG    18/06 14:58:41   Found file '/databases/tigrfam/TIGRFam.hmm.h3f'
DEBUG    18/06 14:58:41   Found file '/databases/tigrfam/TIGRFam.hmm.h3i'
DEBUG    18/06 14:58:41   Found file '/databases/tigrfam/TIGRFam.hmm.h3m'
DEBUG    18/06 14:58:41   Found file '/databases/tigrfam/TIGRFam.hmm.h3p'
DEBUG    18/06 14:58:41   Checking prerequisites for antismash.modules.active_site_finder
DEBUG    18/06 14:58:41   Found file '/usr/local/lib/python3.11/dist-packages/antismash/modules/active_site_finder/data/PKSI-KR.hmm2'
DEBUG    18/06 14:58:41   Found file '/usr/local/lib/python3.11/dist-packages/antismash/modules/active_site_finder/data/PKSI-KS_N.hmm2'
DEBUG    18/06 14:58:41   Found file '/usr/local/lib/python3.11/dist-packages/antismash/modules/active_site_finder/data/PKSI-KS_C.hmm2'
DEBUG    18/06 14:58:41   Found file '/usr/local/lib/python3.11/dist-packages/antismash/modules/active_site_finder/data/PKSI-AT.hmm2'
DEBUG    18/06 14:58:41   Found file '/usr/local/lib/python3.11/dist-packages/antismash/modules/active_site_finder/data/PKSI-ACP.hmm2'
DEBUG    18/06 14:58:41   Found file '/usr/local/lib/python3.11/dist-packages/antismash/modules/active_site_finder/data/PKSI-DH.hmm2'
DEBUG    18/06 14:58:41   Found file '/usr/local/lib/python3.11/dist-packages/antismash/modules/active_site_finder/data/Thioesterase.hmm2'
DEBUG    18/06 14:58:41   Found file '/usr/local/lib/python3.11/dist-packages/antismash/modules/active_site_finder/data/PKSI-ER.hmm2'
DEBUG    18/06 14:58:41   Found file '/usr/local/lib/python3.11/dist-packages/antismash/modules/active_site_finder/data/p450.hmm2'
DEBUG    18/06 14:58:41   Checking prerequisites for antismash.modules.cluster_compare
DEBUG    18/06 14:58:41   Found file '/databases/clustercompare/mibig/4.0/data.json'
DEBUG    18/06 14:58:41   Found file '/databases/clustercompare/mibig/4.0/proteins.fasta'
DEBUG    18/06 14:58:41   Found file '/databases/clustercompare/mibig/4.0/proteins.dmnd'
DEBUG    18/06 14:58:41   Found file '/databases/clustercompare/mibig/4.0/proteins.dmnd'
DEBUG    18/06 14:58:41   Checking prerequisites for antismash.modules.clusterblast
DEBUG    18/06 14:58:41   Found file '/databases/knownclusterblast/4.0/clusters.txt'
DEBUG    18/06 14:58:41   Found file '/databases/knownclusterblast/4.0/proteins.fasta'
DEBUG    18/06 14:58:41   Found file '/databases/knownclusterblast/4.0/proteins.dmnd'
DEBUG    18/06 14:58:41   Found file '/databases/knownclusterblast/4.0/proteins.dmnd'
DEBUG    18/06 14:58:41   Found file '/databases/clusterblast/clusters.txt'
DEBUG    18/06 14:58:41   Found file '/databases/clusterblast/proteins.fasta'
DEBUG    18/06 14:58:41   Found file '/databases/clusterblast/proteins.dmnd'
DEBUG    18/06 14:58:41   Found file '/databases/clusterblast/proteins.dmnd'
DEBUG    18/06 14:58:41   Found file '/usr/local/lib/python3.11/dist-packages/antismash/modules/clusterblast/data/sub/proteins.fasta'
DEBUG    18/06 14:58:41   Found file '/usr/local/lib/python3.11/dist-packages/antismash/modules/clusterblast/data/sub/proteins.fasta.phr'
DEBUG    18/06 14:58:41   Found file '/usr/local/lib/python3.11/dist-packages/antismash/modules/clusterblast/data/sub/proteins.fasta.pin'
DEBUG    18/06 14:58:41   Found file '/usr/local/lib/python3.11/dist-packages/antismash/modules/clusterblast/data/sub/proteins.fasta.psq'
DEBUG    18/06 14:58:41   Found file '/usr/local/lib/python3.11/dist-packages/antismash/modules/clusterblast/data/sub/clusters.txt'
DEBUG    18/06 14:58:41   Checking prerequisites for antismash.modules.lanthipeptides
DEBUG    18/06 14:58:41   Found file '/databases/comparippson/asdb/4.0/cores.fa.pdb'
DEBUG    18/06 14:58:41   Found file '/databases/comparippson/asdb/4.0/cores.fa.phr'
DEBUG    18/06 14:58:41   Found file '/databases/comparippson/asdb/4.0/cores.fa.pin'
DEBUG    18/06 14:58:41   Found file '/databases/comparippson/asdb/4.0/cores.fa.pot'
DEBUG    18/06 14:58:41   Found file '/databases/comparippson/asdb/4.0/cores.fa.psq'
DEBUG    18/06 14:58:41   Found file '/databases/comparippson/asdb/4.0/cores.fa.ptf'
DEBUG    18/06 14:58:41   Found file '/databases/comparippson/asdb/4.0/cores.fa.pto'
DEBUG    18/06 14:58:41   Found file '/databases/comparippson/mibig/4.0/cores.fa.pdb'
DEBUG    18/06 14:58:41   Found file '/databases/comparippson/mibig/4.0/cores.fa.phr'
DEBUG    18/06 14:58:41   Found file '/databases/comparippson/mibig/4.0/cores.fa.pin'
DEBUG    18/06 14:58:41   Found file '/databases/comparippson/mibig/4.0/cores.fa.pot'
DEBUG    18/06 14:58:41   Found file '/databases/comparippson/mibig/4.0/cores.fa.psq'
DEBUG    18/06 14:58:41   Found file '/databases/comparippson/mibig/4.0/cores.fa.ptf'
DEBUG    18/06 14:58:41   Found file '/databases/comparippson/mibig/4.0/cores.fa.pto'
DEBUG    18/06 14:58:41   Checking prerequisites for antismash.modules.lassopeptides
DEBUG    18/06 14:58:41   Checking prerequisites for antismash.modules.nrps_pks
DEBUG    18/06 14:58:41   Found existing cache for /usr/local/lib/python3.11/dist-packages/antismash/modules/nrps_pks/data/terminals/cterm.fasta
DEBUG    18/06 14:58:41   Found existing cache for /usr/local/lib/python3.11/dist-packages/antismash/modules/nrps_pks/data/terminals/nterm.fasta
DEBUG    18/06 14:58:41   Found existing cache for /usr/local/lib/python3.11/dist-packages/antismash/modules/nrps_pks/at_analysis/data/AT_domains_muscle.fasta
DEBUG    18/06 14:58:41   Found existing cache for /usr/local/lib/python3.11/dist-packages/antismash/modules/nrps_pks/c_analysis/data/Rausch_C_203.fa
DEBUG    18/06 14:58:41   Found existing cache for /usr/local/lib/python3.11/dist-packages/antismash/modules/nrps_pks/kr_analysis/data/KRdomains_muscle.fasta
DEBUG    18/06 14:58:41   Found existing cache for /usr/local/lib/python3.11/dist-packages/antismash/modules/nrps_pks/minowa/data/AT_domains_muscle.fasta
DEBUG    18/06 14:58:41   Found existing cache for /usr/local/lib/python3.11/dist-packages/antismash/modules/nrps_pks/minowa/data/CAL_domains_muscle.fasta
DEBUG    18/06 14:58:41   Checking prerequisites for antismash.modules.pfam2go
DEBUG    18/06 14:58:41   Found file '/usr/local/lib/python3.11/dist-packages/antismash/modules/pfam2go/data/pfam2go.txt'
DEBUG    18/06 14:58:41   Checking prerequisites for antismash.modules.rrefinder
DEBUG    18/06 14:58:41   Found file '/usr/local/lib/python3.11/dist-packages/antismash/modules/rrefinder/data/RREFam.hmm.h3f'
DEBUG    18/06 14:58:41   Found file '/usr/local/lib/python3.11/dist-packages/antismash/modules/rrefinder/data/RREFam.hmm.h3i'
DEBUG    18/06 14:58:41   Found file '/usr/local/lib/python3.11/dist-packages/antismash/modules/rrefinder/data/RREFam.hmm.h3m'
DEBUG    18/06 14:58:41   Found file '/usr/local/lib/python3.11/dist-packages/antismash/modules/rrefinder/data/RREFam.hmm.h3p'
DEBUG    18/06 14:58:41   Checking prerequisites for antismash.modules.sactipeptides
DEBUG    18/06 14:58:41   Checking prerequisites for antismash.modules.t2pks
DEBUG    18/06 14:58:41   Found file '/usr/local/lib/python3.11/dist-packages/antismash/modules/t2pks/data/KSIII.fasta'
DEBUG    18/06 14:58:41   Found file '/usr/local/lib/python3.11/dist-packages/antismash/modules/t2pks/data/KSIII.phr'
DEBUG    18/06 14:58:41   Found file '/usr/local/lib/python3.11/dist-packages/antismash/modules/t2pks/data/KSIII.pin'
DEBUG    18/06 14:58:41   Found file '/usr/local/lib/python3.11/dist-packages/antismash/modules/t2pks/data/KSIII.psq'
DEBUG    18/06 14:58:41   Found file '/usr/local/lib/python3.11/dist-packages/antismash/modules/t2pks/data/AT.fasta'
DEBUG    18/06 14:58:41   Found file '/usr/local/lib/python3.11/dist-packages/antismash/modules/t2pks/data/AT.phr'
DEBUG    18/06 14:58:41   Found file '/usr/local/lib/python3.11/dist-packages/antismash/modules/t2pks/data/AT.pin'
DEBUG    18/06 14:58:41   Found file '/usr/local/lib/python3.11/dist-packages/antismash/modules/t2pks/data/AT.psq'
DEBUG    18/06 14:58:41   Found file '/usr/local/lib/python3.11/dist-packages/antismash/modules/t2pks/data/LIG.fasta'
DEBUG    18/06 14:58:41   Found file '/usr/local/lib/python3.11/dist-packages/antismash/modules/t2pks/data/LIG.phr'
DEBUG    18/06 14:58:41   Found file '/usr/local/lib/python3.11/dist-packages/antismash/modules/t2pks/data/LIG.pin'
DEBUG    18/06 14:58:41   Found file '/usr/local/lib/python3.11/dist-packages/antismash/modules/t2pks/data/LIG.psq'
DEBUG    18/06 14:58:41   Found file '/usr/local/lib/python3.11/dist-packages/antismash/modules/t2pks/data/t2pks.hmm.h3f'
DEBUG    18/06 14:58:41   Found file '/usr/local/lib/python3.11/dist-packages/antismash/modules/t2pks/data/t2pks.hmm.h3i'
DEBUG    18/06 14:58:41   Found file '/usr/local/lib/python3.11/dist-packages/antismash/modules/t2pks/data/t2pks.hmm.h3m'
DEBUG    18/06 14:58:41   Found file '/usr/local/lib/python3.11/dist-packages/antismash/modules/t2pks/data/t2pks.hmm.h3p'
DEBUG    18/06 14:58:41   Checking prerequisites for antismash.modules.terpene
DEBUG    18/06 14:58:41   Found file '/usr/local/lib/python3.11/dist-packages/antismash/modules/terpene/data/all_profiles.hmm'
DEBUG    18/06 14:58:41   Found file '/usr/local/lib/python3.11/dist-packages/antismash/modules/terpene/data/all_profiles.hmm.h3f'
DEBUG    18/06 14:58:41   Found file '/usr/local/lib/python3.11/dist-packages/antismash/modules/terpene/data/all_profiles.hmm.h3i'
DEBUG    18/06 14:58:41   Found file '/usr/local/lib/python3.11/dist-packages/antismash/modules/terpene/data/all_profiles.hmm.h3m'
DEBUG    18/06 14:58:41   Found file '/usr/local/lib/python3.11/dist-packages/antismash/modules/terpene/data/all_profiles.hmm.h3p'
DEBUG    18/06 14:58:41   Checking prerequisites for antismash.modules.tfbs_finder
DEBUG    18/06 14:58:41   Found file '/usr/local/lib/python3.11/dist-packages/antismash/modules/tfbs_finder/data/PWMs.json'
DEBUG    18/06 14:58:41   Checking prerequisites for antismash.modules.thiopeptides
DEBUG    18/06 14:58:41   Found file '/usr/local/lib/python3.11/dist-packages/antismash/modules/thiopeptides/data/thiopep3.hmm.h3f'
DEBUG    18/06 14:58:41   Found file '/usr/local/lib/python3.11/dist-packages/antismash/modules/thiopeptides/data/thiopep3.hmm.h3i'
DEBUG    18/06 14:58:41   Found file '/usr/local/lib/python3.11/dist-packages/antismash/modules/thiopeptides/data/thiopep3.hmm.h3m'
DEBUG    18/06 14:58:41   Found file '/usr/local/lib/python3.11/dist-packages/antismash/modules/thiopeptides/data/thiopep3.hmm.h3p'
DEBUG    18/06 14:58:41   Checking prerequisites for antismash.modules.tta
DEBUG    18/06 14:58:41   Checking prerequisites for antismash.outputs.html
DEBUG    18/06 14:58:41   Found file '/usr/local/lib/python3.11/dist-packages/antismash/outputs/html/css/bacteria.css'
DEBUG    18/06 14:58:41   Found file '/usr/local/lib/python3.11/dist-packages/antismash/outputs/html/css/fungi.css'
DEBUG    18/06 14:58:41   Found file '/usr/local/lib/python3.11/dist-packages/antismash/outputs/html/css/plants.css'
DEBUG    18/06 14:58:41   Checking prerequisites for antismash.support.genefinding
DEBUG    18/06 14:58:41   Checking options for antismash.detection.hmm_detection
DEBUG    18/06 14:58:41   Checking options for antismash.detection.cluster_hmmer
DEBUG    18/06 14:58:41   Found file '/databases/pfam/35.0/Pfam-A.hmm'
DEBUG    18/06 14:58:41   Found file '/databases/pfam/35.0/Pfam-A.hmm.h3f'
DEBUG    18/06 14:58:41   Found file '/databases/pfam/35.0/Pfam-A.hmm.h3i'
DEBUG    18/06 14:58:41   Found file '/databases/pfam/35.0/Pfam-A.hmm.h3m'
DEBUG    18/06 14:58:41   Found file '/databases/pfam/35.0/Pfam-A.hmm.h3p'
DEBUG    18/06 14:58:41   Checking options for antismash.detection.genefunctions
DEBUG    18/06 14:58:41   Checking options for antismash.detection.nrps_pks_domains
DEBUG    18/06 14:58:41   Checking options for antismash.detection.tigrfam
DEBUG    18/06 14:58:41   Checking options for antismash.modules.active_site_finder
DEBUG    18/06 14:58:41   Checking options for antismash.modules.cluster_compare
DEBUG    18/06 14:58:41   Checking options for antismash.modules.clusterblast
DEBUG    18/06 14:58:41   Checking options for antismash.modules.lanthipeptides
DEBUG    18/06 14:58:41   Checking options for antismash.modules.lassopeptides
DEBUG    18/06 14:58:41   Checking options for antismash.modules.nrps_pks
DEBUG    18/06 14:58:41   Checking options for antismash.modules.pfam2go
DEBUG    18/06 14:58:41   Checking options for antismash.modules.rrefinder
DEBUG    18/06 14:58:41   Checking options for antismash.modules.sactipeptides
DEBUG    18/06 14:58:41   Checking options for antismash.modules.t2pks
DEBUG    18/06 14:58:41   Checking options for antismash.modules.terpene
DEBUG    18/06 14:58:41   Checking options for antismash.modules.tfbs_finder
DEBUG    18/06 14:58:41   Checking options for antismash.modules.thiopeptides
DEBUG    18/06 14:58:41   Checking options for antismash.modules.tta
DEBUG    18/06 14:58:41   Checking options for antismash.outputs.html
DEBUG    18/06 14:58:41   Checking options for antismash.support.genefinding
INFO     18/06 14:58:41   Parsing input sequence '/input/D3M17.fasta'
DEBUG    18/06 14:58:41   Stripping antiSMASH features and annotations from record: P2_A7_1
DEBUG    18/06 14:58:41   Stripping antiSMASH features and annotations from record: P2_A7_2
DEBUG    18/06 14:58:41   Stripping antiSMASH features and annotations from record: P2_A7_3
DEBUG    18/06 14:58:41   Stripping antiSMASH features and annotations from record: P2_A7_4
DEBUG    18/06 14:58:41   Stripping antiSMASH features and annotations from record: P2_A7_5
DEBUG    18/06 14:58:41   Stripping antiSMASH features and annotations from record: P2_A7_6
DEBUG    18/06 14:58:41   Stripping antiSMASH features and annotations from record: P2_A7_7
DEBUG    18/06 14:58:41   Stripping antiSMASH features and annotations from record: P2_A7_8
DEBUG    18/06 14:58:41   Stripping antiSMASH features and annotations from record: P2_A7_9
DEBUG    18/06 14:58:41   Stripping antiSMASH features and annotations from record: P2_A7_10
DEBUG    18/06 14:58:41   Stripping antiSMASH features and annotations from record: P2_A7_11
DEBUG    18/06 14:58:41   Stripping antiSMASH features and annotations from record: P2_A7_12
DEBUG    18/06 14:58:41   Stripping antiSMASH features and annotations from record: P2_A7_13
DEBUG    18/06 14:58:41   Stripping antiSMASH features and annotations from record: P2_A7_14
DEBUG    18/06 14:58:41   Stripping antiSMASH features and annotations from record: P2_A7_15
DEBUG    18/06 14:58:41   Stripping antiSMASH features and annotations from record: P2_A7_16
DEBUG    18/06 14:58:41   Stripping antiSMASH features and annotations from record: P2_A7_17
DEBUG    18/06 14:58:41   Stripping antiSMASH features and annotations from record: P2_A7_18
DEBUG    18/06 14:58:41   Stripping antiSMASH features and annotations from record: P2_A7_19
DEBUG    18/06 14:58:41   Stripping antiSMASH features and annotations from record: P2_A7_20
DEBUG    18/06 14:58:41   Stripping antiSMASH features and annotations from record: P2_A7_21
DEBUG    18/06 14:58:41   Stripping antiSMASH features and annotations from record: P2_A7_22
DEBUG    18/06 14:58:41   Stripping antiSMASH features and annotations from record: P2_A7_23
DEBUG    18/06 14:58:41   Stripping antiSMASH features and annotations from record: P2_A7_24
DEBUG    18/06 14:58:41   Stripping antiSMASH features and annotations from record: P2_A7_25
DEBUG    18/06 14:58:41   Stripping antiSMASH features and annotations from record: P2_A7_26
DEBUG    18/06 14:58:41   Stripping antiSMASH features and annotations from record: P2_A7_27
DEBUG    18/06 14:58:41   Stripping antiSMASH features and annotations from record: P2_A7_28
DEBUG    18/06 14:58:41   Stripping antiSMASH features and annotations from record: P2_A7_29
DEBUG    18/06 14:58:41   Stripping antiSMASH features and annotations from record: P2_A7_30
DEBUG    18/06 14:58:41   Stripping antiSMASH features and annotations from record: P2_A7_31
DEBUG    18/06 14:58:41   Stripping antiSMASH features and annotations from record: P2_A7_32
DEBUG    18/06 14:58:41   Stripping antiSMASH features and annotations from record: P2_A7_33
DEBUG    18/06 14:58:41   Stripping antiSMASH features and annotations from record: P2_A7_34
DEBUG    18/06 14:58:41   Stripping antiSMASH features and annotations from record: P2_A7_35
DEBUG    18/06 14:58:41   Converting records from biopython to secmet
DEBUG    18/06 14:58:41   Removing existing region genbank files
DEBUG    18/06 14:58:41   Reusing output directory: /data/antismash/upload/bacteria-65a14703-efa8-4d7e-829b-9563a00de36e
DEBUG    18/06 14:58:41   Preprocessing 35 sequences
DEBUG    18/06 14:58:41   Sanitising record ids and sequences
DEBUG    18/06 14:58:42   Removing sequences smaller than 1000 bases
DEBUG    18/06 14:58:42   Ensuring records have CDS features with all required information
INFO     18/06 14:58:42   No CDS features found in record 'P2_A7_1', running gene finding.
DEBUG    18/06 14:58:42   Running prodigal based genefinding
INFO     18/06 14:58:42   No CDS features found in record 'P2_A7_4', running gene finding.
DEBUG    18/06 14:58:42   Running prodigal based genefinding
INFO     18/06 14:58:42   No CDS features found in record 'P2_A7_7', running gene finding.
DEBUG    18/06 14:58:42   Running prodigal based genefinding
INFO     18/06 14:58:42   No CDS features found in record 'P2_A7_10', running gene finding.
DEBUG    18/06 14:58:42   Running prodigal based genefinding
DEBUG    18/06 14:58:43   prodigal found 184 CDS features
INFO     18/06 14:58:43   No CDS features found in record 'P2_A7_11', running gene finding.
DEBUG    18/06 14:58:43   Running prodigal based genefinding
DEBUG    18/06 14:58:43   prodigal found 261 CDS features
INFO     18/06 14:58:43   No CDS features found in record 'P2_A7_8', running gene finding.
DEBUG    18/06 14:58:43   Running prodigal based genefinding
DEBUG    18/06 14:58:43   prodigal found 195 CDS features
INFO     18/06 14:58:43   No CDS features found in record 'P2_A7_12', running gene finding.
DEBUG    18/06 14:58:43   Running prodigal based genefinding
DEBUG    18/06 14:58:44   prodigal found 417 CDS features
INFO     18/06 14:58:44   No CDS features found in record 'P2_A7_5', running gene finding.
DEBUG    18/06 14:58:44   Running prodigal based genefinding
DEBUG    18/06 14:58:44   prodigal found 249 CDS features
INFO     18/06 14:58:44   No CDS features found in record 'P2_A7_9', running gene finding.
DEBUG    18/06 14:58:44   Running prodigal based genefinding
DEBUG    18/06 14:58:44   prodigal found 121 CDS features
INFO     18/06 14:58:44   No CDS features found in record 'P2_A7_13', running gene finding.
DEBUG    18/06 14:58:44   Running prodigal based genefinding
DEBUG    18/06 14:58:44   prodigal found 608 CDS features
INFO     18/06 14:58:44   No CDS features found in record 'P2_A7_2', running gene finding.
DEBUG    18/06 14:58:44   Running prodigal based genefinding
DEBUG    18/06 14:58:45   prodigal found 106 CDS features
INFO     18/06 14:58:45   No CDS features found in record 'P2_A7_14', running gene finding.
DEBUG    18/06 14:58:45   Running prodigal based genefinding
DEBUG    18/06 14:58:45   prodigal found 93 CDS features
INFO     18/06 14:58:45   No CDS features found in record 'P2_A7_15', running gene finding.
DEBUG    18/06 14:58:45   Running prodigal based genefinding
DEBUG    18/06 14:58:45   prodigal found 159 CDS features
INFO     18/06 14:58:45   No CDS features found in record 'P2_A7_16', running gene finding.
DEBUG    18/06 14:58:45   Running prodigal based genefinding
DEBUG    18/06 14:58:45   prodigal found 67 CDS features
INFO     18/06 14:58:45   No CDS features found in record 'P2_A7_17', running gene finding.
DEBUG    18/06 14:58:45   Running prodigal based genefinding
DEBUG    18/06 14:58:45   prodigal found 100 CDS features
INFO     18/06 14:58:45   No CDS features found in record 'P2_A7_19', running gene finding.
DEBUG    18/06 14:58:45   Running prodigal based genefinding
DEBUG    18/06 14:58:45   prodigal found 435 CDS features
INFO     18/06 14:58:45   No CDS features found in record 'P2_A7_6', running gene finding.
DEBUG    18/06 14:58:45   Running prodigal based genefinding
DEBUG    18/06 14:58:46   prodigal found 71 CDS features
INFO     18/06 14:58:46   No CDS features found in record 'P2_A7_18', running gene finding.
DEBUG    18/06 14:58:46   Running prodigal based genefinding
DEBUG    18/06 14:58:46   prodigal found 50 CDS features
INFO     18/06 14:58:46   No CDS features found in record 'P2_A7_20', running gene finding.
DEBUG    18/06 14:58:46   Running prodigal based genefinding
DEBUG    18/06 14:58:46   prodigal found 46 CDS features
INFO     18/06 14:58:46   No CDS features found in record 'P2_A7_21', running gene finding.
DEBUG    18/06 14:58:46   Running prodigal based genefinding
DEBUG    18/06 14:58:46   prodigal found 72 CDS features
INFO     18/06 14:58:46   No CDS features found in record 'P2_A7_22', running gene finding.
DEBUG    18/06 14:58:46   Running prodigal based genefinding
DEBUG    18/06 14:58:46   prodigal found 35 CDS features
INFO     18/06 14:58:46   No CDS features found in record 'P2_A7_23', running gene finding.
DEBUG    18/06 14:58:46   Running prodigal based genefinding
DEBUG    18/06 14:58:46   prodigal found 43 CDS features
INFO     18/06 14:58:46   No CDS features found in record 'P2_A7_25', running gene finding.
DEBUG    18/06 14:58:46   Running prodigal based genefinding
DEBUG    18/06 14:58:46   prodigal found 23 CDS features
INFO     18/06 14:58:46   No CDS features found in record 'P2_A7_24', running gene finding.
DEBUG    18/06 14:58:46   Running prodigal based genefinding
DEBUG    18/06 14:58:46   prodigal found 14 CDS features
INFO     18/06 14:58:46   No CDS features found in record 'P2_A7_26', running gene finding.
DEBUG    18/06 14:58:46   Running prodigal based genefinding
DEBUG    18/06 14:58:46   prodigal found 9 CDS features
INFO     18/06 14:58:46   No CDS features found in record 'P2_A7_28', running gene finding.
DEBUG    18/06 14:58:46   Running prodigal based genefinding
DEBUG    18/06 14:58:46   prodigal found 10 CDS features
INFO     18/06 14:58:46   No CDS features found in record 'P2_A7_27', running gene finding.
DEBUG    18/06 14:58:46   Running prodigal based genefinding
DEBUG    18/06 14:58:46   prodigal found 3 CDS features
INFO     18/06 14:58:46   No CDS features found in record 'P2_A7_29', running gene finding.
DEBUG    18/06 14:58:46   Running prodigal based genefinding
DEBUG    18/06 14:58:46   prodigal found 1 CDS features
INFO     18/06 14:58:46   No CDS features found in record 'P2_A7_30', running gene finding.
DEBUG    18/06 14:58:46   Running prodigal based genefinding
DEBUG    18/06 14:58:46   prodigal found 3 CDS features
INFO     18/06 14:58:46   No CDS features found in record 'P2_A7_31', running gene finding.
DEBUG    18/06 14:58:46   Running prodigal based genefinding
DEBUG    18/06 14:58:46   prodigal found 1 CDS features
INFO     18/06 14:58:46   No CDS features found in record 'P2_A7_34', running gene finding.
DEBUG    18/06 14:58:46   Running prodigal based genefinding
DEBUG    18/06 14:58:46   prodigal found 1 CDS features
INFO     18/06 14:58:46   No CDS features found in record 'P2_A7_32', running gene finding.
DEBUG    18/06 14:58:46   Running prodigal based genefinding
DEBUG    18/06 14:58:46   prodigal found 1 CDS features
INFO     18/06 14:58:46   No CDS features found in record 'P2_A7_35', running gene finding.
DEBUG    18/06 14:58:46   Running prodigal based genefinding
DEBUG    18/06 14:58:46   prodigal found 1 CDS features
INFO     18/06 14:58:46   No CDS features found in record 'P2_A7_33', running gene finding.
DEBUG    18/06 14:58:46   Running prodigal based genefinding
DEBUG    18/06 14:58:46   prodigal found 1 CDS features
DEBUG    18/06 14:58:46   prodigal found 2 CDS features
DEBUG    18/06 14:58:47   prodigal found 633 CDS features
INFO     18/06 14:58:47   No CDS features found in record 'P2_A7_3', running gene finding.
DEBUG    18/06 14:58:47   Running prodigal based genefinding
DEBUG    18/06 14:58:47   prodigal found 303 CDS features
DEBUG    18/06 14:58:49   prodigal found 507 CDS features
INFO     18/06 14:58:49   Analysing record: P2_A7_1
INFO     18/06 14:58:49   Detecting secondary metabolite clusters
DEBUG    18/06 14:58:49   Checking if antismash.detection.hmm_detection should be run
INFO     18/06 14:58:49   Running antismash.detection.hmm_detection
INFO     18/06 14:58:49   HMM detection using strictness: relaxed
DEBUG    18/06 14:58:55   0 rule-based cluster(s) found in record
DEBUG    18/06 14:58:55   0 protoclusters found
DEBUG    18/06 14:58:55   0 subregions found
INFO     18/06 14:58:55   No regions detected, skipping record
INFO     18/06 14:58:55   Analysing record: P2_A7_2
INFO     18/06 14:58:55   Detecting secondary metabolite clusters
DEBUG    18/06 14:58:55   Checking if antismash.detection.hmm_detection should be run
INFO     18/06 14:58:55   Running antismash.detection.hmm_detection
INFO     18/06 14:58:55   HMM detection using strictness: relaxed
DEBUG    18/06 14:59:00   1 rule-based cluster(s) found in record
DEBUG    18/06 14:59:00   1 protoclusters found
DEBUG    18/06 14:59:00   0 subregions found
INFO     18/06 14:59:00   1 region(s) detected in record
DEBUG    18/06 14:59:00   Checking if antismash.detection.cluster_hmmer should be run
INFO     18/06 14:59:00   Running antismash.detection.cluster_hmmer
INFO     18/06 14:59:00   Running cluster PFAM search
DEBUG    18/06 14:59:16   Building name mapping for HMMer database Pfam-A.hmm
DEBUG    18/06 14:59:20   Building cutoff mapping for HMMer database /databases/pfam/35.0/Pfam-A.hmm
DEBUG    18/06 14:59:24   Adding detection results from antismash.detection.cluster_hmmer to record
DEBUG    18/06 14:59:24   Checking if antismash.detection.genefunctions should be run
INFO     18/06 14:59:24   Running antismash.detection.genefunctions
DEBUG    18/06 14:59:26   Adding detection results from antismash.detection.genefunctions to record
DEBUG    18/06 14:59:26   annotating CDS features with extras info: 0 CDSes
DEBUG    18/06 14:59:26   annotating CDS features with halogenases info: 0 CDSes
DEBUG    18/06 14:59:26   annotating CDS features with MITE info: 0 CDSes
DEBUG    18/06 14:59:26   annotating CDS features with resist info: 0 CDSes
DEBUG    18/06 14:59:26   annotating CDS features with smcogs info: 12 CDSes
DEBUG    18/06 14:59:26   Checking if antismash.detection.nrps_pks_domains should be run
INFO     18/06 14:59:26   Running antismash.detection.nrps_pks_domains
DEBUG    18/06 14:59:26   Marking NRPS/PKS CDS features and domains in clusters
DEBUG    18/06 14:59:26   Adding detection results from antismash.detection.nrps_pks_domains to record
DEBUG    18/06 14:59:26   Checking if antismash.detection.tigrfam should be run
INFO     18/06 14:59:26   Running antismash.detection.tigrfam
INFO     18/06 14:59:26   Running TIGRFam search
DEBUG    18/06 14:59:31   Building name mapping for HMMer database TIGRFam.hmm
DEBUG    18/06 14:59:33   Adding detection results from antismash.detection.tigrfam to record
DEBUG    18/06 14:59:33   Checking if antismash.modules.active_site_finder should be run
INFO     18/06 14:59:33   Running antismash.modules.active_site_finder
DEBUG    18/06 14:59:33   Checking if antismash.modules.cluster_compare should be run
INFO     18/06 14:59:33   Running antismash.modules.cluster_compare
DEBUG    18/06 14:59:33   Loading comparison database: MIBiG
DEBUG    18/06 14:59:33   Comparison database loaded
INFO     18/06 14:59:33   Comparing regions to reference database
DEBUG    18/06 14:59:35   Checking if antismash.modules.clusterblast should be run
INFO     18/06 14:59:35   Running antismash.modules.clusterblast
INFO     18/06 14:59:35   Running ClusterBlast
INFO     18/06 14:59:35   ClusterBlast: Loading gene cluster database into memory...
INFO     18/06 14:59:38   ClusterBlast: Loading gene cluster database proteins into memory...
INFO     18/06 15:00:09   Comparing regions to reference database
INFO     18/06 15:00:29   Running subcluster search
INFO     18/06 15:00:29   SubClusterBlast: Loading gene cluster database into memory...
INFO     18/06 15:00:29   SubClusterBlast: Loading gene cluster database proteins into memory...
INFO     18/06 15:00:30   Running known cluster search
INFO     18/06 15:00:30   KnownClusterBlast: Loading gene cluster database into memory...
INFO     18/06 15:00:30   KnownClusterBlast: Loading gene cluster database proteins into memory...
DEBUG    18/06 15:00:30   Running DIAMOND knowncluster searches..
INFO     18/06 15:00:30   Comparing regions to reference database
DEBUG    18/06 15:00:34   Checking if antismash.modules.lanthipeptides should be run
INFO     18/06 15:00:34   Running antismash.modules.lanthipeptides
DEBUG    18/06 15:00:34   Lanthipeptide module marked 0 motifs
DEBUG    18/06 15:00:34   Checking if antismash.modules.lassopeptides should be run
INFO     18/06 15:00:34   Running antismash.modules.lassopeptides
DEBUG    18/06 15:00:34   Lassopeptide module marked 0 motifs
DEBUG    18/06 15:00:34   Checking if antismash.modules.nrps_pks should be run
INFO     18/06 15:00:34   Running antismash.modules.nrps_pks
INFO     18/06 15:00:34   Predicting NRPS C domain activity using active site motifs
DEBUG    18/06 15:00:34   CandidateCluster 1 monomer ordering method: colinear
DEBUG    18/06 15:00:34   Checking if antismash.modules.pfam2go should be run
INFO     18/06 15:00:34   Running antismash.modules.pfam2go
DEBUG    18/06 15:00:34   Checking if antismash.modules.rrefinder should be run
INFO     18/06 15:00:34   Running antismash.modules.rrefinder
DEBUG    18/06 15:00:34   Checking if antismash.modules.sactipeptides should be run
INFO     18/06 15:00:34   Running antismash.modules.sactipeptides
DEBUG    18/06 15:00:34   Found no sactipeptide motifs
DEBUG    18/06 15:00:35   Checking if antismash.modules.t2pks should be run
INFO     18/06 15:00:35   Running antismash.modules.t2pks
DEBUG    18/06 15:00:35   No type II PKS clusters to analyze
DEBUG    18/06 15:00:35   Checking if antismash.modules.terpene should be run
INFO     18/06 15:00:35   Running antismash.modules.terpene
DEBUG    18/06 15:00:35   No terpene clusters to analyse
DEBUG    18/06 15:00:35   Checking if antismash.modules.tfbs_finder should be run
INFO     18/06 15:00:35   Running antismash.modules.tfbs_finder
DEBUG    18/06 15:00:35   Checking if antismash.modules.thiopeptides should be run
INFO     18/06 15:00:35   Running antismash.modules.thiopeptides
DEBUG    18/06 15:00:35   Thiopeptides marked 0 motifs
DEBUG    18/06 15:00:35   Checking if antismash.modules.tta should be run
INFO     18/06 15:00:35   Running antismash.modules.tta
INFO     18/06 15:00:35   Skipping TTA codon detection, GC content too low: 39%
INFO     18/06 15:00:35   Analysing record: P2_A7_3
INFO     18/06 15:00:35   Detecting secondary metabolite clusters
DEBUG    18/06 15:00:35   Checking if antismash.detection.hmm_detection should be run
INFO     18/06 15:00:35   Running antismash.detection.hmm_detection
INFO     18/06 15:00:35   HMM detection using strictness: relaxed
DEBUG    18/06 15:00:39   0 rule-based cluster(s) found in record
DEBUG    18/06 15:00:39   0 protoclusters found
DEBUG    18/06 15:00:39   0 subregions found
INFO     18/06 15:00:39   No regions detected, skipping record
INFO     18/06 15:00:39   Analysing record: P2_A7_4
INFO     18/06 15:00:39   Detecting secondary metabolite clusters
DEBUG    18/06 15:00:39   Checking if antismash.detection.hmm_detection should be run
INFO     18/06 15:00:39   Running antismash.detection.hmm_detection
INFO     18/06 15:00:39   HMM detection using strictness: relaxed
DEBUG    18/06 15:00:41   0 rule-based cluster(s) found in record
DEBUG    18/06 15:00:41   0 protoclusters found
DEBUG    18/06 15:00:41   0 subregions found
INFO     18/06 15:00:41   No regions detected, skipping record
INFO     18/06 15:00:41   Analysing record: P2_A7_5
INFO     18/06 15:00:41   Detecting secondary metabolite clusters
DEBUG    18/06 15:00:41   Checking if antismash.detection.hmm_detection should be run
INFO     18/06 15:00:41   Running antismash.detection.hmm_detection
INFO     18/06 15:00:41   HMM detection using strictness: relaxed
DEBUG    18/06 15:00:45   2 rule-based cluster(s) found in record
DEBUG    18/06 15:00:45   2 protoclusters found
DEBUG    18/06 15:00:45   0 subregions found
INFO     18/06 15:00:45   1 region(s) detected in record
DEBUG    18/06 15:00:45   Checking if antismash.detection.cluster_hmmer should be run
INFO     18/06 15:00:45   Running antismash.detection.cluster_hmmer
INFO     18/06 15:00:45   Running cluster PFAM search
DEBUG    18/06 15:01:05   Adding detection results from antismash.detection.cluster_hmmer to record
DEBUG    18/06 15:01:05   Checking if antismash.detection.genefunctions should be run
INFO     18/06 15:01:05   Running antismash.detection.genefunctions
DEBUG    18/06 15:01:07   Adding detection results from antismash.detection.genefunctions to record
DEBUG    18/06 15:01:07   annotating CDS features with extras info: 0 CDSes
DEBUG    18/06 15:01:07   annotating CDS features with halogenases info: 1 CDSes
DEBUG    18/06 15:01:07   annotating CDS features with MITE info: 0 CDSes
DEBUG    18/06 15:01:07   annotating CDS features with resist info: 0 CDSes
DEBUG    18/06 15:01:07   annotating CDS features with smcogs info: 15 CDSes
DEBUG    18/06 15:01:07   Checking if antismash.detection.nrps_pks_domains should be run
INFO     18/06 15:01:07   Running antismash.detection.nrps_pks_domains
DEBUG    18/06 15:01:07   Marking NRPS/PKS CDS features and domains in clusters
DEBUG    18/06 15:01:08   Adding detection results from antismash.detection.nrps_pks_domains to record
DEBUG    18/06 15:01:08   Checking if antismash.detection.tigrfam should be run
INFO     18/06 15:01:08   Running antismash.detection.tigrfam
INFO     18/06 15:01:08   Running TIGRFam search
DEBUG    18/06 15:01:14   Adding detection results from antismash.detection.tigrfam to record
DEBUG    18/06 15:01:14   Checking if antismash.modules.active_site_finder should be run
INFO     18/06 15:01:14   Running antismash.modules.active_site_finder
DEBUG    18/06 15:01:14   Checking if antismash.modules.cluster_compare should be run
INFO     18/06 15:01:14   Running antismash.modules.cluster_compare
DEBUG    18/06 15:01:14   Loading comparison database: MIBiG
DEBUG    18/06 15:01:14   Comparison database loaded
INFO     18/06 15:01:14   Comparing regions to reference database
DEBUG    18/06 15:01:16   Checking if antismash.modules.clusterblast should be run
INFO     18/06 15:01:16   Running antismash.modules.clusterblast
INFO     18/06 15:01:16   Running ClusterBlast
INFO     18/06 15:01:16   ClusterBlast: Loading gene cluster database into memory...
INFO     18/06 15:01:19   ClusterBlast: Loading gene cluster database proteins into memory...
INFO     18/06 15:01:53   Comparing regions to reference database
INFO     18/06 15:02:13   Running subcluster search
INFO     18/06 15:02:13   SubClusterBlast: Loading gene cluster database into memory...
INFO     18/06 15:02:13   SubClusterBlast: Loading gene cluster database proteins into memory...
INFO     18/06 15:02:14   Running known cluster search
INFO     18/06 15:02:14   KnownClusterBlast: Loading gene cluster database into memory...
INFO     18/06 15:02:14   KnownClusterBlast: Loading gene cluster database proteins into memory...
DEBUG    18/06 15:02:14   Running DIAMOND knowncluster searches..
INFO     18/06 15:02:14   Comparing regions to reference database
DEBUG    18/06 15:02:19   Checking if antismash.modules.lanthipeptides should be run
INFO     18/06 15:02:19   Running antismash.modules.lanthipeptides
DEBUG    18/06 15:02:19   Lanthipeptide module marked 0 motifs
DEBUG    18/06 15:02:20   Checking if antismash.modules.lassopeptides should be run
INFO     18/06 15:02:20   Running antismash.modules.lassopeptides
DEBUG    18/06 15:02:20   Lassopeptide module marked 0 motifs
DEBUG    18/06 15:02:20   Checking if antismash.modules.nrps_pks should be run
INFO     18/06 15:02:20   Running antismash.modules.nrps_pks
INFO     18/06 15:02:20   Predicting A domain substrate specificities with nrpys
INFO     18/06 15:02:20   Predicting NRPS C domain activity using active site motifs
INFO     18/06 15:02:20   Predicting CAL domain substrate specificities by Minowa et al. method
INFO     18/06 15:02:20   Predicting PKS KR activity and stereochemistry using KR fingerprints from Starcevic et al.
DEBUG    18/06 15:02:20   CandidateCluster 1 monomer ordering method: colinear
DEBUG    18/06 15:02:20   Checking if antismash.modules.pfam2go should be run
INFO     18/06 15:02:20   Running antismash.modules.pfam2go
DEBUG    18/06 15:02:20   Checking if antismash.modules.rrefinder should be run
INFO     18/06 15:02:20   Running antismash.modules.rrefinder
DEBUG    18/06 15:02:20   Checking if antismash.modules.sactipeptides should be run
INFO     18/06 15:02:20   Running antismash.modules.sactipeptides
DEBUG    18/06 15:02:20   Found no sactipeptide motifs
DEBUG    18/06 15:02:20   Checking if antismash.modules.t2pks should be run
INFO     18/06 15:02:20   Running antismash.modules.t2pks
DEBUG    18/06 15:02:20   No type II PKS clusters to analyze
DEBUG    18/06 15:02:20   Checking if antismash.modules.terpene should be run
INFO     18/06 15:02:20   Running antismash.modules.terpene
DEBUG    18/06 15:02:20   No terpene clusters to analyse
DEBUG    18/06 15:02:20   Checking if antismash.modules.tfbs_finder should be run
INFO     18/06 15:02:20   Running antismash.modules.tfbs_finder
DEBUG    18/06 15:02:21   Checking if antismash.modules.thiopeptides should be run
INFO     18/06 15:02:21   Running antismash.modules.thiopeptides
DEBUG    18/06 15:02:21   Thiopeptides marked 0 motifs
DEBUG    18/06 15:02:21   Checking if antismash.modules.tta should be run
INFO     18/06 15:02:21   Running antismash.modules.tta
INFO     18/06 15:02:21   Skipping TTA codon detection, GC content too low: 39%
INFO     18/06 15:02:21   Analysing record: P2_A7_6
INFO     18/06 15:02:21   Detecting secondary metabolite clusters
DEBUG    18/06 15:02:21   Checking if antismash.detection.hmm_detection should be run
INFO     18/06 15:02:21   Running antismash.detection.hmm_detection
INFO     18/06 15:02:21   HMM detection using strictness: relaxed
DEBUG    18/06 15:02:23   0 rule-based cluster(s) found in record
DEBUG    18/06 15:02:23   0 protoclusters found
DEBUG    18/06 15:02:23   0 subregions found
INFO     18/06 15:02:23   No regions detected, skipping record
INFO     18/06 15:02:23   Analysing record: P2_A7_7
INFO     18/06 15:02:23   Detecting secondary metabolite clusters
DEBUG    18/06 15:02:23   Checking if antismash.detection.hmm_detection should be run
INFO     18/06 15:02:23   Running antismash.detection.hmm_detection
INFO     18/06 15:02:23   HMM detection using strictness: relaxed
DEBUG    18/06 15:02:24   0 rule-based cluster(s) found in record
DEBUG    18/06 15:02:24   0 protoclusters found
DEBUG    18/06 15:02:24   0 subregions found
INFO     18/06 15:02:24   No regions detected, skipping record
INFO     18/06 15:02:24   Analysing record: P2_A7_8
INFO     18/06 15:02:24   Detecting secondary metabolite clusters
DEBUG    18/06 15:02:24   Checking if antismash.detection.hmm_detection should be run
INFO     18/06 15:02:24   Running antismash.detection.hmm_detection
INFO     18/06 15:02:24   HMM detection using strictness: relaxed
DEBUG    18/06 15:02:26   1 rule-based cluster(s) found in record
DEBUG    18/06 15:02:26   1 protoclusters found
DEBUG    18/06 15:02:26   0 subregions found
INFO     18/06 15:02:26   1 region(s) detected in record
DEBUG    18/06 15:02:26   Checking if antismash.detection.cluster_hmmer should be run
INFO     18/06 15:02:26   Running antismash.detection.cluster_hmmer
INFO     18/06 15:02:26   Running cluster PFAM search
DEBUG    18/06 15:02:34   Adding detection results from antismash.detection.cluster_hmmer to record
DEBUG    18/06 15:02:34   Checking if antismash.detection.genefunctions should be run
INFO     18/06 15:02:34   Running antismash.detection.genefunctions
DEBUG    18/06 15:02:35   Adding detection results from antismash.detection.genefunctions to record
DEBUG    18/06 15:02:35   annotating CDS features with extras info: 0 CDSes
DEBUG    18/06 15:02:35   annotating CDS features with halogenases info: 0 CDSes
DEBUG    18/06 15:02:35   annotating CDS features with MITE info: 0 CDSes
DEBUG    18/06 15:02:35   annotating CDS features with resist info: 0 CDSes
DEBUG    18/06 15:02:35   annotating CDS features with smcogs info: 6 CDSes
DEBUG    18/06 15:02:35   Checking if antismash.detection.nrps_pks_domains should be run
INFO     18/06 15:02:35   Running antismash.detection.nrps_pks_domains
DEBUG    18/06 15:02:35   Marking NRPS/PKS CDS features and domains in clusters
DEBUG    18/06 15:02:35   Adding detection results from antismash.detection.nrps_pks_domains to record
DEBUG    18/06 15:02:35   Checking if antismash.detection.tigrfam should be run
INFO     18/06 15:02:35   Running antismash.detection.tigrfam
INFO     18/06 15:02:35   Running TIGRFam search
DEBUG    18/06 15:02:38   Adding detection results from antismash.detection.tigrfam to record
DEBUG    18/06 15:02:38   Checking if antismash.modules.active_site_finder should be run
INFO     18/06 15:02:38   Running antismash.modules.active_site_finder
DEBUG    18/06 15:02:38   Checking if antismash.modules.cluster_compare should be run
INFO     18/06 15:02:38   Running antismash.modules.cluster_compare
DEBUG    18/06 15:02:38   Loading comparison database: MIBiG
DEBUG    18/06 15:02:38   Comparison database loaded
INFO     18/06 15:02:38   Comparing regions to reference database
DEBUG    18/06 15:02:40   Checking if antismash.modules.clusterblast should be run
INFO     18/06 15:02:40   Running antismash.modules.clusterblast
INFO     18/06 15:02:40   Running ClusterBlast
INFO     18/06 15:02:40   ClusterBlast: Loading gene cluster database into memory...
INFO     18/06 15:02:42   ClusterBlast: Loading gene cluster database proteins into memory...
INFO     18/06 15:03:13   Comparing regions to reference database
INFO     18/06 15:03:30   Running subcluster search
INFO     18/06 15:03:30   SubClusterBlast: Loading gene cluster database into memory...
INFO     18/06 15:03:30   SubClusterBlast: Loading gene cluster database proteins into memory...
INFO     18/06 15:03:30   Running known cluster search
INFO     18/06 15:03:30   KnownClusterBlast: Loading gene cluster database into memory...
INFO     18/06 15:03:30   KnownClusterBlast: Loading gene cluster database proteins into memory...
DEBUG    18/06 15:03:30   Running DIAMOND knowncluster searches..
INFO     18/06 15:03:30   Comparing regions to reference database
DEBUG    18/06 15:03:35   Checking if antismash.modules.lanthipeptides should be run
INFO     18/06 15:03:35   Running antismash.modules.lanthipeptides
DEBUG    18/06 15:03:35   Lanthipeptide module marked 0 motifs
DEBUG    18/06 15:03:35   Checking if antismash.modules.lassopeptides should be run
INFO     18/06 15:03:35   Running antismash.modules.lassopeptides
DEBUG    18/06 15:03:35   Lassopeptide module marked 0 motifs
DEBUG    18/06 15:03:35   Checking if antismash.modules.nrps_pks should be run
INFO     18/06 15:03:35   Running antismash.modules.nrps_pks
DEBUG    18/06 15:03:35   No NRPS or PKS genes found, skipping analysis
DEBUG    18/06 15:03:35   Checking if antismash.modules.pfam2go should be run
INFO     18/06 15:03:35   Running antismash.modules.pfam2go
DEBUG    18/06 15:03:35   Checking if antismash.modules.rrefinder should be run
INFO     18/06 15:03:35   Running antismash.modules.rrefinder
DEBUG    18/06 15:03:35   Checking if antismash.modules.sactipeptides should be run
INFO     18/06 15:03:35   Running antismash.modules.sactipeptides
DEBUG    18/06 15:03:35   Found no sactipeptide motifs
DEBUG    18/06 15:03:35   Checking if antismash.modules.t2pks should be run
INFO     18/06 15:03:35   Running antismash.modules.t2pks
DEBUG    18/06 15:03:35   No type II PKS clusters to analyze
DEBUG    18/06 15:03:35   Checking if antismash.modules.terpene should be run
INFO     18/06 15:03:35   Running antismash.modules.terpene
INFO     18/06 15:03:35   Analysing terpene clusters
DEBUG    18/06 15:03:35   Checking if antismash.modules.tfbs_finder should be run
INFO     18/06 15:03:35   Running antismash.modules.tfbs_finder
DEBUG    18/06 15:03:36   Checking if antismash.modules.thiopeptides should be run
INFO     18/06 15:03:36   Running antismash.modules.thiopeptides
DEBUG    18/06 15:03:36   Thiopeptides marked 0 motifs
DEBUG    18/06 15:03:36   Checking if antismash.modules.tta should be run
INFO     18/06 15:03:36   Running antismash.modules.tta
INFO     18/06 15:03:36   Skipping TTA codon detection, GC content too low: 39%
INFO     18/06 15:03:36   Analysing record: P2_A7_9
INFO     18/06 15:03:36   Detecting secondary metabolite clusters
DEBUG    18/06 15:03:36   Checking if antismash.detection.hmm_detection should be run
INFO     18/06 15:03:36   Running antismash.detection.hmm_detection
INFO     18/06 15:03:36   HMM detection using strictness: relaxed
DEBUG    18/06 15:03:37   0 rule-based cluster(s) found in record
DEBUG    18/06 15:03:37   0 protoclusters found
DEBUG    18/06 15:03:37   0 subregions found
INFO     18/06 15:03:37   No regions detected, skipping record
INFO     18/06 15:03:37   Analysing record: P2_A7_10
INFO     18/06 15:03:37   Detecting secondary metabolite clusters
DEBUG    18/06 15:03:37   Checking if antismash.detection.hmm_detection should be run
INFO     18/06 15:03:37   Running antismash.detection.hmm_detection
INFO     18/06 15:03:37   HMM detection using strictness: relaxed
DEBUG    18/06 15:03:39   0 rule-based cluster(s) found in record
DEBUG    18/06 15:03:39   0 protoclusters found
DEBUG    18/06 15:03:39   0 subregions found
INFO     18/06 15:03:39   No regions detected, skipping record
INFO     18/06 15:03:39   Analysing record: P2_A7_11
INFO     18/06 15:03:39   Detecting secondary metabolite clusters
DEBUG    18/06 15:03:39   Checking if antismash.detection.hmm_detection should be run
INFO     18/06 15:03:39   Running antismash.detection.hmm_detection
INFO     18/06 15:03:39   HMM detection using strictness: relaxed
DEBUG    18/06 15:03:41   0 rule-based cluster(s) found in record
DEBUG    18/06 15:03:41   0 protoclusters found
DEBUG    18/06 15:03:41   0 subregions found
INFO     18/06 15:03:41   No regions detected, skipping record
INFO     18/06 15:03:41   Analysing record: P2_A7_12
INFO     18/06 15:03:41   Detecting secondary metabolite clusters
DEBUG    18/06 15:03:41   Checking if antismash.detection.hmm_detection should be run
INFO     18/06 15:03:41   Running antismash.detection.hmm_detection
INFO     18/06 15:03:41   HMM detection using strictness: relaxed
DEBUG    18/06 15:03:42   0 rule-based cluster(s) found in record
DEBUG    18/06 15:03:42   0 protoclusters found
DEBUG    18/06 15:03:42   0 subregions found
INFO     18/06 15:03:42   No regions detected, skipping record
INFO     18/06 15:03:42   Analysing record: P2_A7_13
INFO     18/06 15:03:42   Detecting secondary metabolite clusters
DEBUG    18/06 15:03:42   Checking if antismash.detection.hmm_detection should be run
INFO     18/06 15:03:42   Running antismash.detection.hmm_detection
INFO     18/06 15:03:42   HMM detection using strictness: relaxed
DEBUG    18/06 15:03:43   0 rule-based cluster(s) found in record
DEBUG    18/06 15:03:43   0 protoclusters found
DEBUG    18/06 15:03:43   0 subregions found
INFO     18/06 15:03:43   No regions detected, skipping record
INFO     18/06 15:03:43   Analysing record: P2_A7_14
INFO     18/06 15:03:43   Detecting secondary metabolite clusters
DEBUG    18/06 15:03:43   Checking if antismash.detection.hmm_detection should be run
INFO     18/06 15:03:43   Running antismash.detection.hmm_detection
INFO     18/06 15:03:43   HMM detection using strictness: relaxed
DEBUG    18/06 15:03:44   0 rule-based cluster(s) found in record
DEBUG    18/06 15:03:44   0 protoclusters found
DEBUG    18/06 15:03:44   0 subregions found
INFO     18/06 15:03:44   No regions detected, skipping record
INFO     18/06 15:03:44   Analysing record: P2_A7_15
INFO     18/06 15:03:44   Detecting secondary metabolite clusters
DEBUG    18/06 15:03:44   Checking if antismash.detection.hmm_detection should be run
INFO     18/06 15:03:44   Running antismash.detection.hmm_detection
INFO     18/06 15:03:44   HMM detection using strictness: relaxed
DEBUG    18/06 15:03:45   1 rule-based cluster(s) found in record
DEBUG    18/06 15:03:45   1 protoclusters found
DEBUG    18/06 15:03:45   0 subregions found
INFO     18/06 15:03:45   1 region(s) detected in record
DEBUG    18/06 15:03:45   Checking if antismash.detection.cluster_hmmer should be run
INFO     18/06 15:03:45   Running antismash.detection.cluster_hmmer
INFO     18/06 15:03:45   Running cluster PFAM search
DEBUG    18/06 15:03:51   Adding detection results from antismash.detection.cluster_hmmer to record
DEBUG    18/06 15:03:51   Checking if antismash.detection.genefunctions should be run
INFO     18/06 15:03:51   Running antismash.detection.genefunctions
DEBUG    18/06 15:03:52   Adding detection results from antismash.detection.genefunctions to record
DEBUG    18/06 15:03:52   annotating CDS features with extras info: 0 CDSes
DEBUG    18/06 15:03:52   annotating CDS features with halogenases info: 0 CDSes
DEBUG    18/06 15:03:52   annotating CDS features with MITE info: 0 CDSes
DEBUG    18/06 15:03:52   annotating CDS features with resist info: 0 CDSes
DEBUG    18/06 15:03:52   annotating CDS features with smcogs info: 0 CDSes
DEBUG    18/06 15:03:52   Checking if antismash.detection.nrps_pks_domains should be run
INFO     18/06 15:03:52   Running antismash.detection.nrps_pks_domains
DEBUG    18/06 15:03:52   Marking NRPS/PKS CDS features and domains in clusters
DEBUG    18/06 15:03:52   Adding detection results from antismash.detection.nrps_pks_domains to record
DEBUG    18/06 15:03:52   Checking if antismash.detection.tigrfam should be run
INFO     18/06 15:03:52   Running antismash.detection.tigrfam
INFO     18/06 15:03:52   Running TIGRFam search
DEBUG    18/06 15:03:54   Adding detection results from antismash.detection.tigrfam to record
DEBUG    18/06 15:03:54   Checking if antismash.modules.active_site_finder should be run
INFO     18/06 15:03:54   Running antismash.modules.active_site_finder
DEBUG    18/06 15:03:54   Checking if antismash.modules.cluster_compare should be run
INFO     18/06 15:03:54   Running antismash.modules.cluster_compare
DEBUG    18/06 15:03:54   Loading comparison database: MIBiG
DEBUG    18/06 15:03:54   Comparison database loaded
INFO     18/06 15:03:54   Comparing regions to reference database
DEBUG    18/06 15:03:57   Checking if antismash.modules.clusterblast should be run
INFO     18/06 15:03:57   Running antismash.modules.clusterblast
INFO     18/06 15:03:57   Running ClusterBlast
INFO     18/06 15:03:57   ClusterBlast: Loading gene cluster database into memory...
INFO     18/06 15:03:59   ClusterBlast: Loading gene cluster database proteins into memory...
INFO     18/06 15:04:35   Comparing regions to reference database
INFO     18/06 15:04:53   Running subcluster search
INFO     18/06 15:04:53   SubClusterBlast: Loading gene cluster database into memory...
INFO     18/06 15:04:53   SubClusterBlast: Loading gene cluster database proteins into memory...
INFO     18/06 15:04:53   Running known cluster search
INFO     18/06 15:04:53   KnownClusterBlast: Loading gene cluster database into memory...
INFO     18/06 15:04:53   KnownClusterBlast: Loading gene cluster database proteins into memory...
DEBUG    18/06 15:04:54   Running DIAMOND knowncluster searches..
INFO     18/06 15:04:54   Comparing regions to reference database
DEBUG    18/06 15:04:58   Checking if antismash.modules.lanthipeptides should be run
INFO     18/06 15:04:58   Running antismash.modules.lanthipeptides
DEBUG    18/06 15:04:58   Lanthipeptide module marked 0 motifs
DEBUG    18/06 15:04:58   Checking if antismash.modules.lassopeptides should be run
INFO     18/06 15:04:58   Running antismash.modules.lassopeptides
DEBUG    18/06 15:04:58   Lassopeptide module marked 0 motifs
DEBUG    18/06 15:04:58   Checking if antismash.modules.nrps_pks should be run
INFO     18/06 15:04:58   Running antismash.modules.nrps_pks
DEBUG    18/06 15:04:58   No NRPS or PKS genes found, skipping analysis
DEBUG    18/06 15:04:58   Checking if antismash.modules.pfam2go should be run
INFO     18/06 15:04:58   Running antismash.modules.pfam2go
DEBUG    18/06 15:04:58   Checking if antismash.modules.rrefinder should be run
INFO     18/06 15:04:58   Running antismash.modules.rrefinder
DEBUG    18/06 15:04:58   Checking if antismash.modules.sactipeptides should be run
INFO     18/06 15:04:58   Running antismash.modules.sactipeptides
DEBUG    18/06 15:04:58   Found no sactipeptide motifs
DEBUG    18/06 15:04:58   Checking if antismash.modules.t2pks should be run
INFO     18/06 15:04:58   Running antismash.modules.t2pks
DEBUG    18/06 15:04:58   No type II PKS clusters to analyze
DEBUG    18/06 15:04:58   Checking if antismash.modules.terpene should be run
INFO     18/06 15:04:58   Running antismash.modules.terpene
INFO     18/06 15:04:58   Analysing terpene clusters
DEBUG    18/06 15:04:58   Checking if antismash.modules.tfbs_finder should be run
INFO     18/06 15:04:58   Running antismash.modules.tfbs_finder
DEBUG    18/06 15:04:59   Checking if antismash.modules.thiopeptides should be run
INFO     18/06 15:04:59   Running antismash.modules.thiopeptides
DEBUG    18/06 15:04:59   Thiopeptides marked 0 motifs
DEBUG    18/06 15:04:59   Checking if antismash.modules.tta should be run
INFO     18/06 15:04:59   Running antismash.modules.tta
INFO     18/06 15:04:59   Skipping TTA codon detection, GC content too low: 39%
INFO     18/06 15:04:59   Analysing record: P2_A7_16
INFO     18/06 15:04:59   Detecting secondary metabolite clusters
DEBUG    18/06 15:04:59   Checking if antismash.detection.hmm_detection should be run
INFO     18/06 15:04:59   Running antismash.detection.hmm_detection
INFO     18/06 15:04:59   HMM detection using strictness: relaxed
DEBUG    18/06 15:05:00   0 rule-based cluster(s) found in record
DEBUG    18/06 15:05:00   0 protoclusters found
DEBUG    18/06 15:05:00   0 subregions found
INFO     18/06 15:05:00   No regions detected, skipping record
INFO     18/06 15:05:00   Analysing record: P2_A7_17
INFO     18/06 15:05:00   Detecting secondary metabolite clusters
DEBUG    18/06 15:05:00   Checking if antismash.detection.hmm_detection should be run
INFO     18/06 15:05:00   Running antismash.detection.hmm_detection
INFO     18/06 15:05:00   HMM detection using strictness: relaxed
DEBUG    18/06 15:05:00   1 rule-based cluster(s) found in record
DEBUG    18/06 15:05:00   1 protoclusters found
DEBUG    18/06 15:05:00   0 subregions found
INFO     18/06 15:05:00   1 region(s) detected in record
DEBUG    18/06 15:05:00   Checking if antismash.detection.cluster_hmmer should be run
INFO     18/06 15:05:00   Running antismash.detection.cluster_hmmer
INFO     18/06 15:05:00   Running cluster PFAM search
DEBUG    18/06 15:05:08   Adding detection results from antismash.detection.cluster_hmmer to record
DEBUG    18/06 15:05:08   Checking if antismash.detection.genefunctions should be run
INFO     18/06 15:05:08   Running antismash.detection.genefunctions
DEBUG    18/06 15:05:09   Adding detection results from antismash.detection.genefunctions to record
DEBUG    18/06 15:05:09   annotating CDS features with extras info: 0 CDSes
DEBUG    18/06 15:05:09   annotating CDS features with halogenases info: 0 CDSes
DEBUG    18/06 15:05:09   annotating CDS features with MITE info: 0 CDSes
DEBUG    18/06 15:05:09   annotating CDS features with resist info: 0 CDSes
DEBUG    18/06 15:05:09   annotating CDS features with smcogs info: 4 CDSes
DEBUG    18/06 15:05:09   Checking if antismash.detection.nrps_pks_domains should be run
INFO     18/06 15:05:09   Running antismash.detection.nrps_pks_domains
DEBUG    18/06 15:05:09   Marking NRPS/PKS CDS features and domains in clusters
DEBUG    18/06 15:05:10   Adding detection results from antismash.detection.nrps_pks_domains to record
DEBUG    18/06 15:05:10   Checking if antismash.detection.tigrfam should be run
INFO     18/06 15:05:10   Running antismash.detection.tigrfam
INFO     18/06 15:05:10   Running TIGRFam search
DEBUG    18/06 15:05:12   Adding detection results from antismash.detection.tigrfam to record
DEBUG    18/06 15:05:12   Checking if antismash.modules.active_site_finder should be run
INFO     18/06 15:05:12   Running antismash.modules.active_site_finder
DEBUG    18/06 15:05:12   Checking if antismash.modules.cluster_compare should be run
INFO     18/06 15:05:12   Running antismash.modules.cluster_compare
DEBUG    18/06 15:05:12   Loading comparison database: MIBiG
DEBUG    18/06 15:05:12   Comparison database loaded
INFO     18/06 15:05:12   Comparing regions to reference database
DEBUG    18/06 15:05:14   Checking if antismash.modules.clusterblast should be run
INFO     18/06 15:05:14   Running antismash.modules.clusterblast
INFO     18/06 15:05:14   Running ClusterBlast
INFO     18/06 15:05:14   ClusterBlast: Loading gene cluster database into memory...
INFO     18/06 15:05:16   ClusterBlast: Loading gene cluster database proteins into memory...
INFO     18/06 15:05:47   Comparing regions to reference database
INFO     18/06 15:06:07   Running subcluster search
INFO     18/06 15:06:07   SubClusterBlast: Loading gene cluster database into memory...
INFO     18/06 15:06:07   SubClusterBlast: Loading gene cluster database proteins into memory...
INFO     18/06 15:06:07   Running known cluster search
INFO     18/06 15:06:07   KnownClusterBlast: Loading gene cluster database into memory...
INFO     18/06 15:06:07   KnownClusterBlast: Loading gene cluster database proteins into memory...
DEBUG    18/06 15:06:08   Running DIAMOND knowncluster searches..
INFO     18/06 15:06:08   Comparing regions to reference database
DEBUG    18/06 15:06:12   Checking if antismash.modules.lanthipeptides should be run
INFO     18/06 15:06:12   Running antismash.modules.lanthipeptides
DEBUG    18/06 15:06:12   Lanthipeptide module marked 0 motifs
DEBUG    18/06 15:06:12   Checking if antismash.modules.lassopeptides should be run
INFO     18/06 15:06:12   Running antismash.modules.lassopeptides
DEBUG    18/06 15:06:12   Lassopeptide module marked 0 motifs
DEBUG    18/06 15:06:12   Checking if antismash.modules.nrps_pks should be run
INFO     18/06 15:06:12   Running antismash.modules.nrps_pks
DEBUG    18/06 15:06:12   No NRPS or PKS genes found, skipping analysis
DEBUG    18/06 15:06:12   Checking if antismash.modules.pfam2go should be run
INFO     18/06 15:06:12   Running antismash.modules.pfam2go
DEBUG    18/06 15:06:12   Checking if antismash.modules.rrefinder should be run
INFO     18/06 15:06:12   Running antismash.modules.rrefinder
DEBUG    18/06 15:06:12   Checking if antismash.modules.sactipeptides should be run
INFO     18/06 15:06:12   Running antismash.modules.sactipeptides
DEBUG    18/06 15:06:12   Found no sactipeptide motifs
DEBUG    18/06 15:06:12   Checking if antismash.modules.t2pks should be run
INFO     18/06 15:06:12   Running antismash.modules.t2pks
DEBUG    18/06 15:06:12   No type II PKS clusters to analyze
DEBUG    18/06 15:06:12   Checking if antismash.modules.terpene should be run
INFO     18/06 15:06:12   Running antismash.modules.terpene
INFO     18/06 15:06:12   Analysing terpene clusters
DEBUG    18/06 15:06:12   Checking if antismash.modules.tfbs_finder should be run
INFO     18/06 15:06:12   Running antismash.modules.tfbs_finder
DEBUG    18/06 15:06:13   Checking if antismash.modules.thiopeptides should be run
INFO     18/06 15:06:13   Running antismash.modules.thiopeptides
DEBUG    18/06 15:06:13   Thiopeptides marked 0 motifs
DEBUG    18/06 15:06:13   Checking if antismash.modules.tta should be run
INFO     18/06 15:06:13   Running antismash.modules.tta
INFO     18/06 15:06:13   Skipping TTA codon detection, GC content too low: 40%
INFO     18/06 15:06:13   Analysing record: P2_A7_18
INFO     18/06 15:06:13   Detecting secondary metabolite clusters
DEBUG    18/06 15:06:13   Checking if antismash.detection.hmm_detection should be run
INFO     18/06 15:06:13   Running antismash.detection.hmm_detection
INFO     18/06 15:06:13   HMM detection using strictness: relaxed
DEBUG    18/06 15:06:14   0 rule-based cluster(s) found in record
DEBUG    18/06 15:06:14   0 protoclusters found
DEBUG    18/06 15:06:14   0 subregions found
INFO     18/06 15:06:14   No regions detected, skipping record
INFO     18/06 15:06:14   Analysing record: P2_A7_19
INFO     18/06 15:06:14   Detecting secondary metabolite clusters
DEBUG    18/06 15:06:14   Checking if antismash.detection.hmm_detection should be run
INFO     18/06 15:06:14   Running antismash.detection.hmm_detection
INFO     18/06 15:06:14   HMM detection using strictness: relaxed
DEBUG    18/06 15:06:14   0 rule-based cluster(s) found in record
DEBUG    18/06 15:06:14   0 protoclusters found
DEBUG    18/06 15:06:14   0 subregions found
INFO     18/06 15:06:14   No regions detected, skipping record
INFO     18/06 15:06:14   Analysing record: P2_A7_20
INFO     18/06 15:06:14   Detecting secondary metabolite clusters
DEBUG    18/06 15:06:14   Checking if antismash.detection.hmm_detection should be run
INFO     18/06 15:06:14   Running antismash.detection.hmm_detection
INFO     18/06 15:06:14   HMM detection using strictness: relaxed
DEBUG    18/06 15:06:15   0 rule-based cluster(s) found in record
DEBUG    18/06 15:06:15   0 protoclusters found
DEBUG    18/06 15:06:15   0 subregions found
INFO     18/06 15:06:15   No regions detected, skipping record
INFO     18/06 15:06:15   Analysing record: P2_A7_21
INFO     18/06 15:06:15   Detecting secondary metabolite clusters
DEBUG    18/06 15:06:15   Checking if antismash.detection.hmm_detection should be run
INFO     18/06 15:06:15   Running antismash.detection.hmm_detection
INFO     18/06 15:06:15   HMM detection using strictness: relaxed
DEBUG    18/06 15:06:16   0 rule-based cluster(s) found in record
DEBUG    18/06 15:06:16   0 protoclusters found
DEBUG    18/06 15:06:16   0 subregions found
INFO     18/06 15:06:16   No regions detected, skipping record
INFO     18/06 15:06:16   Analysing record: P2_A7_22
INFO     18/06 15:06:16   Detecting secondary metabolite clusters
DEBUG    18/06 15:06:16   Checking if antismash.detection.hmm_detection should be run
INFO     18/06 15:06:16   Running antismash.detection.hmm_detection
INFO     18/06 15:06:16   HMM detection using strictness: relaxed
DEBUG    18/06 15:06:17   0 rule-based cluster(s) found in record
DEBUG    18/06 15:06:17   0 protoclusters found
DEBUG    18/06 15:06:17   0 subregions found
INFO     18/06 15:06:17   No regions detected, skipping record
INFO     18/06 15:06:17   Analysing record: P2_A7_23
INFO     18/06 15:06:17   Detecting secondary metabolite clusters
DEBUG    18/06 15:06:17   Checking if antismash.detection.hmm_detection should be run
INFO     18/06 15:06:17   Running antismash.detection.hmm_detection
INFO     18/06 15:06:17   HMM detection using strictness: relaxed
DEBUG    18/06 15:06:19   0 rule-based cluster(s) found in record
DEBUG    18/06 15:06:19   0 protoclusters found
DEBUG    18/06 15:06:19   0 subregions found
INFO     18/06 15:06:19   No regions detected, skipping record
INFO     18/06 15:06:19   Analysing record: P2_A7_24
INFO     18/06 15:06:19   Detecting secondary metabolite clusters
DEBUG    18/06 15:06:19   Checking if antismash.detection.hmm_detection should be run
INFO     18/06 15:06:19   Running antismash.detection.hmm_detection
INFO     18/06 15:06:19   HMM detection using strictness: relaxed
DEBUG    18/06 15:06:19   0 rule-based cluster(s) found in record
DEBUG    18/06 15:06:19   0 protoclusters found
DEBUG    18/06 15:06:19   0 subregions found
INFO     18/06 15:06:19   No regions detected, skipping record
INFO     18/06 15:06:19   Analysing record: P2_A7_25
INFO     18/06 15:06:19   Detecting secondary metabolite clusters
DEBUG    18/06 15:06:19   Checking if antismash.detection.hmm_detection should be run
INFO     18/06 15:06:19   Running antismash.detection.hmm_detection
INFO     18/06 15:06:19   HMM detection using strictness: relaxed
DEBUG    18/06 15:06:19   0 rule-based cluster(s) found in record
DEBUG    18/06 15:06:19   0 protoclusters found
DEBUG    18/06 15:06:19   0 subregions found
INFO     18/06 15:06:19   No regions detected, skipping record
INFO     18/06 15:06:19   Analysing record: P2_A7_26
INFO     18/06 15:06:19   Detecting secondary metabolite clusters
DEBUG    18/06 15:06:19   Checking if antismash.detection.hmm_detection should be run
INFO     18/06 15:06:19   Running antismash.detection.hmm_detection
INFO     18/06 15:06:19   HMM detection using strictness: relaxed
DEBUG    18/06 15:06:20   0 rule-based cluster(s) found in record
DEBUG    18/06 15:06:20   0 protoclusters found
DEBUG    18/06 15:06:20   0 subregions found
INFO     18/06 15:06:20   No regions detected, skipping record
INFO     18/06 15:06:20   Analysing record: P2_A7_27
INFO     18/06 15:06:20   Detecting secondary metabolite clusters
DEBUG    18/06 15:06:20   Checking if antismash.detection.hmm_detection should be run
INFO     18/06 15:06:20   Running antismash.detection.hmm_detection
INFO     18/06 15:06:20   HMM detection using strictness: relaxed
DEBUG    18/06 15:06:20   0 rule-based cluster(s) found in record
DEBUG    18/06 15:06:20   0 protoclusters found
DEBUG    18/06 15:06:20   0 subregions found
INFO     18/06 15:06:20   No regions detected, skipping record
INFO     18/06 15:06:20   Analysing record: P2_A7_28
INFO     18/06 15:06:20   Detecting secondary metabolite clusters
DEBUG    18/06 15:06:20   Checking if antismash.detection.hmm_detection should be run
INFO     18/06 15:06:20   Running antismash.detection.hmm_detection
INFO     18/06 15:06:20   HMM detection using strictness: relaxed
DEBUG    18/06 15:06:21   0 rule-based cluster(s) found in record
DEBUG    18/06 15:06:21   0 protoclusters found
DEBUG    18/06 15:06:21   0 subregions found
INFO     18/06 15:06:21   No regions detected, skipping record
INFO     18/06 15:06:21   Analysing record: P2_A7_29
INFO     18/06 15:06:21   Detecting secondary metabolite clusters
DEBUG    18/06 15:06:21   Checking if antismash.detection.hmm_detection should be run
INFO     18/06 15:06:21   Running antismash.detection.hmm_detection
INFO     18/06 15:06:21   HMM detection using strictness: relaxed
DEBUG    18/06 15:06:21   0 rule-based cluster(s) found in record
DEBUG    18/06 15:06:21   0 protoclusters found
DEBUG    18/06 15:06:21   0 subregions found
INFO     18/06 15:06:21   No regions detected, skipping record
INFO     18/06 15:06:21   Analysing record: P2_A7_30
INFO     18/06 15:06:21   Detecting secondary metabolite clusters
DEBUG    18/06 15:06:21   Checking if antismash.detection.hmm_detection should be run
INFO     18/06 15:06:21   Running antismash.detection.hmm_detection
INFO     18/06 15:06:21   HMM detection using strictness: relaxed
DEBUG    18/06 15:06:22   0 rule-based cluster(s) found in record
DEBUG    18/06 15:06:22   0 protoclusters found
DEBUG    18/06 15:06:22   0 subregions found
INFO     18/06 15:06:22   No regions detected, skipping record
INFO     18/06 15:06:22   Analysing record: P2_A7_31
INFO     18/06 15:06:22   Detecting secondary metabolite clusters
DEBUG    18/06 15:06:22   Checking if antismash.detection.hmm_detection should be run
INFO     18/06 15:06:22   Running antismash.detection.hmm_detection
INFO     18/06 15:06:22   HMM detection using strictness: relaxed
DEBUG    18/06 15:06:22   0 rule-based cluster(s) found in record
DEBUG    18/06 15:06:22   0 protoclusters found
DEBUG    18/06 15:06:22   0 subregions found
INFO     18/06 15:06:22   No regions detected, skipping record
INFO     18/06 15:06:22   Analysing record: P2_A7_32
INFO     18/06 15:06:22   Detecting secondary metabolite clusters
DEBUG    18/06 15:06:22   Checking if antismash.detection.hmm_detection should be run
INFO     18/06 15:06:22   Running antismash.detection.hmm_detection
INFO     18/06 15:06:22   HMM detection using strictness: relaxed
DEBUG    18/06 15:06:22   0 rule-based cluster(s) found in record
DEBUG    18/06 15:06:22   0 protoclusters found
DEBUG    18/06 15:06:22   0 subregions found
INFO     18/06 15:06:22   No regions detected, skipping record
INFO     18/06 15:06:22   Analysing record: P2_A7_33
INFO     18/06 15:06:22   Detecting secondary metabolite clusters
DEBUG    18/06 15:06:22   Checking if antismash.detection.hmm_detection should be run
INFO     18/06 15:06:22   Running antismash.detection.hmm_detection
INFO     18/06 15:06:22   HMM detection using strictness: relaxed
DEBUG    18/06 15:06:23   0 rule-based cluster(s) found in record
DEBUG    18/06 15:06:23   0 protoclusters found
DEBUG    18/06 15:06:23   0 subregions found
INFO     18/06 15:06:23   No regions detected, skipping record
INFO     18/06 15:06:23   Analysing record: P2_A7_34
INFO     18/06 15:06:23   Detecting secondary metabolite clusters
DEBUG    18/06 15:06:23   Checking if antismash.detection.hmm_detection should be run
INFO     18/06 15:06:23   Running antismash.detection.hmm_detection
INFO     18/06 15:06:23   HMM detection using strictness: relaxed
DEBUG    18/06 15:06:23   0 rule-based cluster(s) found in record
DEBUG    18/06 15:06:23   0 protoclusters found
DEBUG    18/06 15:06:23   0 subregions found
INFO     18/06 15:06:23   No regions detected, skipping record
INFO     18/06 15:06:23   Analysing record: P2_A7_35
INFO     18/06 15:06:23   Detecting secondary metabolite clusters
DEBUG    18/06 15:06:23   Checking if antismash.detection.hmm_detection should be run
INFO     18/06 15:06:23   Running antismash.detection.hmm_detection
INFO     18/06 15:06:23   HMM detection using strictness: relaxed
DEBUG    18/06 15:06:23   0 rule-based cluster(s) found in record
DEBUG    18/06 15:06:23   0 protoclusters found
DEBUG    18/06 15:06:23   0 subregions found
INFO     18/06 15:06:23   No regions detected, skipping record
INFO     18/06 15:06:23   Writing results
DEBUG    18/06 15:06:23   Writing json results to '/data/antismash/upload/bacteria-65a14703-efa8-4d7e-829b-9563a00de36e/D3M17.json'
DEBUG    18/06 15:06:23   Record P2_A7_1 has results for modules: hmm_detection
DEBUG    18/06 15:06:23   Converting antismash.detection.hmm_detection results to json
DEBUG    18/06 15:06:23   Record P2_A7_2 has results for modules: hmm_detection, cluster_hmmer, genefunctions, nrps_pks_domains, tigrfam, active_site_finder, cluster_compare, clusterblast, lanthipeptides, lassopeptides, nrps_pks, pfam2go, rrefinder, sactipeptides, t2pks, terpene, tfbs_finder, thiopeptides
DEBUG    18/06 15:06:23   Converting antismash.detection.hmm_detection results to json
DEBUG    18/06 15:06:23   Converting antismash.detection.cluster_hmmer results to json
DEBUG    18/06 15:06:23   Converting antismash.detection.genefunctions results to json
DEBUG    18/06 15:06:23   Converting antismash.detection.nrps_pks_domains results to json
DEBUG    18/06 15:06:23   Converting antismash.detection.tigrfam results to json
DEBUG    18/06 15:06:23   Converting antismash.modules.active_site_finder results to json
DEBUG    18/06 15:06:23   Converting antismash.modules.cluster_compare results to json
DEBUG    18/06 15:06:23   Converting antismash.modules.clusterblast results to json
DEBUG    18/06 15:06:23   Converting antismash.modules.lanthipeptides results to json
DEBUG    18/06 15:06:23   Converting antismash.modules.lassopeptides results to json
DEBUG    18/06 15:06:23   Converting antismash.modules.nrps_pks results to json
DEBUG    18/06 15:06:23   Converting antismash.modules.pfam2go results to json
DEBUG    18/06 15:06:23   Converting antismash.modules.rrefinder results to json
DEBUG    18/06 15:06:23   Converting antismash.modules.sactipeptides results to json
DEBUG    18/06 15:06:23   Converting antismash.modules.t2pks results to json
DEBUG    18/06 15:06:23   Converting antismash.modules.terpene results to json
DEBUG    18/06 15:06:23   Converting antismash.modules.tfbs_finder results to json
DEBUG    18/06 15:06:23   Converting antismash.modules.thiopeptides results to json
DEBUG    18/06 15:06:23   Converting antismash.modules.tta results to json
DEBUG    18/06 15:06:23   Record P2_A7_3 has results for modules: hmm_detection
DEBUG    18/06 15:06:23   Converting antismash.detection.hmm_detection results to json
DEBUG    18/06 15:06:24   Record P2_A7_4 has results for modules: hmm_detection
DEBUG    18/06 15:06:24   Converting antismash.detection.hmm_detection results to json
DEBUG    18/06 15:06:24   Record P2_A7_5 has results for modules: hmm_detection, cluster_hmmer, genefunctions, nrps_pks_domains, tigrfam, active_site_finder, cluster_compare, clusterblast, lanthipeptides, lassopeptides, nrps_pks, pfam2go, rrefinder, sactipeptides, t2pks, terpene, tfbs_finder, thiopeptides
DEBUG    18/06 15:06:24   Converting antismash.detection.hmm_detection results to json
DEBUG    18/06 15:06:24   Converting antismash.detection.cluster_hmmer results to json
DEBUG    18/06 15:06:24   Converting antismash.detection.genefunctions results to json
DEBUG    18/06 15:06:24   Converting antismash.detection.nrps_pks_domains results to json
DEBUG    18/06 15:06:24   Converting antismash.detection.tigrfam results to json
DEBUG    18/06 15:06:24   Converting antismash.modules.active_site_finder results to json
DEBUG    18/06 15:06:24   Converting antismash.modules.cluster_compare results to json
DEBUG    18/06 15:06:24   Converting antismash.modules.clusterblast results to json
DEBUG    18/06 15:06:24   Converting antismash.modules.lanthipeptides results to json
DEBUG    18/06 15:06:24   Converting antismash.modules.lassopeptides results to json
DEBUG    18/06 15:06:24   Converting antismash.modules.nrps_pks results to json
DEBUG    18/06 15:06:24   Converting antismash.modules.pfam2go results to json
DEBUG    18/06 15:06:24   Converting antismash.modules.rrefinder results to json
DEBUG    18/06 15:06:24   Converting antismash.modules.sactipeptides results to json
DEBUG    18/06 15:06:24   Converting antismash.modules.t2pks results to json
DEBUG    18/06 15:06:24   Converting antismash.modules.terpene results to json
DEBUG    18/06 15:06:24   Converting antismash.modules.tfbs_finder results to json
DEBUG    18/06 15:06:24   Converting antismash.modules.thiopeptides results to json
DEBUG    18/06 15:06:24   Converting antismash.modules.tta results to json
DEBUG    18/06 15:06:24   Record P2_A7_6 has results for modules: hmm_detection
DEBUG    18/06 15:06:24   Converting antismash.detection.hmm_detection results to json
DEBUG    18/06 15:06:24   Record P2_A7_7 has results for modules: hmm_detection
DEBUG    18/06 15:06:24   Converting antismash.detection.hmm_detection results to json
DEBUG    18/06 15:06:24   Record P2_A7_8 has results for modules: hmm_detection, cluster_hmmer, genefunctions, nrps_pks_domains, tigrfam, active_site_finder, cluster_compare, clusterblast, lanthipeptides, lassopeptides, nrps_pks, pfam2go, rrefinder, sactipeptides, t2pks, terpene, tfbs_finder, thiopeptides
DEBUG    18/06 15:06:24   Converting antismash.detection.hmm_detection results to json
DEBUG    18/06 15:06:24   Converting antismash.detection.cluster_hmmer results to json
DEBUG    18/06 15:06:24   Converting antismash.detection.genefunctions results to json
DEBUG    18/06 15:06:24   Converting antismash.detection.nrps_pks_domains results to json
DEBUG    18/06 15:06:24   Converting antismash.detection.tigrfam results to json
DEBUG    18/06 15:06:24   Converting antismash.modules.active_site_finder results to json
DEBUG    18/06 15:06:24   Converting antismash.modules.cluster_compare results to json
DEBUG    18/06 15:06:24   Converting antismash.modules.clusterblast results to json
DEBUG    18/06 15:06:24   Converting antismash.modules.lanthipeptides results to json
DEBUG    18/06 15:06:24   Converting antismash.modules.lassopeptides results to json
DEBUG    18/06 15:06:24   Converting antismash.modules.nrps_pks results to json
DEBUG    18/06 15:06:24   Converting antismash.modules.pfam2go results to json
DEBUG    18/06 15:06:24   Converting antismash.modules.rrefinder results to json
DEBUG    18/06 15:06:24   Converting antismash.modules.sactipeptides results to json
DEBUG    18/06 15:06:24   Converting antismash.modules.t2pks results to json
DEBUG    18/06 15:06:24   Converting antismash.modules.terpene results to json
DEBUG    18/06 15:06:24   Converting antismash.modules.tfbs_finder results to json
DEBUG    18/06 15:06:24   Converting antismash.modules.thiopeptides results to json
DEBUG    18/06 15:06:24   Converting antismash.modules.tta results to json
DEBUG    18/06 15:06:24   Record P2_A7_9 has results for modules: hmm_detection
DEBUG    18/06 15:06:24   Converting antismash.detection.hmm_detection results to json
DEBUG    18/06 15:06:24   Record P2_A7_10 has results for modules: hmm_detection
DEBUG    18/06 15:06:24   Converting antismash.detection.hmm_detection results to json
DEBUG    18/06 15:06:24   Record P2_A7_11 has results for modules: hmm_detection
DEBUG    18/06 15:06:24   Converting antismash.detection.hmm_detection results to json
DEBUG    18/06 15:06:24   Record P2_A7_12 has results for modules: hmm_detection
DEBUG    18/06 15:06:24   Converting antismash.detection.hmm_detection results to json
DEBUG    18/06 15:06:24   Record P2_A7_13 has results for modules: hmm_detection
DEBUG    18/06 15:06:24   Converting antismash.detection.hmm_detection results to json
DEBUG    18/06 15:06:24   Record P2_A7_14 has results for modules: hmm_detection
DEBUG    18/06 15:06:24   Converting antismash.detection.hmm_detection results to json
DEBUG    18/06 15:06:24   Record P2_A7_15 has results for modules: hmm_detection, cluster_hmmer, genefunctions, nrps_pks_domains, tigrfam, active_site_finder, cluster_compare, clusterblast, lanthipeptides, lassopeptides, nrps_pks, pfam2go, rrefinder, sactipeptides, t2pks, terpene, tfbs_finder, thiopeptides
DEBUG    18/06 15:06:24   Converting antismash.detection.hmm_detection results to json
DEBUG    18/06 15:06:24   Converting antismash.detection.cluster_hmmer results to json
DEBUG    18/06 15:06:24   Converting antismash.detection.genefunctions results to json
DEBUG    18/06 15:06:24   Converting antismash.detection.nrps_pks_domains results to json
DEBUG    18/06 15:06:24   Converting antismash.detection.tigrfam results to json
DEBUG    18/06 15:06:24   Converting antismash.modules.active_site_finder results to json
DEBUG    18/06 15:06:24   Converting antismash.modules.cluster_compare results to json
DEBUG    18/06 15:06:24   Converting antismash.modules.clusterblast results to json
DEBUG    18/06 15:06:24   Converting antismash.modules.lanthipeptides results to json
DEBUG    18/06 15:06:24   Converting antismash.modules.lassopeptides results to json
DEBUG    18/06 15:06:24   Converting antismash.modules.nrps_pks results to json
DEBUG    18/06 15:06:24   Converting antismash.modules.pfam2go results to json
DEBUG    18/06 15:06:24   Converting antismash.modules.rrefinder results to json
DEBUG    18/06 15:06:24   Converting antismash.modules.sactipeptides results to json
DEBUG    18/06 15:06:24   Converting antismash.modules.t2pks results to json
DEBUG    18/06 15:06:24   Converting antismash.modules.terpene results to json
DEBUG    18/06 15:06:24   Converting antismash.modules.tfbs_finder results to json
DEBUG    18/06 15:06:24   Converting antismash.modules.thiopeptides results to json
DEBUG    18/06 15:06:24   Converting antismash.modules.tta results to json
DEBUG    18/06 15:06:24   Record P2_A7_16 has results for modules: hmm_detection
DEBUG    18/06 15:06:24   Converting antismash.detection.hmm_detection results to json
DEBUG    18/06 15:06:24   Record P2_A7_17 has results for modules: hmm_detection, cluster_hmmer, genefunctions, nrps_pks_domains, tigrfam, active_site_finder, cluster_compare, clusterblast, lanthipeptides, lassopeptides, nrps_pks, pfam2go, rrefinder, sactipeptides, t2pks, terpene, tfbs_finder, thiopeptides
DEBUG    18/06 15:06:24   Converting antismash.detection.hmm_detection results to json
DEBUG    18/06 15:06:24   Converting antismash.detection.cluster_hmmer results to json
DEBUG    18/06 15:06:24   Converting antismash.detection.genefunctions results to json
DEBUG    18/06 15:06:24   Converting antismash.detection.nrps_pks_domains results to json
DEBUG    18/06 15:06:24   Converting antismash.detection.tigrfam results to json
DEBUG    18/06 15:06:24   Converting antismash.modules.active_site_finder results to json
DEBUG    18/06 15:06:24   Converting antismash.modules.cluster_compare results to json
DEBUG    18/06 15:06:24   Converting antismash.modules.clusterblast results to json
DEBUG    18/06 15:06:24   Converting antismash.modules.lanthipeptides results to json
DEBUG    18/06 15:06:24   Converting antismash.modules.lassopeptides results to json
DEBUG    18/06 15:06:24   Converting antismash.modules.nrps_pks results to json
DEBUG    18/06 15:06:24   Converting antismash.modules.pfam2go results to json
DEBUG    18/06 15:06:24   Converting antismash.modules.rrefinder results to json
DEBUG    18/06 15:06:24   Converting antismash.modules.sactipeptides results to json
DEBUG    18/06 15:06:24   Converting antismash.modules.t2pks results to json
DEBUG    18/06 15:06:24   Converting antismash.modules.terpene results to json
DEBUG    18/06 15:06:24   Converting antismash.modules.tfbs_finder results to json
DEBUG    18/06 15:06:24   Converting antismash.modules.thiopeptides results to json
DEBUG    18/06 15:06:24   Converting antismash.modules.tta results to json
DEBUG    18/06 15:06:24   Record P2_A7_18 has results for modules: hmm_detection
DEBUG    18/06 15:06:24   Converting antismash.detection.hmm_detection results to json
DEBUG    18/06 15:06:24   Record P2_A7_19 has results for modules: hmm_detection
DEBUG    18/06 15:06:24   Converting antismash.detection.hmm_detection results to json
DEBUG    18/06 15:06:24   Record P2_A7_20 has results for modules: hmm_detection
DEBUG    18/06 15:06:24   Converting antismash.detection.hmm_detection results to json
DEBUG    18/06 15:06:24   Record P2_A7_21 has results for modules: hmm_detection
DEBUG    18/06 15:06:24   Converting antismash.detection.hmm_detection results to json
DEBUG    18/06 15:06:24   Record P2_A7_22 has results for modules: hmm_detection
DEBUG    18/06 15:06:24   Converting antismash.detection.hmm_detection results to json
DEBUG    18/06 15:06:24   Record P2_A7_23 has results for modules: hmm_detection
DEBUG    18/06 15:06:24   Converting antismash.detection.hmm_detection results to json
DEBUG    18/06 15:06:24   Record P2_A7_24 has results for modules: hmm_detection
DEBUG    18/06 15:06:24   Converting antismash.detection.hmm_detection results to json
DEBUG    18/06 15:06:24   Record P2_A7_25 has results for modules: hmm_detection
DEBUG    18/06 15:06:24   Converting antismash.detection.hmm_detection results to json
DEBUG    18/06 15:06:24   Record P2_A7_26 has results for modules: hmm_detection
DEBUG    18/06 15:06:24   Converting antismash.detection.hmm_detection results to json
DEBUG    18/06 15:06:24   Record P2_A7_27 has results for modules: hmm_detection
DEBUG    18/06 15:06:24   Converting antismash.detection.hmm_detection results to json
DEBUG    18/06 15:06:24   Record P2_A7_28 has results for modules: hmm_detection
DEBUG    18/06 15:06:24   Converting antismash.detection.hmm_detection results to json
DEBUG    18/06 15:06:24   Record P2_A7_29 has results for modules: hmm_detection
DEBUG    18/06 15:06:24   Converting antismash.detection.hmm_detection results to json
DEBUG    18/06 15:06:24   Record P2_A7_30 has results for modules: hmm_detection
DEBUG    18/06 15:06:24   Converting antismash.detection.hmm_detection results to json
DEBUG    18/06 15:06:24   Record P2_A7_31 has results for modules: hmm_detection
DEBUG    18/06 15:06:24   Converting antismash.detection.hmm_detection results to json
DEBUG    18/06 15:06:24   Record P2_A7_32 has results for modules: hmm_detection
DEBUG    18/06 15:06:24   Converting antismash.detection.hmm_detection results to json
DEBUG    18/06 15:06:24   Record P2_A7_33 has results for modules: hmm_detection
DEBUG    18/06 15:06:24   Converting antismash.detection.hmm_detection results to json
DEBUG    18/06 15:06:24   Record P2_A7_34 has results for modules: hmm_detection
DEBUG    18/06 15:06:24   Converting antismash.detection.hmm_detection results to json
DEBUG    18/06 15:06:24   Record P2_A7_35 has results for modules: hmm_detection
DEBUG    18/06 15:06:24   Converting antismash.detection.hmm_detection results to json
DEBUG    18/06 15:06:24   Not annotating skipped record P2_A7_1: No regions detected
DEBUG    18/06 15:06:24   Annotating record P2_A7_2 with results from: hmm_detection, cluster_hmmer, genefunctions, nrps_pks_domains, tigrfam, active_site_finder, cluster_compare, clusterblast, lanthipeptides, lassopeptides, nrps_pks, pfam2go, rrefinder, sactipeptides, t2pks, terpene, tfbs_finder, thiopeptides, tta
DEBUG    18/06 15:06:24    Adding results from antismash.modules.active_site_finder
DEBUG    18/06 15:06:24    Adding results from antismash.modules.cluster_compare
DEBUG    18/06 15:06:24    Adding results from antismash.modules.clusterblast
DEBUG    18/06 15:06:24    Adding results from antismash.modules.lanthipeptides
DEBUG    18/06 15:06:24    Adding results from antismash.modules.lassopeptides
DEBUG    18/06 15:06:24    Adding results from antismash.modules.nrps_pks
DEBUG    18/06 15:06:24    Adding results from antismash.modules.pfam2go
DEBUG    18/06 15:06:24    Adding results from antismash.modules.rrefinder
DEBUG    18/06 15:06:24    Adding results from antismash.modules.sactipeptides
DEBUG    18/06 15:06:24    Adding results from antismash.modules.t2pks
DEBUG    18/06 15:06:24    Adding results from antismash.modules.terpene
DEBUG    18/06 15:06:24    Adding results from antismash.modules.tfbs_finder
DEBUG    18/06 15:06:24    Adding results from antismash.modules.thiopeptides
DEBUG    18/06 15:06:24    Adding results from antismash.modules.tta
DEBUG    18/06 15:06:24   Not annotating skipped record P2_A7_3: No regions detected
DEBUG    18/06 15:06:24   Not annotating skipped record P2_A7_4: No regions detected
DEBUG    18/06 15:06:24   Annotating record P2_A7_5 with results from: hmm_detection, cluster_hmmer, genefunctions, nrps_pks_domains, tigrfam, active_site_finder, cluster_compare, clusterblast, lanthipeptides, lassopeptides, nrps_pks, pfam2go, rrefinder, sactipeptides, t2pks, terpene, tfbs_finder, thiopeptides, tta
DEBUG    18/06 15:06:24    Adding results from antismash.modules.active_site_finder
DEBUG    18/06 15:06:24    Adding results from antismash.modules.cluster_compare
DEBUG    18/06 15:06:24    Adding results from antismash.modules.clusterblast
DEBUG    18/06 15:06:24    Adding results from antismash.modules.lanthipeptides
DEBUG    18/06 15:06:24    Adding results from antismash.modules.lassopeptides
DEBUG    18/06 15:06:24    Adding results from antismash.modules.nrps_pks
DEBUG    18/06 15:06:24    Adding results from antismash.modules.pfam2go
DEBUG    18/06 15:06:24    Adding results from antismash.modules.rrefinder
DEBUG    18/06 15:06:24    Adding results from antismash.modules.sactipeptides
DEBUG    18/06 15:06:24    Adding results from antismash.modules.t2pks
DEBUG    18/06 15:06:24    Adding results from antismash.modules.terpene
DEBUG    18/06 15:06:24    Adding results from antismash.modules.tfbs_finder
DEBUG    18/06 15:06:24    Adding results from antismash.modules.thiopeptides
DEBUG    18/06 15:06:24    Adding results from antismash.modules.tta
DEBUG    18/06 15:06:24   Not annotating skipped record P2_A7_6: No regions detected
DEBUG    18/06 15:06:24   Not annotating skipped record P2_A7_7: No regions detected
DEBUG    18/06 15:06:24   Annotating record P2_A7_8 with results from: hmm_detection, cluster_hmmer, genefunctions, nrps_pks_domains, tigrfam, active_site_finder, cluster_compare, clusterblast, lanthipeptides, lassopeptides, nrps_pks, pfam2go, rrefinder, sactipeptides, t2pks, terpene, tfbs_finder, thiopeptides, tta
DEBUG    18/06 15:06:24    Adding results from antismash.modules.active_site_finder
DEBUG    18/06 15:06:24    Adding results from antismash.modules.cluster_compare
DEBUG    18/06 15:06:24    Adding results from antismash.modules.clusterblast
DEBUG    18/06 15:06:24    Adding results from antismash.modules.lanthipeptides
DEBUG    18/06 15:06:24    Adding results from antismash.modules.lassopeptides
DEBUG    18/06 15:06:24    Adding results from antismash.modules.nrps_pks
DEBUG    18/06 15:06:24    Adding results from antismash.modules.pfam2go
DEBUG    18/06 15:06:24    Adding results from antismash.modules.rrefinder
DEBUG    18/06 15:06:24    Adding results from antismash.modules.sactipeptides
DEBUG    18/06 15:06:24    Adding results from antismash.modules.t2pks
DEBUG    18/06 15:06:24    Adding results from antismash.modules.terpene
DEBUG    18/06 15:06:24    Adding results from antismash.modules.tfbs_finder
DEBUG    18/06 15:06:24    Adding results from antismash.modules.thiopeptides
DEBUG    18/06 15:06:24    Adding results from antismash.modules.tta
DEBUG    18/06 15:06:24   Not annotating skipped record P2_A7_9: No regions detected
DEBUG    18/06 15:06:24   Not annotating skipped record P2_A7_10: No regions detected
DEBUG    18/06 15:06:24   Not annotating skipped record P2_A7_11: No regions detected
DEBUG    18/06 15:06:24   Not annotating skipped record P2_A7_12: No regions detected
DEBUG    18/06 15:06:24   Not annotating skipped record P2_A7_13: No regions detected
DEBUG    18/06 15:06:24   Not annotating skipped record P2_A7_14: No regions detected
DEBUG    18/06 15:06:24   Annotating record P2_A7_15 with results from: hmm_detection, cluster_hmmer, genefunctions, nrps_pks_domains, tigrfam, active_site_finder, cluster_compare, clusterblast, lanthipeptides, lassopeptides, nrps_pks, pfam2go, rrefinder, sactipeptides, t2pks, terpene, tfbs_finder, thiopeptides, tta
DEBUG    18/06 15:06:24    Adding results from antismash.modules.active_site_finder
DEBUG    18/06 15:06:24    Adding results from antismash.modules.cluster_compare
DEBUG    18/06 15:06:24    Adding results from antismash.modules.clusterblast
DEBUG    18/06 15:06:24    Adding results from antismash.modules.lanthipeptides
DEBUG    18/06 15:06:24    Adding results from antismash.modules.lassopeptides
DEBUG    18/06 15:06:24    Adding results from antismash.modules.nrps_pks
DEBUG    18/06 15:06:24    Adding results from antismash.modules.pfam2go
DEBUG    18/06 15:06:24    Adding results from antismash.modules.rrefinder
DEBUG    18/06 15:06:24    Adding results from antismash.modules.sactipeptides
DEBUG    18/06 15:06:24    Adding results from antismash.modules.t2pks
DEBUG    18/06 15:06:24    Adding results from antismash.modules.terpene
DEBUG    18/06 15:06:24    Adding results from antismash.modules.tfbs_finder
DEBUG    18/06 15:06:24    Adding results from antismash.modules.thiopeptides
DEBUG    18/06 15:06:24    Adding results from antismash.modules.tta
DEBUG    18/06 15:06:24   Not annotating skipped record P2_A7_16: No regions detected
DEBUG    18/06 15:06:24   Annotating record P2_A7_17 with results from: hmm_detection, cluster_hmmer, genefunctions, nrps_pks_domains, tigrfam, active_site_finder, cluster_compare, clusterblast, lanthipeptides, lassopeptides, nrps_pks, pfam2go, rrefinder, sactipeptides, t2pks, terpene, tfbs_finder, thiopeptides, tta
DEBUG    18/06 15:06:24    Adding results from antismash.modules.active_site_finder
DEBUG    18/06 15:06:24    Adding results from antismash.modules.cluster_compare
DEBUG    18/06 15:06:24    Adding results from antismash.modules.clusterblast
DEBUG    18/06 15:06:24    Adding results from antismash.modules.lanthipeptides
DEBUG    18/06 15:06:24    Adding results from antismash.modules.lassopeptides
DEBUG    18/06 15:06:24    Adding results from antismash.modules.nrps_pks
DEBUG    18/06 15:06:24    Adding results from antismash.modules.pfam2go
DEBUG    18/06 15:06:24    Adding results from antismash.modules.rrefinder
DEBUG    18/06 15:06:24    Adding results from antismash.modules.sactipeptides
DEBUG    18/06 15:06:24    Adding results from antismash.modules.t2pks
DEBUG    18/06 15:06:24    Adding results from antismash.modules.terpene
DEBUG    18/06 15:06:24    Adding results from antismash.modules.tfbs_finder
DEBUG    18/06 15:06:24    Adding results from antismash.modules.thiopeptides
DEBUG    18/06 15:06:24    Adding results from antismash.modules.tta
DEBUG    18/06 15:06:24   Not annotating skipped record P2_A7_18: No regions detected
DEBUG    18/06 15:06:24   Not annotating skipped record P2_A7_19: No regions detected
DEBUG    18/06 15:06:24   Not annotating skipped record P2_A7_20: No regions detected
DEBUG    18/06 15:06:24   Not annotating skipped record P2_A7_21: No regions detected
DEBUG    18/06 15:06:24   Not annotating skipped record P2_A7_22: No regions detected
DEBUG    18/06 15:06:24   Not annotating skipped record P2_A7_23: No regions detected
DEBUG    18/06 15:06:24   Not annotating skipped record P2_A7_24: No regions detected
DEBUG    18/06 15:06:24   Not annotating skipped record P2_A7_25: No regions detected
DEBUG    18/06 15:06:24   Not annotating skipped record P2_A7_26: No regions detected
DEBUG    18/06 15:06:24   Not annotating skipped record P2_A7_27: No regions detected
DEBUG    18/06 15:06:24   Not annotating skipped record P2_A7_28: No regions detected
DEBUG    18/06 15:06:24   Not annotating skipped record P2_A7_29: No regions detected
DEBUG    18/06 15:06:24   Not annotating skipped record P2_A7_30: No regions detected
DEBUG    18/06 15:06:24   Not annotating skipped record P2_A7_31: No regions detected
DEBUG    18/06 15:06:24   Not annotating skipped record P2_A7_32: No regions detected
DEBUG    18/06 15:06:24   Not annotating skipped record P2_A7_33: No regions detected
DEBUG    18/06 15:06:24   Not annotating skipped record P2_A7_34: No regions detected
DEBUG    18/06 15:06:24   Not annotating skipped record P2_A7_35: No regions detected
DEBUG    18/06 15:06:24   Writing non-HTML output files
DEBUG    18/06 15:06:24    Writing relevant output files for antismash.detection.hmm_detection
DEBUG    18/06 15:06:24    Writing relevant output files for antismash.detection.hmm_detection
DEBUG    18/06 15:06:24    Writing relevant output files for antismash.detection.cluster_hmmer
DEBUG    18/06 15:06:24    Writing relevant output files for antismash.detection.genefunctions
DEBUG    18/06 15:06:24    Writing relevant output files for antismash.detection.nrps_pks_domains
DEBUG    18/06 15:06:24    Writing relevant output files for antismash.detection.tigrfam
DEBUG    18/06 15:06:24    Writing relevant output files for antismash.modules.active_site_finder
DEBUG    18/06 15:06:24    Writing relevant output files for antismash.modules.cluster_compare
DEBUG    18/06 15:06:24    Writing relevant output files for antismash.modules.clusterblast
DEBUG    18/06 15:06:24    Writing relevant output files for antismash.modules.lanthipeptides
DEBUG    18/06 15:06:24    Writing relevant output files for antismash.modules.lassopeptides
DEBUG    18/06 15:06:24    Writing relevant output files for antismash.modules.nrps_pks
DEBUG    18/06 15:06:24    Writing relevant output files for antismash.modules.pfam2go
DEBUG    18/06 15:06:24    Writing relevant output files for antismash.modules.rrefinder
DEBUG    18/06 15:06:24    Writing relevant output files for antismash.modules.sactipeptides
DEBUG    18/06 15:06:24    Writing relevant output files for antismash.modules.t2pks
DEBUG    18/06 15:06:24    Writing relevant output files for antismash.modules.terpene
DEBUG    18/06 15:06:24    Writing relevant output files for antismash.modules.tfbs_finder
DEBUG    18/06 15:06:24    Writing relevant output files for antismash.modules.thiopeptides
DEBUG    18/06 15:06:24    Writing relevant output files for antismash.modules.tta
DEBUG    18/06 15:06:24    Writing relevant output files for antismash.detection.hmm_detection
DEBUG    18/06 15:06:24    Writing relevant output files for antismash.detection.hmm_detection
DEBUG    18/06 15:06:24    Writing relevant output files for antismash.detection.hmm_detection
DEBUG    18/06 15:06:24    Writing relevant output files for antismash.detection.cluster_hmmer
DEBUG    18/06 15:06:24    Writing relevant output files for antismash.detection.genefunctions
DEBUG    18/06 15:06:24    Writing relevant output files for antismash.detection.nrps_pks_domains
DEBUG    18/06 15:06:24    Writing relevant output files for antismash.detection.tigrfam
DEBUG    18/06 15:06:24    Writing relevant output files for antismash.modules.active_site_finder
DEBUG    18/06 15:06:24    Writing relevant output files for antismash.modules.cluster_compare
DEBUG    18/06 15:06:24    Writing relevant output files for antismash.modules.clusterblast
DEBUG    18/06 15:06:24    Writing relevant output files for antismash.modules.lanthipeptides
DEBUG    18/06 15:06:24    Writing relevant output files for antismash.modules.lassopeptides
DEBUG    18/06 15:06:24    Writing relevant output files for antismash.modules.nrps_pks
DEBUG    18/06 15:06:24    Writing relevant output files for antismash.modules.pfam2go
DEBUG    18/06 15:06:24    Writing relevant output files for antismash.modules.rrefinder
DEBUG    18/06 15:06:24    Writing relevant output files for antismash.modules.sactipeptides
DEBUG    18/06 15:06:24    Writing relevant output files for antismash.modules.t2pks
DEBUG    18/06 15:06:24    Writing relevant output files for antismash.modules.terpene
DEBUG    18/06 15:06:24    Writing relevant output files for antismash.modules.tfbs_finder
DEBUG    18/06 15:06:24    Writing relevant output files for antismash.modules.thiopeptides
DEBUG    18/06 15:06:24    Writing relevant output files for antismash.modules.tta
DEBUG    18/06 15:06:24    Writing relevant output files for antismash.detection.hmm_detection
DEBUG    18/06 15:06:24    Writing relevant output files for antismash.detection.hmm_detection
DEBUG    18/06 15:06:24    Writing relevant output files for antismash.detection.hmm_detection
DEBUG    18/06 15:06:24    Writing relevant output files for antismash.detection.cluster_hmmer
DEBUG    18/06 15:06:24    Writing relevant output files for antismash.detection.genefunctions
DEBUG    18/06 15:06:24    Writing relevant output files for antismash.detection.nrps_pks_domains
DEBUG    18/06 15:06:24    Writing relevant output files for antismash.detection.tigrfam
DEBUG    18/06 15:06:24    Writing relevant output files for antismash.modules.active_site_finder
DEBUG    18/06 15:06:24    Writing relevant output files for antismash.modules.cluster_compare
DEBUG    18/06 15:06:24    Writing relevant output files for antismash.modules.clusterblast
DEBUG    18/06 15:06:24    Writing relevant output files for antismash.modules.lanthipeptides
DEBUG    18/06 15:06:24    Writing relevant output files for antismash.modules.lassopeptides
DEBUG    18/06 15:06:24    Writing relevant output files for antismash.modules.nrps_pks
DEBUG    18/06 15:06:24    Writing relevant output files for antismash.modules.pfam2go
DEBUG    18/06 15:06:24    Writing relevant output files for antismash.modules.rrefinder
DEBUG    18/06 15:06:24    Writing relevant output files for antismash.modules.sactipeptides
DEBUG    18/06 15:06:24    Writing relevant output files for antismash.modules.t2pks
DEBUG    18/06 15:06:24    Writing relevant output files for antismash.modules.terpene
DEBUG    18/06 15:06:24    Writing relevant output files for antismash.modules.tfbs_finder
DEBUG    18/06 15:06:24    Writing relevant output files for antismash.modules.thiopeptides
DEBUG    18/06 15:06:24    Writing relevant output files for antismash.modules.tta
DEBUG    18/06 15:06:24    Writing relevant output files for antismash.detection.hmm_detection
DEBUG    18/06 15:06:24    Writing relevant output files for antismash.detection.hmm_detection
DEBUG    18/06 15:06:24    Writing relevant output files for antismash.detection.hmm_detection
DEBUG    18/06 15:06:24    Writing relevant output files for antismash.detection.hmm_detection
DEBUG    18/06 15:06:24    Writing relevant output files for antismash.detection.hmm_detection
DEBUG    18/06 15:06:24    Writing relevant output files for antismash.detection.hmm_detection
DEBUG    18/06 15:06:24    Writing relevant output files for antismash.detection.hmm_detection
DEBUG    18/06 15:06:24    Writing relevant output files for antismash.detection.cluster_hmmer
DEBUG    18/06 15:06:24    Writing relevant output files for antismash.detection.genefunctions
DEBUG    18/06 15:06:24    Writing relevant output files for antismash.detection.nrps_pks_domains
DEBUG    18/06 15:06:24    Writing relevant output files for antismash.detection.tigrfam
DEBUG    18/06 15:06:24    Writing relevant output files for antismash.modules.active_site_finder
DEBUG    18/06 15:06:24    Writing relevant output files for antismash.modules.cluster_compare
DEBUG    18/06 15:06:24    Writing relevant output files for antismash.modules.clusterblast
DEBUG    18/06 15:06:24    Writing relevant output files for antismash.modules.lanthipeptides
DEBUG    18/06 15:06:24    Writing relevant output files for antismash.modules.lassopeptides
DEBUG    18/06 15:06:24    Writing relevant output files for antismash.modules.nrps_pks
DEBUG    18/06 15:06:24    Writing relevant output files for antismash.modules.pfam2go
DEBUG    18/06 15:06:24    Writing relevant output files for antismash.modules.rrefinder
DEBUG    18/06 15:06:24    Writing relevant output files for antismash.modules.sactipeptides
DEBUG    18/06 15:06:24    Writing relevant output files for antismash.modules.t2pks
DEBUG    18/06 15:06:24    Writing relevant output files for antismash.modules.terpene
DEBUG    18/06 15:06:24    Writing relevant output files for antismash.modules.tfbs_finder
DEBUG    18/06 15:06:24    Writing relevant output files for antismash.modules.thiopeptides
DEBUG    18/06 15:06:24    Writing relevant output files for antismash.modules.tta
DEBUG    18/06 15:06:24    Writing relevant output files for antismash.detection.hmm_detection
DEBUG    18/06 15:06:24    Writing relevant output files for antismash.detection.hmm_detection
DEBUG    18/06 15:06:24    Writing relevant output files for antismash.detection.cluster_hmmer
DEBUG    18/06 15:06:24    Writing relevant output files for antismash.detection.genefunctions
DEBUG    18/06 15:06:24    Writing relevant output files for antismash.detection.nrps_pks_domains
DEBUG    18/06 15:06:24    Writing relevant output files for antismash.detection.tigrfam
DEBUG    18/06 15:06:24    Writing relevant output files for antismash.modules.active_site_finder
DEBUG    18/06 15:06:24    Writing relevant output files for antismash.modules.cluster_compare
DEBUG    18/06 15:06:24    Writing relevant output files for antismash.modules.clusterblast
DEBUG    18/06 15:06:24    Writing relevant output files for antismash.modules.lanthipeptides
DEBUG    18/06 15:06:24    Writing relevant output files for antismash.modules.lassopeptides
DEBUG    18/06 15:06:24    Writing relevant output files for antismash.modules.nrps_pks
DEBUG    18/06 15:06:24    Writing relevant output files for antismash.modules.pfam2go
DEBUG    18/06 15:06:24    Writing relevant output files for antismash.modules.rrefinder
DEBUG    18/06 15:06:24    Writing relevant output files for antismash.modules.sactipeptides
DEBUG    18/06 15:06:24    Writing relevant output files for antismash.modules.t2pks
DEBUG    18/06 15:06:24    Writing relevant output files for antismash.modules.terpene
DEBUG    18/06 15:06:24    Writing relevant output files for antismash.modules.tfbs_finder
DEBUG    18/06 15:06:24    Writing relevant output files for antismash.modules.thiopeptides
DEBUG    18/06 15:06:24    Writing relevant output files for antismash.modules.tta
DEBUG    18/06 15:06:24    Writing relevant output files for antismash.detection.hmm_detection
DEBUG    18/06 15:06:24    Writing relevant output files for antismash.detection.hmm_detection
DEBUG    18/06 15:06:24    Writing relevant output files for antismash.detection.hmm_detection
DEBUG    18/06 15:06:24    Writing relevant output files for antismash.detection.hmm_detection
DEBUG    18/06 15:06:24    Writing relevant output files for antismash.detection.hmm_detection
DEBUG    18/06 15:06:24    Writing relevant output files for antismash.detection.hmm_detection
DEBUG    18/06 15:06:24    Writing relevant output files for antismash.detection.hmm_detection
DEBUG    18/06 15:06:24    Writing relevant output files for antismash.detection.hmm_detection
DEBUG    18/06 15:06:24    Writing relevant output files for antismash.detection.hmm_detection
DEBUG    18/06 15:06:24    Writing relevant output files for antismash.detection.hmm_detection
DEBUG    18/06 15:06:24    Writing relevant output files for antismash.detection.hmm_detection
DEBUG    18/06 15:06:24    Writing relevant output files for antismash.detection.hmm_detection
DEBUG    18/06 15:06:24    Writing relevant output files for antismash.detection.hmm_detection
DEBUG    18/06 15:06:24    Writing relevant output files for antismash.detection.hmm_detection
DEBUG    18/06 15:06:24    Writing relevant output files for antismash.detection.hmm_detection
DEBUG    18/06 15:06:24    Writing relevant output files for antismash.detection.hmm_detection
DEBUG    18/06 15:06:24    Writing relevant output files for antismash.detection.hmm_detection
DEBUG    18/06 15:06:24    Writing relevant output files for antismash.detection.hmm_detection
DEBUG    18/06 15:06:24   Creating results page
DEBUG    18/06 15:06:24   Results page using antismash.js from local copy: /databases/as-js/0.16/antismash.js
DEBUG    18/06 15:06:28   Writing cluster-specific genbank files
DEBUG    18/06 15:06:28   Writing final genbank file to '/data/antismash/upload/bacteria-65a14703-efa8-4d7e-829b-9563a00de36e/D3M17.gbk'
DEBUG    18/06 15:06:28   Zipping output to '/data/antismash/upload/bacteria-65a14703-efa8-4d7e-829b-9563a00de36e/D3M17.zip'
