INFO     18/06 15:01:34   antiSMASH version: 8.0.4
INFO     18/06 15:01:34   diamond using executable: /usr/bin/diamond-aligner (2.1.3)
INFO     18/06 15:01:34   hmmpfam2 using executable: /usr/bin/hmm2pfam (2.3.2)
INFO     18/06 15:01:34   fasttree using executable: /usr/bin/fasttree
INFO     18/06 15:01:34   hmmsearch using executable: /usr/bin/hmmsearch (3.3.2)
INFO     18/06 15:01:34   hmmpress using executable: /usr/bin/hmmpress (3.3.2)
INFO     18/06 15:01:34   hmmscan using executable: /usr/bin/hmmscan (3.3.2)
INFO     18/06 15:01:34   prodigal using executable: /usr/bin/prodigal (V2.6.3)
INFO     18/06 15:01:34   blastp using executable: /usr/bin/blastp (2.12.0+)
INFO     18/06 15:01:34   makeblastdb using executable: /usr/bin/makeblastdb (2.12.0+)
DEBUG    18/06 15:01:34   Checking prerequisites for antismash.detection.hmm_detection
DEBUG    18/06 15:01:35   Found file '/usr/local/lib/python3.11/dist-packages/antismash/detection/hmm_detection/data/bgc_seeds.hmm'
DEBUG    18/06 15:01:35   Found file '/usr/local/lib/python3.11/dist-packages/antismash/detection/hmm_detection/data/bgc_seeds.hmm'
DEBUG    18/06 15:01:35   Found file '/usr/local/lib/python3.11/dist-packages/antismash/detection/hmm_detection/data/bgc_seeds.hmm.h3f'
DEBUG    18/06 15:01:35   Found file '/usr/local/lib/python3.11/dist-packages/antismash/detection/hmm_detection/data/bgc_seeds.hmm.h3i'
DEBUG    18/06 15:01:35   Found file '/usr/local/lib/python3.11/dist-packages/antismash/detection/hmm_detection/data/bgc_seeds.hmm.h3m'
DEBUG    18/06 15:01:35   Found file '/usr/local/lib/python3.11/dist-packages/antismash/detection/hmm_detection/data/bgc_seeds.hmm.h3p'
DEBUG    18/06 15:01:35   Checking prerequisites for antismash.detection.cluster_hmmer
DEBUG    18/06 15:01:35   Found file '/databases/pfam/35.0/Pfam-A.hmm'
DEBUG    18/06 15:01:35   Found file '/databases/pfam/35.0/Pfam-A.hmm.h3f'
DEBUG    18/06 15:01:35   Found file '/databases/pfam/35.0/Pfam-A.hmm.h3i'
DEBUG    18/06 15:01:35   Found file '/databases/pfam/35.0/Pfam-A.hmm.h3m'
DEBUG    18/06 15:01:35   Found file '/databases/pfam/35.0/Pfam-A.hmm.h3p'
DEBUG    18/06 15:01:35   Checking prerequisites for antismash.detection.genefunctions
DEBUG    18/06 15:01:35   Found file '/databases/resfam/Resfams.hmm'
DEBUG    18/06 15:01:35   Found file '/usr/local/lib/python3.11/dist-packages/antismash/detection/genefunctions/tools/data/extras.hmm.h3f'
DEBUG    18/06 15:01:35   Found file '/usr/local/lib/python3.11/dist-packages/antismash/detection/genefunctions/tools/data/extras.hmm.h3i'
DEBUG    18/06 15:01:35   Found file '/usr/local/lib/python3.11/dist-packages/antismash/detection/genefunctions/tools/data/extras.hmm.h3m'
DEBUG    18/06 15:01:35   Found file '/usr/local/lib/python3.11/dist-packages/antismash/detection/genefunctions/tools/data/extras.hmm.h3p'
DEBUG    18/06 15:01:35   Found file '/usr/local/lib/python3.11/dist-packages/antismash/detection/genefunctions/tools/halogenases/data/FDH.hmm'
DEBUG    18/06 15:01:35   Found file '/usr/local/lib/python3.11/dist-packages/antismash/detection/genefunctions/tools/halogenases/data/FDH.hmm.h3f'
DEBUG    18/06 15:01:35   Found file '/usr/local/lib/python3.11/dist-packages/antismash/detection/genefunctions/tools/halogenases/data/FDH.hmm.h3i'
DEBUG    18/06 15:01:35   Found file '/usr/local/lib/python3.11/dist-packages/antismash/detection/genefunctions/tools/halogenases/data/FDH.hmm.h3m'
DEBUG    18/06 15:01:35   Found file '/usr/local/lib/python3.11/dist-packages/antismash/detection/genefunctions/tools/halogenases/data/FDH.hmm.h3p'
DEBUG    18/06 15:01:35   Found file '/databases/mite/1.3/metadata.json'
DEBUG    18/06 15:01:35   Found file '/databases/mite/1.3/mite.fasta'
DEBUG    18/06 15:01:35   Found file '/databases/mite/1.3/mite.db.dmnd'
DEBUG    18/06 15:01:35   Found file '/databases/mite/1.3/mite.db.dmnd'
DEBUG    18/06 15:01:35   Found file '/usr/local/lib/python3.11/dist-packages/antismash/detection/genefunctions/tools/data/smcogs.hmm.h3f'
DEBUG    18/06 15:01:35   Found file '/usr/local/lib/python3.11/dist-packages/antismash/detection/genefunctions/tools/data/smcogs.hmm.h3i'
DEBUG    18/06 15:01:35   Found file '/usr/local/lib/python3.11/dist-packages/antismash/detection/genefunctions/tools/data/smcogs.hmm.h3m'
DEBUG    18/06 15:01:35   Found file '/usr/local/lib/python3.11/dist-packages/antismash/detection/genefunctions/tools/data/smcogs.hmm.h3p'
DEBUG    18/06 15:01:35   Found file '/databases/resfam/Resfams.hmm.h3f'
DEBUG    18/06 15:01:35   Found file '/databases/resfam/Resfams.hmm.h3i'
DEBUG    18/06 15:01:35   Found file '/databases/resfam/Resfams.hmm.h3m'
DEBUG    18/06 15:01:35   Found file '/databases/resfam/Resfams.hmm.h3p'
DEBUG    18/06 15:01:35   Checking prerequisites for antismash.detection.nrps_pks_domains
DEBUG    18/06 15:01:35   Found file '/usr/local/lib/python3.11/dist-packages/antismash/detection/nrps_pks_domains/data/abmotifs.hmm.h3f'
DEBUG    18/06 15:01:35   Found file '/usr/local/lib/python3.11/dist-packages/antismash/detection/nrps_pks_domains/data/abmotifs.hmm.h3i'
DEBUG    18/06 15:01:35   Found file '/usr/local/lib/python3.11/dist-packages/antismash/detection/nrps_pks_domains/data/abmotifs.hmm.h3m'
DEBUG    18/06 15:01:35   Found file '/usr/local/lib/python3.11/dist-packages/antismash/detection/nrps_pks_domains/data/abmotifs.hmm.h3p'
DEBUG    18/06 15:01:35   Found file '/usr/local/lib/python3.11/dist-packages/antismash/detection/nrps_pks_domains/data/dockingdomains.hmm.h3f'
DEBUG    18/06 15:01:35   Found file '/usr/local/lib/python3.11/dist-packages/antismash/detection/nrps_pks_domains/data/dockingdomains.hmm.h3i'
DEBUG    18/06 15:01:35   Found file '/usr/local/lib/python3.11/dist-packages/antismash/detection/nrps_pks_domains/data/dockingdomains.hmm.h3m'
DEBUG    18/06 15:01:35   Found file '/usr/local/lib/python3.11/dist-packages/antismash/detection/nrps_pks_domains/data/dockingdomains.hmm.h3p'
DEBUG    18/06 15:01:35   Found file '/usr/local/lib/python3.11/dist-packages/antismash/detection/nrps_pks_domains/data/ksdomains.hmm.h3f'
DEBUG    18/06 15:01:35   Found file '/usr/local/lib/python3.11/dist-packages/antismash/detection/nrps_pks_domains/data/ksdomains.hmm.h3i'
DEBUG    18/06 15:01:35   Found file '/usr/local/lib/python3.11/dist-packages/antismash/detection/nrps_pks_domains/data/ksdomains.hmm.h3m'
DEBUG    18/06 15:01:35   Found file '/usr/local/lib/python3.11/dist-packages/antismash/detection/nrps_pks_domains/data/ksdomains.hmm.h3p'
DEBUG    18/06 15:01:35   Found file '/usr/local/lib/python3.11/dist-packages/antismash/detection/nrps_pks_domains/data/nrpspksdomains.hmm.h3f'
DEBUG    18/06 15:01:35   Found file '/usr/local/lib/python3.11/dist-packages/antismash/detection/nrps_pks_domains/data/nrpspksdomains.hmm.h3i'
DEBUG    18/06 15:01:35   Found file '/usr/local/lib/python3.11/dist-packages/antismash/detection/nrps_pks_domains/data/nrpspksdomains.hmm.h3m'
DEBUG    18/06 15:01:35   Found file '/usr/local/lib/python3.11/dist-packages/antismash/detection/nrps_pks_domains/data/nrpspksdomains.hmm.h3p'
DEBUG    18/06 15:01:35   Found file '/databases/nrps_pks/transATor/2023.02.23/transATor.hmm.h3f'
DEBUG    18/06 15:01:35   Found file '/databases/nrps_pks/transATor/2023.02.23/transATor.hmm.h3i'
DEBUG    18/06 15:01:35   Found file '/databases/nrps_pks/transATor/2023.02.23/transATor.hmm.h3m'
DEBUG    18/06 15:01:35   Found file '/databases/nrps_pks/transATor/2023.02.23/transATor.hmm.h3p'
DEBUG    18/06 15:01:35   Checking prerequisites for antismash.detection.tigrfam
DEBUG    18/06 15:01:35   Found file '/databases/tigrfam/TIGRFam.hmm'
DEBUG    18/06 15:01:35   Found file '/databases/tigrfam/TIGRFam.hmm.h3f'
DEBUG    18/06 15:01:35   Found file '/databases/tigrfam/TIGRFam.hmm.h3i'
DEBUG    18/06 15:01:35   Found file '/databases/tigrfam/TIGRFam.hmm.h3m'
DEBUG    18/06 15:01:35   Found file '/databases/tigrfam/TIGRFam.hmm.h3p'
DEBUG    18/06 15:01:35   Checking prerequisites for antismash.modules.active_site_finder
DEBUG    18/06 15:01:35   Found file '/usr/local/lib/python3.11/dist-packages/antismash/modules/active_site_finder/data/PKSI-KR.hmm2'
DEBUG    18/06 15:01:35   Found file '/usr/local/lib/python3.11/dist-packages/antismash/modules/active_site_finder/data/PKSI-KS_N.hmm2'
DEBUG    18/06 15:01:35   Found file '/usr/local/lib/python3.11/dist-packages/antismash/modules/active_site_finder/data/PKSI-KS_C.hmm2'
DEBUG    18/06 15:01:35   Found file '/usr/local/lib/python3.11/dist-packages/antismash/modules/active_site_finder/data/PKSI-AT.hmm2'
DEBUG    18/06 15:01:35   Found file '/usr/local/lib/python3.11/dist-packages/antismash/modules/active_site_finder/data/PKSI-ACP.hmm2'
DEBUG    18/06 15:01:35   Found file '/usr/local/lib/python3.11/dist-packages/antismash/modules/active_site_finder/data/PKSI-DH.hmm2'
DEBUG    18/06 15:01:35   Found file '/usr/local/lib/python3.11/dist-packages/antismash/modules/active_site_finder/data/Thioesterase.hmm2'
DEBUG    18/06 15:01:35   Found file '/usr/local/lib/python3.11/dist-packages/antismash/modules/active_site_finder/data/PKSI-ER.hmm2'
DEBUG    18/06 15:01:35   Found file '/usr/local/lib/python3.11/dist-packages/antismash/modules/active_site_finder/data/p450.hmm2'
DEBUG    18/06 15:01:35   Checking prerequisites for antismash.modules.cluster_compare
DEBUG    18/06 15:01:35   Found file '/databases/clustercompare/mibig/4.0/data.json'
DEBUG    18/06 15:01:35   Found file '/databases/clustercompare/mibig/4.0/proteins.fasta'
DEBUG    18/06 15:01:35   Found file '/databases/clustercompare/mibig/4.0/proteins.dmnd'
DEBUG    18/06 15:01:35   Found file '/databases/clustercompare/mibig/4.0/proteins.dmnd'
DEBUG    18/06 15:01:35   Checking prerequisites for antismash.modules.clusterblast
DEBUG    18/06 15:01:35   Found file '/databases/knownclusterblast/4.0/clusters.txt'
DEBUG    18/06 15:01:35   Found file '/databases/knownclusterblast/4.0/proteins.fasta'
DEBUG    18/06 15:01:35   Found file '/databases/knownclusterblast/4.0/proteins.dmnd'
DEBUG    18/06 15:01:35   Found file '/databases/knownclusterblast/4.0/proteins.dmnd'
DEBUG    18/06 15:01:35   Found file '/databases/clusterblast/clusters.txt'
DEBUG    18/06 15:01:35   Found file '/databases/clusterblast/proteins.fasta'
DEBUG    18/06 15:01:35   Found file '/databases/clusterblast/proteins.dmnd'
DEBUG    18/06 15:01:35   Found file '/databases/clusterblast/proteins.dmnd'
DEBUG    18/06 15:01:35   Found file '/usr/local/lib/python3.11/dist-packages/antismash/modules/clusterblast/data/sub/proteins.fasta'
DEBUG    18/06 15:01:35   Found file '/usr/local/lib/python3.11/dist-packages/antismash/modules/clusterblast/data/sub/proteins.fasta.phr'
DEBUG    18/06 15:01:35   Found file '/usr/local/lib/python3.11/dist-packages/antismash/modules/clusterblast/data/sub/proteins.fasta.pin'
DEBUG    18/06 15:01:35   Found file '/usr/local/lib/python3.11/dist-packages/antismash/modules/clusterblast/data/sub/proteins.fasta.psq'
DEBUG    18/06 15:01:35   Found file '/usr/local/lib/python3.11/dist-packages/antismash/modules/clusterblast/data/sub/clusters.txt'
DEBUG    18/06 15:01:35   Checking prerequisites for antismash.modules.lanthipeptides
DEBUG    18/06 15:01:35   Found file '/databases/comparippson/asdb/4.0/cores.fa.pdb'
DEBUG    18/06 15:01:35   Found file '/databases/comparippson/asdb/4.0/cores.fa.phr'
DEBUG    18/06 15:01:35   Found file '/databases/comparippson/asdb/4.0/cores.fa.pin'
DEBUG    18/06 15:01:35   Found file '/databases/comparippson/asdb/4.0/cores.fa.pot'
DEBUG    18/06 15:01:35   Found file '/databases/comparippson/asdb/4.0/cores.fa.psq'
DEBUG    18/06 15:01:35   Found file '/databases/comparippson/asdb/4.0/cores.fa.ptf'
DEBUG    18/06 15:01:35   Found file '/databases/comparippson/asdb/4.0/cores.fa.pto'
DEBUG    18/06 15:01:35   Found file '/databases/comparippson/mibig/4.0/cores.fa.pdb'
DEBUG    18/06 15:01:35   Found file '/databases/comparippson/mibig/4.0/cores.fa.phr'
DEBUG    18/06 15:01:35   Found file '/databases/comparippson/mibig/4.0/cores.fa.pin'
DEBUG    18/06 15:01:35   Found file '/databases/comparippson/mibig/4.0/cores.fa.pot'
DEBUG    18/06 15:01:35   Found file '/databases/comparippson/mibig/4.0/cores.fa.psq'
DEBUG    18/06 15:01:35   Found file '/databases/comparippson/mibig/4.0/cores.fa.ptf'
DEBUG    18/06 15:01:35   Found file '/databases/comparippson/mibig/4.0/cores.fa.pto'
DEBUG    18/06 15:01:35   Checking prerequisites for antismash.modules.lassopeptides
DEBUG    18/06 15:01:35   Checking prerequisites for antismash.modules.nrps_pks
DEBUG    18/06 15:01:35   Found existing cache for /usr/local/lib/python3.11/dist-packages/antismash/modules/nrps_pks/data/terminals/cterm.fasta
DEBUG    18/06 15:01:35   Found existing cache for /usr/local/lib/python3.11/dist-packages/antismash/modules/nrps_pks/data/terminals/nterm.fasta
DEBUG    18/06 15:01:35   Found existing cache for /usr/local/lib/python3.11/dist-packages/antismash/modules/nrps_pks/at_analysis/data/AT_domains_muscle.fasta
DEBUG    18/06 15:01:35   Found existing cache for /usr/local/lib/python3.11/dist-packages/antismash/modules/nrps_pks/c_analysis/data/Rausch_C_203.fa
DEBUG    18/06 15:01:35   Found existing cache for /usr/local/lib/python3.11/dist-packages/antismash/modules/nrps_pks/kr_analysis/data/KRdomains_muscle.fasta
DEBUG    18/06 15:01:35   Found existing cache for /usr/local/lib/python3.11/dist-packages/antismash/modules/nrps_pks/minowa/data/AT_domains_muscle.fasta
DEBUG    18/06 15:01:35   Found existing cache for /usr/local/lib/python3.11/dist-packages/antismash/modules/nrps_pks/minowa/data/CAL_domains_muscle.fasta
DEBUG    18/06 15:01:35   Checking prerequisites for antismash.modules.pfam2go
DEBUG    18/06 15:01:35   Found file '/usr/local/lib/python3.11/dist-packages/antismash/modules/pfam2go/data/pfam2go.txt'
DEBUG    18/06 15:01:35   Checking prerequisites for antismash.modules.rrefinder
DEBUG    18/06 15:01:35   Found file '/usr/local/lib/python3.11/dist-packages/antismash/modules/rrefinder/data/RREFam.hmm.h3f'
DEBUG    18/06 15:01:35   Found file '/usr/local/lib/python3.11/dist-packages/antismash/modules/rrefinder/data/RREFam.hmm.h3i'
DEBUG    18/06 15:01:35   Found file '/usr/local/lib/python3.11/dist-packages/antismash/modules/rrefinder/data/RREFam.hmm.h3m'
DEBUG    18/06 15:01:35   Found file '/usr/local/lib/python3.11/dist-packages/antismash/modules/rrefinder/data/RREFam.hmm.h3p'
DEBUG    18/06 15:01:35   Checking prerequisites for antismash.modules.sactipeptides
DEBUG    18/06 15:01:35   Checking prerequisites for antismash.modules.t2pks
DEBUG    18/06 15:01:35   Found file '/usr/local/lib/python3.11/dist-packages/antismash/modules/t2pks/data/KSIII.fasta'
DEBUG    18/06 15:01:35   Found file '/usr/local/lib/python3.11/dist-packages/antismash/modules/t2pks/data/KSIII.phr'
DEBUG    18/06 15:01:35   Found file '/usr/local/lib/python3.11/dist-packages/antismash/modules/t2pks/data/KSIII.pin'
DEBUG    18/06 15:01:35   Found file '/usr/local/lib/python3.11/dist-packages/antismash/modules/t2pks/data/KSIII.psq'
DEBUG    18/06 15:01:35   Found file '/usr/local/lib/python3.11/dist-packages/antismash/modules/t2pks/data/AT.fasta'
DEBUG    18/06 15:01:35   Found file '/usr/local/lib/python3.11/dist-packages/antismash/modules/t2pks/data/AT.phr'
DEBUG    18/06 15:01:35   Found file '/usr/local/lib/python3.11/dist-packages/antismash/modules/t2pks/data/AT.pin'
DEBUG    18/06 15:01:35   Found file '/usr/local/lib/python3.11/dist-packages/antismash/modules/t2pks/data/AT.psq'
DEBUG    18/06 15:01:35   Found file '/usr/local/lib/python3.11/dist-packages/antismash/modules/t2pks/data/LIG.fasta'
DEBUG    18/06 15:01:35   Found file '/usr/local/lib/python3.11/dist-packages/antismash/modules/t2pks/data/LIG.phr'
DEBUG    18/06 15:01:35   Found file '/usr/local/lib/python3.11/dist-packages/antismash/modules/t2pks/data/LIG.pin'
DEBUG    18/06 15:01:35   Found file '/usr/local/lib/python3.11/dist-packages/antismash/modules/t2pks/data/LIG.psq'
DEBUG    18/06 15:01:35   Found file '/usr/local/lib/python3.11/dist-packages/antismash/modules/t2pks/data/t2pks.hmm.h3f'
DEBUG    18/06 15:01:35   Found file '/usr/local/lib/python3.11/dist-packages/antismash/modules/t2pks/data/t2pks.hmm.h3i'
DEBUG    18/06 15:01:35   Found file '/usr/local/lib/python3.11/dist-packages/antismash/modules/t2pks/data/t2pks.hmm.h3m'
DEBUG    18/06 15:01:35   Found file '/usr/local/lib/python3.11/dist-packages/antismash/modules/t2pks/data/t2pks.hmm.h3p'
DEBUG    18/06 15:01:35   Checking prerequisites for antismash.modules.terpene
DEBUG    18/06 15:01:35   Found file '/usr/local/lib/python3.11/dist-packages/antismash/modules/terpene/data/all_profiles.hmm'
DEBUG    18/06 15:01:35   Found file '/usr/local/lib/python3.11/dist-packages/antismash/modules/terpene/data/all_profiles.hmm.h3f'
DEBUG    18/06 15:01:35   Found file '/usr/local/lib/python3.11/dist-packages/antismash/modules/terpene/data/all_profiles.hmm.h3i'
DEBUG    18/06 15:01:35   Found file '/usr/local/lib/python3.11/dist-packages/antismash/modules/terpene/data/all_profiles.hmm.h3m'
DEBUG    18/06 15:01:35   Found file '/usr/local/lib/python3.11/dist-packages/antismash/modules/terpene/data/all_profiles.hmm.h3p'
DEBUG    18/06 15:01:35   Checking prerequisites for antismash.modules.tfbs_finder
DEBUG    18/06 15:01:35   Found file '/usr/local/lib/python3.11/dist-packages/antismash/modules/tfbs_finder/data/PWMs.json'
DEBUG    18/06 15:01:35   Checking prerequisites for antismash.modules.thiopeptides
DEBUG    18/06 15:01:35   Found file '/usr/local/lib/python3.11/dist-packages/antismash/modules/thiopeptides/data/thiopep3.hmm.h3f'
DEBUG    18/06 15:01:35   Found file '/usr/local/lib/python3.11/dist-packages/antismash/modules/thiopeptides/data/thiopep3.hmm.h3i'
DEBUG    18/06 15:01:35   Found file '/usr/local/lib/python3.11/dist-packages/antismash/modules/thiopeptides/data/thiopep3.hmm.h3m'
DEBUG    18/06 15:01:35   Found file '/usr/local/lib/python3.11/dist-packages/antismash/modules/thiopeptides/data/thiopep3.hmm.h3p'
DEBUG    18/06 15:01:35   Checking prerequisites for antismash.modules.tta
DEBUG    18/06 15:01:35   Checking prerequisites for antismash.outputs.html
DEBUG    18/06 15:01:35   Found file '/usr/local/lib/python3.11/dist-packages/antismash/outputs/html/css/bacteria.css'
DEBUG    18/06 15:01:35   Found file '/usr/local/lib/python3.11/dist-packages/antismash/outputs/html/css/fungi.css'
DEBUG    18/06 15:01:35   Found file '/usr/local/lib/python3.11/dist-packages/antismash/outputs/html/css/plants.css'
DEBUG    18/06 15:01:35   Checking prerequisites for antismash.support.genefinding
DEBUG    18/06 15:01:35   Checking options for antismash.detection.hmm_detection
DEBUG    18/06 15:01:35   Checking options for antismash.detection.cluster_hmmer
DEBUG    18/06 15:01:35   Found file '/databases/pfam/35.0/Pfam-A.hmm'
DEBUG    18/06 15:01:35   Found file '/databases/pfam/35.0/Pfam-A.hmm.h3f'
DEBUG    18/06 15:01:35   Found file '/databases/pfam/35.0/Pfam-A.hmm.h3i'
DEBUG    18/06 15:01:35   Found file '/databases/pfam/35.0/Pfam-A.hmm.h3m'
DEBUG    18/06 15:01:35   Found file '/databases/pfam/35.0/Pfam-A.hmm.h3p'
DEBUG    18/06 15:01:35   Checking options for antismash.detection.genefunctions
DEBUG    18/06 15:01:35   Checking options for antismash.detection.nrps_pks_domains
DEBUG    18/06 15:01:35   Checking options for antismash.detection.tigrfam
DEBUG    18/06 15:01:35   Checking options for antismash.modules.active_site_finder
DEBUG    18/06 15:01:35   Checking options for antismash.modules.cluster_compare
DEBUG    18/06 15:01:35   Checking options for antismash.modules.clusterblast
DEBUG    18/06 15:01:35   Checking options for antismash.modules.lanthipeptides
DEBUG    18/06 15:01:35   Checking options for antismash.modules.lassopeptides
DEBUG    18/06 15:01:35   Checking options for antismash.modules.nrps_pks
DEBUG    18/06 15:01:35   Checking options for antismash.modules.pfam2go
DEBUG    18/06 15:01:35   Checking options for antismash.modules.rrefinder
DEBUG    18/06 15:01:35   Checking options for antismash.modules.sactipeptides
DEBUG    18/06 15:01:35   Checking options for antismash.modules.t2pks
DEBUG    18/06 15:01:35   Checking options for antismash.modules.terpene
DEBUG    18/06 15:01:35   Checking options for antismash.modules.tfbs_finder
DEBUG    18/06 15:01:35   Checking options for antismash.modules.thiopeptides
DEBUG    18/06 15:01:35   Checking options for antismash.modules.tta
DEBUG    18/06 15:01:35   Checking options for antismash.outputs.html
DEBUG    18/06 15:01:35   Checking options for antismash.support.genefinding
INFO     18/06 15:01:35   Parsing input sequence '/input/G1M02.fasta'
DEBUG    18/06 15:01:35   Stripping antiSMASH features and annotations from record: gnl|Prokka|GGEFLBJO_1
DEBUG    18/06 15:01:35   Stripping antiSMASH features and annotations from record: gnl|Prokka|GGEFLBJO_2
DEBUG    18/06 15:01:35   Stripping antiSMASH features and annotations from record: gnl|Prokka|GGEFLBJO_3
DEBUG    18/06 15:01:35   Stripping antiSMASH features and annotations from record: gnl|Prokka|GGEFLBJO_4
DEBUG    18/06 15:01:35   Stripping antiSMASH features and annotations from record: gnl|Prokka|GGEFLBJO_5
DEBUG    18/06 15:01:35   Stripping antiSMASH features and annotations from record: gnl|Prokka|GGEFLBJO_6
DEBUG    18/06 15:01:35   Stripping antiSMASH features and annotations from record: gnl|Prokka|GGEFLBJO_7
DEBUG    18/06 15:01:35   Stripping antiSMASH features and annotations from record: gnl|Prokka|GGEFLBJO_8
DEBUG    18/06 15:01:35   Stripping antiSMASH features and annotations from record: gnl|Prokka|GGEFLBJO_9
DEBUG    18/06 15:01:35   Stripping antiSMASH features and annotations from record: gnl|Prokka|GGEFLBJO_10
DEBUG    18/06 15:01:35   Stripping antiSMASH features and annotations from record: gnl|Prokka|GGEFLBJO_11
DEBUG    18/06 15:01:35   Stripping antiSMASH features and annotations from record: gnl|Prokka|GGEFLBJO_12
DEBUG    18/06 15:01:35   Stripping antiSMASH features and annotations from record: gnl|Prokka|GGEFLBJO_13
DEBUG    18/06 15:01:35   Stripping antiSMASH features and annotations from record: gnl|Prokka|GGEFLBJO_14
DEBUG    18/06 15:01:35   Stripping antiSMASH features and annotations from record: gnl|Prokka|GGEFLBJO_15
DEBUG    18/06 15:01:35   Stripping antiSMASH features and annotations from record: gnl|Prokka|GGEFLBJO_16
DEBUG    18/06 15:01:35   Stripping antiSMASH features and annotations from record: gnl|Prokka|GGEFLBJO_17
DEBUG    18/06 15:01:35   Stripping antiSMASH features and annotations from record: gnl|Prokka|GGEFLBJO_18
DEBUG    18/06 15:01:35   Stripping antiSMASH features and annotations from record: gnl|Prokka|GGEFLBJO_19
DEBUG    18/06 15:01:35   Stripping antiSMASH features and annotations from record: gnl|Prokka|GGEFLBJO_20
DEBUG    18/06 15:01:35   Stripping antiSMASH features and annotations from record: gnl|Prokka|GGEFLBJO_21
DEBUG    18/06 15:01:35   Stripping antiSMASH features and annotations from record: gnl|Prokka|GGEFLBJO_22
DEBUG    18/06 15:01:35   Stripping antiSMASH features and annotations from record: gnl|Prokka|GGEFLBJO_23
DEBUG    18/06 15:01:35   Stripping antiSMASH features and annotations from record: gnl|Prokka|GGEFLBJO_24
DEBUG    18/06 15:01:35   Stripping antiSMASH features and annotations from record: gnl|Prokka|GGEFLBJO_25
DEBUG    18/06 15:01:35   Stripping antiSMASH features and annotations from record: gnl|Prokka|GGEFLBJO_26
DEBUG    18/06 15:01:35   Stripping antiSMASH features and annotations from record: gnl|Prokka|GGEFLBJO_27
DEBUG    18/06 15:01:35   Stripping antiSMASH features and annotations from record: gnl|Prokka|GGEFLBJO_28
DEBUG    18/06 15:01:35   Stripping antiSMASH features and annotations from record: gnl|Prokka|GGEFLBJO_29
DEBUG    18/06 15:01:35   Stripping antiSMASH features and annotations from record: gnl|Prokka|GGEFLBJO_30
DEBUG    18/06 15:01:35   Stripping antiSMASH features and annotations from record: gnl|Prokka|GGEFLBJO_31
DEBUG    18/06 15:01:35   Stripping antiSMASH features and annotations from record: gnl|Prokka|GGEFLBJO_32
DEBUG    18/06 15:01:35   Stripping antiSMASH features and annotations from record: gnl|Prokka|GGEFLBJO_33
DEBUG    18/06 15:01:35   Stripping antiSMASH features and annotations from record: gnl|Prokka|GGEFLBJO_34
DEBUG    18/06 15:01:35   Stripping antiSMASH features and annotations from record: gnl|Prokka|GGEFLBJO_35
DEBUG    18/06 15:01:35   Stripping antiSMASH features and annotations from record: gnl|Prokka|GGEFLBJO_36
DEBUG    18/06 15:01:35   Stripping antiSMASH features and annotations from record: gnl|Prokka|GGEFLBJO_37
DEBUG    18/06 15:01:35   Stripping antiSMASH features and annotations from record: gnl|Prokka|GGEFLBJO_38
DEBUG    18/06 15:01:35   Stripping antiSMASH features and annotations from record: gnl|Prokka|GGEFLBJO_39
DEBUG    18/06 15:01:35   Stripping antiSMASH features and annotations from record: gnl|Prokka|GGEFLBJO_40
DEBUG    18/06 15:01:35   Stripping antiSMASH features and annotations from record: gnl|Prokka|GGEFLBJO_41
DEBUG    18/06 15:01:35   Stripping antiSMASH features and annotations from record: gnl|Prokka|GGEFLBJO_42
DEBUG    18/06 15:01:35   Stripping antiSMASH features and annotations from record: gnl|Prokka|GGEFLBJO_43
DEBUG    18/06 15:01:35   Stripping antiSMASH features and annotations from record: gnl|Prokka|GGEFLBJO_44
DEBUG    18/06 15:01:35   Stripping antiSMASH features and annotations from record: gnl|Prokka|GGEFLBJO_45
DEBUG    18/06 15:01:35   Stripping antiSMASH features and annotations from record: gnl|Prokka|GGEFLBJO_46
DEBUG    18/06 15:01:35   Stripping antiSMASH features and annotations from record: gnl|Prokka|GGEFLBJO_47
DEBUG    18/06 15:01:35   Stripping antiSMASH features and annotations from record: gnl|Prokka|GGEFLBJO_48
DEBUG    18/06 15:01:35   Stripping antiSMASH features and annotations from record: gnl|Prokka|GGEFLBJO_49
DEBUG    18/06 15:01:35   Stripping antiSMASH features and annotations from record: gnl|Prokka|GGEFLBJO_50
DEBUG    18/06 15:01:35   Stripping antiSMASH features and annotations from record: gnl|Prokka|GGEFLBJO_51
DEBUG    18/06 15:01:35   Stripping antiSMASH features and annotations from record: gnl|Prokka|GGEFLBJO_52
DEBUG    18/06 15:01:35   Stripping antiSMASH features and annotations from record: gnl|Prokka|GGEFLBJO_53
DEBUG    18/06 15:01:35   Stripping antiSMASH features and annotations from record: gnl|Prokka|GGEFLBJO_54
DEBUG    18/06 15:01:35   Stripping antiSMASH features and annotations from record: gnl|Prokka|GGEFLBJO_55
DEBUG    18/06 15:01:35   Stripping antiSMASH features and annotations from record: gnl|Prokka|GGEFLBJO_56
DEBUG    18/06 15:01:35   Stripping antiSMASH features and annotations from record: gnl|Prokka|GGEFLBJO_57
DEBUG    18/06 15:01:35   Stripping antiSMASH features and annotations from record: gnl|Prokka|GGEFLBJO_58
DEBUG    18/06 15:01:35   Stripping antiSMASH features and annotations from record: gnl|Prokka|GGEFLBJO_59
DEBUG    18/06 15:01:35   Stripping antiSMASH features and annotations from record: gnl|Prokka|GGEFLBJO_60
DEBUG    18/06 15:01:35   Stripping antiSMASH features and annotations from record: gnl|Prokka|GGEFLBJO_61
DEBUG    18/06 15:01:35   Stripping antiSMASH features and annotations from record: gnl|Prokka|GGEFLBJO_62
DEBUG    18/06 15:01:35   Stripping antiSMASH features and annotations from record: gnl|Prokka|GGEFLBJO_63
DEBUG    18/06 15:01:35   Stripping antiSMASH features and annotations from record: gnl|Prokka|GGEFLBJO_64
DEBUG    18/06 15:01:35   Stripping antiSMASH features and annotations from record: gnl|Prokka|GGEFLBJO_65
DEBUG    18/06 15:01:35   Stripping antiSMASH features and annotations from record: gnl|Prokka|GGEFLBJO_66
DEBUG    18/06 15:01:35   Stripping antiSMASH features and annotations from record: gnl|Prokka|GGEFLBJO_67
DEBUG    18/06 15:01:35   Stripping antiSMASH features and annotations from record: gnl|Prokka|GGEFLBJO_68
DEBUG    18/06 15:01:35   Stripping antiSMASH features and annotations from record: gnl|Prokka|GGEFLBJO_69
DEBUG    18/06 15:01:35   Stripping antiSMASH features and annotations from record: gnl|Prokka|GGEFLBJO_70
DEBUG    18/06 15:01:35   Stripping antiSMASH features and annotations from record: gnl|Prokka|GGEFLBJO_71
DEBUG    18/06 15:01:35   Stripping antiSMASH features and annotations from record: gnl|Prokka|GGEFLBJO_72
DEBUG    18/06 15:01:35   Stripping antiSMASH features and annotations from record: gnl|Prokka|GGEFLBJO_73
DEBUG    18/06 15:01:35   Stripping antiSMASH features and annotations from record: gnl|Prokka|GGEFLBJO_74
DEBUG    18/06 15:01:35   Stripping antiSMASH features and annotations from record: gnl|Prokka|GGEFLBJO_75
DEBUG    18/06 15:01:35   Stripping antiSMASH features and annotations from record: gnl|Prokka|GGEFLBJO_76
DEBUG    18/06 15:01:35   Stripping antiSMASH features and annotations from record: gnl|Prokka|GGEFLBJO_77
DEBUG    18/06 15:01:35   Stripping antiSMASH features and annotations from record: gnl|Prokka|GGEFLBJO_78
DEBUG    18/06 15:01:35   Stripping antiSMASH features and annotations from record: gnl|Prokka|GGEFLBJO_79
DEBUG    18/06 15:01:35   Stripping antiSMASH features and annotations from record: gnl|Prokka|GGEFLBJO_80
DEBUG    18/06 15:01:35   Stripping antiSMASH features and annotations from record: gnl|Prokka|GGEFLBJO_81
DEBUG    18/06 15:01:35   Stripping antiSMASH features and annotations from record: gnl|Prokka|GGEFLBJO_82
DEBUG    18/06 15:01:35   Stripping antiSMASH features and annotations from record: gnl|Prokka|GGEFLBJO_83
DEBUG    18/06 15:01:35   Stripping antiSMASH features and annotations from record: gnl|Prokka|GGEFLBJO_84
DEBUG    18/06 15:01:35   Stripping antiSMASH features and annotations from record: gnl|Prokka|GGEFLBJO_85
DEBUG    18/06 15:01:35   Stripping antiSMASH features and annotations from record: gnl|Prokka|GGEFLBJO_86
DEBUG    18/06 15:01:35   Stripping antiSMASH features and annotations from record: gnl|Prokka|GGEFLBJO_87
DEBUG    18/06 15:01:35   Stripping antiSMASH features and annotations from record: gnl|Prokka|GGEFLBJO_88
DEBUG    18/06 15:01:35   Stripping antiSMASH features and annotations from record: gnl|Prokka|GGEFLBJO_89
DEBUG    18/06 15:01:35   Stripping antiSMASH features and annotations from record: gnl|Prokka|GGEFLBJO_90
DEBUG    18/06 15:01:35   Stripping antiSMASH features and annotations from record: gnl|Prokka|GGEFLBJO_91
DEBUG    18/06 15:01:35   Stripping antiSMASH features and annotations from record: gnl|Prokka|GGEFLBJO_92
DEBUG    18/06 15:01:35   Stripping antiSMASH features and annotations from record: gnl|Prokka|GGEFLBJO_93
DEBUG    18/06 15:01:35   Stripping antiSMASH features and annotations from record: gnl|Prokka|GGEFLBJO_94
DEBUG    18/06 15:01:35   Stripping antiSMASH features and annotations from record: gnl|Prokka|GGEFLBJO_95
DEBUG    18/06 15:01:35   Stripping antiSMASH features and annotations from record: gnl|Prokka|GGEFLBJO_96
DEBUG    18/06 15:01:35   Stripping antiSMASH features and annotations from record: gnl|Prokka|GGEFLBJO_97
DEBUG    18/06 15:01:35   Stripping antiSMASH features and annotations from record: gnl|Prokka|GGEFLBJO_98
DEBUG    18/06 15:01:35   Stripping antiSMASH features and annotations from record: gnl|Prokka|GGEFLBJO_99
DEBUG    18/06 15:01:35   Stripping antiSMASH features and annotations from record: gnl|Prokka|GGEFLBJO_100
DEBUG    18/06 15:01:35   Stripping antiSMASH features and annotations from record: gnl|Prokka|GGEFLBJO_101
DEBUG    18/06 15:01:35   Stripping antiSMASH features and annotations from record: gnl|Prokka|GGEFLBJO_102
DEBUG    18/06 15:01:35   Stripping antiSMASH features and annotations from record: gnl|Prokka|GGEFLBJO_103
DEBUG    18/06 15:01:35   Stripping antiSMASH features and annotations from record: gnl|Prokka|GGEFLBJO_104
DEBUG    18/06 15:01:35   Stripping antiSMASH features and annotations from record: gnl|Prokka|GGEFLBJO_105
DEBUG    18/06 15:01:35   Converting records from biopython to secmet
DEBUG    18/06 15:01:36   Removing existing region genbank files
DEBUG    18/06 15:01:36   Reusing output directory: /data/antismash/upload/bacteria-2c972334-cdd6-49ac-bf47-c5fc0bc0d918
DEBUG    18/06 15:01:36   Preprocessing 105 sequences
DEBUG    18/06 15:01:36   Sanitising record ids and sequences
DEBUG    18/06 15:01:36   Removing sequences smaller than 1000 bases
DEBUG    18/06 15:01:36   Ensuring records have CDS features with all required information
INFO     18/06 15:01:36   No CDS features found in record 'gnlProkkaGGEFLBJO_1', running gene finding.
DEBUG    18/06 15:01:36   Running prodigal based genefinding
INFO     18/06 15:01:36   No CDS features found in record 'gnlProkkaGGEFLBJO_8', running gene finding.
DEBUG    18/06 15:01:36   Running prodigal based genefinding
INFO     18/06 15:01:36   No CDS features found in record 'gnlProkkaGGEFLBJO_15', running gene finding.
DEBUG    18/06 15:01:36   Running prodigal based genefinding
INFO     18/06 15:01:36   No CDS features found in record 'gnlProkkaGGEFLBJO_22', running gene finding.
DEBUG    18/06 15:01:36   Running prodigal based genefinding
DEBUG    18/06 15:01:36   prodigal found 71 CDS features
INFO     18/06 15:01:36   No CDS features found in record 'gnlProkkaGGEFLBJO_23', running gene finding.
DEBUG    18/06 15:01:36   Running prodigal based genefinding
DEBUG    18/06 15:01:36   prodigal found 106 CDS features
INFO     18/06 15:01:36   No CDS features found in record 'gnlProkkaGGEFLBJO_16', running gene finding.
DEBUG    18/06 15:01:36   Running prodigal based genefinding
DEBUG    18/06 15:01:36   prodigal found 134 CDS features
INFO     18/06 15:01:36   No CDS features found in record 'gnlProkkaGGEFLBJO_9', running gene finding.
DEBUG    18/06 15:01:36   Running prodigal based genefinding
DEBUG    18/06 15:01:36   prodigal found 72 CDS features
INFO     18/06 15:01:36   No CDS features found in record 'gnlProkkaGGEFLBJO_24', running gene finding.
DEBUG    18/06 15:01:36   Running prodigal based genefinding
DEBUG    18/06 15:01:36   prodigal found 88 CDS features
INFO     18/06 15:01:36   No CDS features found in record 'gnlProkkaGGEFLBJO_17', running gene finding.
DEBUG    18/06 15:01:36   Running prodigal based genefinding
DEBUG    18/06 15:01:36   prodigal found 217 CDS features
INFO     18/06 15:01:36   No CDS features found in record 'gnlProkkaGGEFLBJO_2', running gene finding.
DEBUG    18/06 15:01:36   Running prodigal based genefinding
DEBUG    18/06 15:01:36   prodigal found 52 CDS features
INFO     18/06 15:01:36   No CDS features found in record 'gnlProkkaGGEFLBJO_25', running gene finding.
DEBUG    18/06 15:01:36   Running prodigal based genefinding
DEBUG    18/06 15:01:36   prodigal found 143 CDS features
INFO     18/06 15:01:36   No CDS features found in record 'gnlProkkaGGEFLBJO_10', running gene finding.
DEBUG    18/06 15:01:36   Running prodigal based genefinding
DEBUG    18/06 15:01:36   prodigal found 71 CDS features
INFO     18/06 15:01:36   No CDS features found in record 'gnlProkkaGGEFLBJO_26', running gene finding.
DEBUG    18/06 15:01:36   Running prodigal based genefinding
DEBUG    18/06 15:01:37   prodigal found 70 CDS features
INFO     18/06 15:01:37   No CDS features found in record 'gnlProkkaGGEFLBJO_18', running gene finding.
DEBUG    18/06 15:01:37   Running prodigal based genefinding
DEBUG    18/06 15:01:37   prodigal found 57 CDS features
INFO     18/06 15:01:37   No CDS features found in record 'gnlProkkaGGEFLBJO_27', running gene finding.
DEBUG    18/06 15:01:37   Running prodigal based genefinding
DEBUG    18/06 15:01:37   prodigal found 188 CDS features
INFO     18/06 15:01:37   No CDS features found in record 'gnlProkkaGGEFLBJO_3', running gene finding.
DEBUG    18/06 15:01:37   Running prodigal based genefinding
DEBUG    18/06 15:01:37   prodigal found 57 CDS features
INFO     18/06 15:01:37   No CDS features found in record 'gnlProkkaGGEFLBJO_28', running gene finding.
DEBUG    18/06 15:01:37   Running prodigal based genefinding
DEBUG    18/06 15:01:37   prodigal found 86 CDS features
INFO     18/06 15:01:37   No CDS features found in record 'gnlProkkaGGEFLBJO_19', running gene finding.
DEBUG    18/06 15:01:37   Running prodigal based genefinding
DEBUG    18/06 15:01:37   prodigal found 98 CDS features
INFO     18/06 15:01:37   No CDS features found in record 'gnlProkkaGGEFLBJO_11', running gene finding.
DEBUG    18/06 15:01:37   Running prodigal based genefinding
DEBUG    18/06 15:01:37   prodigal found 54 CDS features
INFO     18/06 15:01:37   No CDS features found in record 'gnlProkkaGGEFLBJO_29', running gene finding.
DEBUG    18/06 15:01:37   Running prodigal based genefinding
DEBUG    18/06 15:01:37   prodigal found 53 CDS features
INFO     18/06 15:01:37   No CDS features found in record 'gnlProkkaGGEFLBJO_30', running gene finding.
DEBUG    18/06 15:01:37   Running prodigal based genefinding
DEBUG    18/06 15:01:37   prodigal found 172 CDS features
INFO     18/06 15:01:37   No CDS features found in record 'gnlProkkaGGEFLBJO_4', running gene finding.
DEBUG    18/06 15:01:37   Running prodigal based genefinding
DEBUG    18/06 15:01:37   prodigal found 114 CDS features
INFO     18/06 15:01:37   No CDS features found in record 'gnlProkkaGGEFLBJO_12', running gene finding.
DEBUG    18/06 15:01:37   Running prodigal based genefinding
DEBUG    18/06 15:01:37   prodigal found 54 CDS features
INFO     18/06 15:01:37   No CDS features found in record 'gnlProkkaGGEFLBJO_31', running gene finding.
DEBUG    18/06 15:01:37   Running prodigal based genefinding
DEBUG    18/06 15:01:37   prodigal found 34 CDS features
INFO     18/06 15:01:37   No CDS features found in record 'gnlProkkaGGEFLBJO_20', running gene finding.
DEBUG    18/06 15:01:37   Running prodigal based genefinding
DEBUG    18/06 15:01:37   prodigal found 47 CDS features
INFO     18/06 15:01:37   No CDS features found in record 'gnlProkkaGGEFLBJO_32', running gene finding.
DEBUG    18/06 15:01:37   Running prodigal based genefinding
DEBUG    18/06 15:01:37   prodigal found 72 CDS features
INFO     18/06 15:01:37   No CDS features found in record 'gnlProkkaGGEFLBJO_21', running gene finding.
DEBUG    18/06 15:01:37   Running prodigal based genefinding
DEBUG    18/06 15:01:37   prodigal found 113 CDS features
INFO     18/06 15:01:37   No CDS features found in record 'gnlProkkaGGEFLBJO_13', running gene finding.
DEBUG    18/06 15:01:37   Running prodigal based genefinding
DEBUG    18/06 15:01:37   prodigal found 59 CDS features
INFO     18/06 15:01:37   No CDS features found in record 'gnlProkkaGGEFLBJO_33', running gene finding.
DEBUG    18/06 15:01:37   Running prodigal based genefinding
DEBUG    18/06 15:01:37   prodigal found 145 CDS features
INFO     18/06 15:01:37   No CDS features found in record 'gnlProkkaGGEFLBJO_5', running gene finding.
DEBUG    18/06 15:01:37   Running prodigal based genefinding
DEBUG    18/06 15:01:37   prodigal found 50 CDS features
INFO     18/06 15:01:37   No CDS features found in record 'gnlProkkaGGEFLBJO_34', running gene finding.
DEBUG    18/06 15:01:37   Running prodigal based genefinding
DEBUG    18/06 15:01:37   prodigal found 72 CDS features
INFO     18/06 15:01:37   No CDS features found in record 'gnlProkkaGGEFLBJO_36', running gene finding.
DEBUG    18/06 15:01:37   Running prodigal based genefinding
DEBUG    18/06 15:01:38   prodigal found 39 CDS features
INFO     18/06 15:01:38   No CDS features found in record 'gnlProkkaGGEFLBJO_35', running gene finding.
DEBUG    18/06 15:01:38   Running prodigal based genefinding
DEBUG    18/06 15:01:38   prodigal found 108 CDS features
INFO     18/06 15:01:38   No CDS features found in record 'gnlProkkaGGEFLBJO_14', running gene finding.
DEBUG    18/06 15:01:38   Running prodigal based genefinding
DEBUG    18/06 15:01:38   prodigal found 47 CDS features
INFO     18/06 15:01:38   No CDS features found in record 'gnlProkkaGGEFLBJO_37', running gene finding.
DEBUG    18/06 15:01:38   Running prodigal based genefinding
DEBUG    18/06 15:01:38   prodigal found 37 CDS features
INFO     18/06 15:01:38   No CDS features found in record 'gnlProkkaGGEFLBJO_43', running gene finding.
DEBUG    18/06 15:01:38   Running prodigal based genefinding
DEBUG    18/06 15:01:38   prodigal found 40 CDS features
INFO     18/06 15:01:38   No CDS features found in record 'gnlProkkaGGEFLBJO_38', running gene finding.
DEBUG    18/06 15:01:38   Running prodigal based genefinding
DEBUG    18/06 15:01:38   prodigal found 160 CDS features
INFO     18/06 15:01:38   No CDS features found in record 'gnlProkkaGGEFLBJO_6', running gene finding.
DEBUG    18/06 15:01:38   Running prodigal based genefinding
DEBUG    18/06 15:01:38   prodigal found 29 CDS features
INFO     18/06 15:01:38   No CDS features found in record 'gnlProkkaGGEFLBJO_44', running gene finding.
DEBUG    18/06 15:01:38   Running prodigal based genefinding
DEBUG    18/06 15:01:38   prodigal found 47 CDS features
INFO     18/06 15:01:38   No CDS features found in record 'gnlProkkaGGEFLBJO_39', running gene finding.
DEBUG    18/06 15:01:38   Running prodigal based genefinding
DEBUG    18/06 15:01:38   prodigal found 111 CDS features
DEBUG    18/06 15:01:38   prodigal found 32 CDS features
INFO     18/06 15:01:38   No CDS features found in record 'gnlProkkaGGEFLBJO_45', running gene finding.
DEBUG    18/06 15:01:38   Running prodigal based genefinding
INFO     18/06 15:01:38   No CDS features found in record 'gnlProkkaGGEFLBJO_50', running gene finding.
DEBUG    18/06 15:01:38   Running prodigal based genefinding
DEBUG    18/06 15:01:38   prodigal found 36 CDS features
INFO     18/06 15:01:38   No CDS features found in record 'gnlProkkaGGEFLBJO_40', running gene finding.
DEBUG    18/06 15:01:38   Running prodigal based genefinding
DEBUG    18/06 15:01:38   prodigal found 30 CDS features
INFO     18/06 15:01:38   No CDS features found in record 'gnlProkkaGGEFLBJO_51', running gene finding.
DEBUG    18/06 15:01:38   Running prodigal based genefinding
DEBUG    18/06 15:01:38   prodigal found 38 CDS features
INFO     18/06 15:01:38   No CDS features found in record 'gnlProkkaGGEFLBJO_46', running gene finding.
DEBUG    18/06 15:01:38   Running prodigal based genefinding
DEBUG    18/06 15:01:38   prodigal found 41 CDS features
INFO     18/06 15:01:38   No CDS features found in record 'gnlProkkaGGEFLBJO_41', running gene finding.
DEBUG    18/06 15:01:38   Running prodigal based genefinding
DEBUG    18/06 15:01:38   prodigal found 27 CDS features
INFO     18/06 15:01:38   No CDS features found in record 'gnlProkkaGGEFLBJO_52', running gene finding.
DEBUG    18/06 15:01:38   Running prodigal based genefinding
DEBUG    18/06 15:01:38   prodigal found 35 CDS features
INFO     18/06 15:01:38   No CDS features found in record 'gnlProkkaGGEFLBJO_47', running gene finding.
DEBUG    18/06 15:01:38   Running prodigal based genefinding
DEBUG    18/06 15:01:38   prodigal found 33 CDS features
INFO     18/06 15:01:38   No CDS features found in record 'gnlProkkaGGEFLBJO_53', running gene finding.
DEBUG    18/06 15:01:38   Running prodigal based genefinding
DEBUG    18/06 15:01:38   prodigal found 48 CDS features
INFO     18/06 15:01:38   No CDS features found in record 'gnlProkkaGGEFLBJO_42', running gene finding.
DEBUG    18/06 15:01:38   Running prodigal based genefinding
DEBUG    18/06 15:01:38   prodigal found 32 CDS features
INFO     18/06 15:01:38   No CDS features found in record 'gnlProkkaGGEFLBJO_48', running gene finding.
DEBUG    18/06 15:01:38   Running prodigal based genefinding
DEBUG    18/06 15:01:38   prodigal found 22 CDS features
INFO     18/06 15:01:38   No CDS features found in record 'gnlProkkaGGEFLBJO_54', running gene finding.
DEBUG    18/06 15:01:38   Running prodigal based genefinding
DEBUG    18/06 15:01:38   prodigal found 30 CDS features
INFO     18/06 15:01:38   No CDS features found in record 'gnlProkkaGGEFLBJO_57', running gene finding.
DEBUG    18/06 15:01:38   Running prodigal based genefinding
DEBUG    18/06 15:01:38   prodigal found 34 CDS features
INFO     18/06 15:01:38   No CDS features found in record 'gnlProkkaGGEFLBJO_49', running gene finding.
DEBUG    18/06 15:01:38   Running prodigal based genefinding
DEBUG    18/06 15:01:38   prodigal found 33 CDS features
INFO     18/06 15:01:38   No CDS features found in record 'gnlProkkaGGEFLBJO_55', running gene finding.
DEBUG    18/06 15:01:38   Running prodigal based genefinding
DEBUG    18/06 15:01:38   prodigal found 28 CDS features
INFO     18/06 15:01:38   No CDS features found in record 'gnlProkkaGGEFLBJO_58', running gene finding.
DEBUG    18/06 15:01:38   Running prodigal based genefinding
DEBUG    18/06 15:01:38   prodigal found 30 CDS features
INFO     18/06 15:01:38   No CDS features found in record 'gnlProkkaGGEFLBJO_56', running gene finding.
DEBUG    18/06 15:01:38   Running prodigal based genefinding
DEBUG    18/06 15:01:38   prodigal found 32 CDS features
INFO     18/06 15:01:38   No CDS features found in record 'gnlProkkaGGEFLBJO_64', running gene finding.
DEBUG    18/06 15:01:38   Running prodigal based genefinding
DEBUG    18/06 15:01:38   prodigal found 13 CDS features
INFO     18/06 15:01:38   No CDS features found in record 'gnlProkkaGGEFLBJO_59', running gene finding.
DEBUG    18/06 15:01:38   Running prodigal based genefinding
DEBUG    18/06 15:01:38   prodigal found 157 CDS features
INFO     18/06 15:01:38   No CDS features found in record 'gnlProkkaGGEFLBJO_7', running gene finding.
DEBUG    18/06 15:01:38   Running prodigal based genefinding
DEBUG    18/06 15:01:38   prodigal found 24 CDS features
INFO     18/06 15:01:38   No CDS features found in record 'gnlProkkaGGEFLBJO_71', running gene finding.
DEBUG    18/06 15:01:38   Running prodigal based genefinding
DEBUG    18/06 15:01:38   prodigal found 8 CDS features
INFO     18/06 15:01:38   No CDS features found in record 'gnlProkkaGGEFLBJO_72', running gene finding.
DEBUG    18/06 15:01:38   Running prodigal based genefinding
DEBUG    18/06 15:01:38   prodigal found 16 CDS features
INFO     18/06 15:01:38   No CDS features found in record 'gnlProkkaGGEFLBJO_60', running gene finding.
DEBUG    18/06 15:01:38   Running prodigal based genefinding
DEBUG    18/06 15:01:38   prodigal found 17 CDS features
INFO     18/06 15:01:38   No CDS features found in record 'gnlProkkaGGEFLBJO_65', running gene finding.
DEBUG    18/06 15:01:38   Running prodigal based genefinding
DEBUG    18/06 15:01:38   prodigal found 8 CDS features
INFO     18/06 15:01:38   No CDS features found in record 'gnlProkkaGGEFLBJO_73', running gene finding.
DEBUG    18/06 15:01:38   Running prodigal based genefinding
DEBUG    18/06 15:01:39   prodigal found 13 CDS features
INFO     18/06 15:01:39   No CDS features found in record 'gnlProkkaGGEFLBJO_66', running gene finding.
DEBUG    18/06 15:01:39   Running prodigal based genefinding
DEBUG    18/06 15:01:39   prodigal found 6 CDS features
INFO     18/06 15:01:39   No CDS features found in record 'gnlProkkaGGEFLBJO_74', running gene finding.
DEBUG    18/06 15:01:39   Running prodigal based genefinding
DEBUG    18/06 15:01:39   prodigal found 16 CDS features
INFO     18/06 15:01:39   No CDS features found in record 'gnlProkkaGGEFLBJO_61', running gene finding.
DEBUG    18/06 15:01:39   Running prodigal based genefinding
DEBUG    18/06 15:01:39   prodigal found 7 CDS features
INFO     18/06 15:01:39   No CDS features found in record 'gnlProkkaGGEFLBJO_75', running gene finding.
DEBUG    18/06 15:01:39   Running prodigal based genefinding
DEBUG    18/06 15:01:39   prodigal found 11 CDS features
INFO     18/06 15:01:39   No CDS features found in record 'gnlProkkaGGEFLBJO_67', running gene finding.
DEBUG    18/06 15:01:39   Running prodigal based genefinding
DEBUG    18/06 15:01:39   prodigal found 12 CDS features
INFO     18/06 15:01:39   No CDS features found in record 'gnlProkkaGGEFLBJO_76', running gene finding.
DEBUG    18/06 15:01:39   Running prodigal based genefinding
DEBUG    18/06 15:01:39   prodigal found 16 CDS features
INFO     18/06 15:01:39   No CDS features found in record 'gnlProkkaGGEFLBJO_62', running gene finding.
DEBUG    18/06 15:01:39   Running prodigal based genefinding
DEBUG    18/06 15:01:39   prodigal found 9 CDS features
INFO     18/06 15:01:39   No CDS features found in record 'gnlProkkaGGEFLBJO_77', running gene finding.
DEBUG    18/06 15:01:39   Running prodigal based genefinding
DEBUG    18/06 15:01:39   prodigal found 116 CDS features
DEBUG    18/06 15:01:39   prodigal found 19 CDS features
INFO     18/06 15:01:39   No CDS features found in record 'gnlProkkaGGEFLBJO_68', running gene finding.
DEBUG    18/06 15:01:39   Running prodigal based genefinding
DEBUG    18/06 15:01:39   prodigal found 10 CDS features
INFO     18/06 15:01:39   No CDS features found in record 'gnlProkkaGGEFLBJO_78', running gene finding.
DEBUG    18/06 15:01:39   Running prodigal based genefinding
INFO     18/06 15:01:39   No CDS features found in record 'gnlProkkaGGEFLBJO_85', running gene finding.
DEBUG    18/06 15:01:39   Running prodigal based genefinding
DEBUG    18/06 15:01:39   prodigal found 4 CDS features
INFO     18/06 15:01:39   No CDS features found in record 'gnlProkkaGGEFLBJO_79', running gene finding.
DEBUG    18/06 15:01:39   Running prodigal based genefinding
DEBUG    18/06 15:01:39   prodigal found 17 CDS features
INFO     18/06 15:01:39   No CDS features found in record 'gnlProkkaGGEFLBJO_63', running gene finding.
DEBUG    18/06 15:01:39   Running prodigal based genefinding
DEBUG    18/06 15:01:39   prodigal found 7 CDS features
INFO     18/06 15:01:39   No CDS features found in record 'gnlProkkaGGEFLBJO_86', running gene finding.
DEBUG    18/06 15:01:39   Running prodigal based genefinding
DEBUG    18/06 15:01:39   prodigal found 4 CDS features
INFO     18/06 15:01:39   No CDS features found in record 'gnlProkkaGGEFLBJO_80', running gene finding.
DEBUG    18/06 15:01:39   Running prodigal based genefinding
DEBUG    18/06 15:01:39   prodigal found 11 CDS features
INFO     18/06 15:01:39   No CDS features found in record 'gnlProkkaGGEFLBJO_69', running gene finding.
DEBUG    18/06 15:01:39   Running prodigal based genefinding
DEBUG    18/06 15:01:39   prodigal found 7 CDS features
INFO     18/06 15:01:39   No CDS features found in record 'gnlProkkaGGEFLBJO_81', running gene finding.
DEBUG    18/06 15:01:39   Running prodigal based genefinding
DEBUG    18/06 15:01:39   prodigal found 4 CDS features
INFO     18/06 15:01:39   No CDS features found in record 'gnlProkkaGGEFLBJO_87', running gene finding.
DEBUG    18/06 15:01:39   Running prodigal based genefinding
DEBUG    18/06 15:01:39   prodigal found 10 CDS features
INFO     18/06 15:01:39   No CDS features found in record 'gnlProkkaGGEFLBJO_70', running gene finding.
DEBUG    18/06 15:01:39   Running prodigal based genefinding
DEBUG    18/06 15:01:39   prodigal found 5 CDS features
INFO     18/06 15:01:39   No CDS features found in record 'gnlProkkaGGEFLBJO_88', running gene finding.
DEBUG    18/06 15:01:39   Running prodigal based genefinding
DEBUG    18/06 15:01:39   prodigal found 5 CDS features
INFO     18/06 15:01:39   No CDS features found in record 'gnlProkkaGGEFLBJO_82', running gene finding.
DEBUG    18/06 15:01:39   Running prodigal based genefinding
DEBUG    18/06 15:01:39   prodigal found 18 CDS features
INFO     18/06 15:01:39   No CDS features found in record 'gnlProkkaGGEFLBJO_92', running gene finding.
DEBUG    18/06 15:01:39   Running prodigal based genefinding
DEBUG    18/06 15:01:39   prodigal found 6 CDS features
INFO     18/06 15:01:39   No CDS features found in record 'gnlProkkaGGEFLBJO_89', running gene finding.
DEBUG    18/06 15:01:39   Running prodigal based genefinding
DEBUG    18/06 15:01:39   prodigal found 11 CDS features
INFO     18/06 15:01:39   No CDS features found in record 'gnlProkkaGGEFLBJO_99', running gene finding.
DEBUG    18/06 15:01:39   Running prodigal based genefinding
DEBUG    18/06 15:01:39   prodigal found 3 CDS features
INFO     18/06 15:01:39   No CDS features found in record 'gnlProkkaGGEFLBJO_93', running gene finding.
DEBUG    18/06 15:01:39   Running prodigal based genefinding
DEBUG    18/06 15:01:39   prodigal found 4 CDS features
INFO     18/06 15:01:39   No CDS features found in record 'gnlProkkaGGEFLBJO_90', running gene finding.
DEBUG    18/06 15:01:39   Running prodigal based genefinding
DEBUG    18/06 15:01:39   prodigal found 4 CDS features
INFO     18/06 15:01:39   No CDS features found in record 'gnlProkkaGGEFLBJO_83', running gene finding.
DEBUG    18/06 15:01:39   Running prodigal based genefinding
DEBUG    18/06 15:01:39   prodigal found 2 CDS features
INFO     18/06 15:01:39   No CDS features found in record 'gnlProkkaGGEFLBJO_100', running gene finding.
DEBUG    18/06 15:01:39   Running prodigal based genefinding
DEBUG    18/06 15:01:39   prodigal found 3 CDS features
INFO     18/06 15:01:39   No CDS features found in record 'gnlProkkaGGEFLBJO_94', running gene finding.
DEBUG    18/06 15:01:39   Running prodigal based genefinding
DEBUG    18/06 15:01:39   prodigal found 2 CDS features
INFO     18/06 15:01:39   No CDS features found in record 'gnlProkkaGGEFLBJO_91', running gene finding.
DEBUG    18/06 15:01:39   Running prodigal based genefinding
DEBUG    18/06 15:01:39   prodigal found 2 CDS features
INFO     18/06 15:01:39   No CDS features found in record 'gnlProkkaGGEFLBJO_101', running gene finding.
DEBUG    18/06 15:01:39   Running prodigal based genefinding
DEBUG    18/06 15:01:39   prodigal found 8 CDS features
INFO     18/06 15:01:39   No CDS features found in record 'gnlProkkaGGEFLBJO_84', running gene finding.
DEBUG    18/06 15:01:39   Running prodigal based genefinding
DEBUG    18/06 15:01:39   prodigal found 1 CDS features
INFO     18/06 15:01:39   No CDS features found in record 'gnlProkkaGGEFLBJO_95', running gene finding.
DEBUG    18/06 15:01:39   Running prodigal based genefinding
DEBUG    18/06 15:01:39   prodigal found 0 CDS features
INFO     18/06 15:01:39   No genes found, skipping record 'gnlProkkaGGEFLBJO_91'
DEBUG    18/06 15:01:39   prodigal found 2 CDS features
INFO     18/06 15:01:39   No CDS features found in record 'gnlProkkaGGEFLBJO_102', running gene finding.
DEBUG    18/06 15:01:39   Running prodigal based genefinding
DEBUG    18/06 15:01:39   prodigal found 4 CDS features
INFO     18/06 15:01:39   No CDS features found in record 'gnlProkkaGGEFLBJO_96', running gene finding.
DEBUG    18/06 15:01:39   Running prodigal based genefinding
DEBUG    18/06 15:01:39   prodigal found 3 CDS features
DEBUG    18/06 15:01:39   prodigal found 1 CDS features
INFO     18/06 15:01:39   No CDS features found in record 'gnlProkkaGGEFLBJO_103', running gene finding.
DEBUG    18/06 15:01:39   Running prodigal based genefinding
DEBUG    18/06 15:01:39   prodigal found 3 CDS features
INFO     18/06 15:01:39   No CDS features found in record 'gnlProkkaGGEFLBJO_97', running gene finding.
DEBUG    18/06 15:01:39   Running prodigal based genefinding
DEBUG    18/06 15:01:39   prodigal found 2 CDS features
INFO     18/06 15:01:39   No CDS features found in record 'gnlProkkaGGEFLBJO_104', running gene finding.
DEBUG    18/06 15:01:39   Running prodigal based genefinding
DEBUG    18/06 15:01:39   prodigal found 3 CDS features
INFO     18/06 15:01:39   No CDS features found in record 'gnlProkkaGGEFLBJO_98', running gene finding.
DEBUG    18/06 15:01:39   Running prodigal based genefinding
DEBUG    18/06 15:01:39   prodigal found 1 CDS features
INFO     18/06 15:01:39   No CDS features found in record 'gnlProkkaGGEFLBJO_105', running gene finding.
DEBUG    18/06 15:01:39   Running prodigal based genefinding
DEBUG    18/06 15:01:39   prodigal found 2 CDS features
DEBUG    18/06 15:01:39   prodigal found 3 CDS features
INFO     18/06 15:01:39   Analysing record: gnlProkkaGGEFLBJO_1
INFO     18/06 15:01:39   Detecting secondary metabolite clusters
DEBUG    18/06 15:01:39   Checking if antismash.detection.hmm_detection should be run
INFO     18/06 15:01:39   Running antismash.detection.hmm_detection
INFO     18/06 15:01:39   HMM detection using strictness: relaxed
DEBUG    18/06 15:01:42   1 rule-based cluster(s) found in record
DEBUG    18/06 15:01:42   1 protoclusters found
DEBUG    18/06 15:01:42   0 subregions found
INFO     18/06 15:01:42   1 region(s) detected in record
DEBUG    18/06 15:01:42   Checking if antismash.detection.cluster_hmmer should be run
INFO     18/06 15:01:42   Running antismash.detection.cluster_hmmer
INFO     18/06 15:01:42   Running cluster PFAM search
DEBUG    18/06 15:01:45   Building name mapping for HMMer database Pfam-A.hmm
DEBUG    18/06 15:01:51   Building cutoff mapping for HMMer database /databases/pfam/35.0/Pfam-A.hmm
DEBUG    18/06 15:01:56   Adding detection results from antismash.detection.cluster_hmmer to record
DEBUG    18/06 15:01:56   Checking if antismash.detection.genefunctions should be run
INFO     18/06 15:01:56   Running antismash.detection.genefunctions
DEBUG    18/06 15:01:57   Adding detection results from antismash.detection.genefunctions to record
DEBUG    18/06 15:01:57   annotating CDS features with extras info: 0 CDSes
DEBUG    18/06 15:01:57   annotating CDS features with halogenases info: 0 CDSes
DEBUG    18/06 15:01:57   annotating CDS features with MITE info: 0 CDSes
DEBUG    18/06 15:01:57   annotating CDS features with resist info: 0 CDSes
DEBUG    18/06 15:01:57   annotating CDS features with smcogs info: 1 CDSes
DEBUG    18/06 15:01:57   Checking if antismash.detection.nrps_pks_domains should be run
INFO     18/06 15:01:57   Running antismash.detection.nrps_pks_domains
DEBUG    18/06 15:01:57   Marking NRPS/PKS CDS features and domains in clusters
DEBUG    18/06 15:01:57   Adding detection results from antismash.detection.nrps_pks_domains to record
DEBUG    18/06 15:01:57   Checking if antismash.detection.tigrfam should be run
INFO     18/06 15:01:57   Running antismash.detection.tigrfam
INFO     18/06 15:01:57   Running TIGRFam search
DEBUG    18/06 15:01:58   Adding detection results from antismash.detection.tigrfam to record
DEBUG    18/06 15:01:58   Checking if antismash.modules.active_site_finder should be run
INFO     18/06 15:01:58   Running antismash.modules.active_site_finder
DEBUG    18/06 15:01:58   Checking if antismash.modules.cluster_compare should be run
INFO     18/06 15:01:58   Running antismash.modules.cluster_compare
DEBUG    18/06 15:01:58   Loading comparison database: MIBiG
DEBUG    18/06 15:01:59   Comparison database loaded
INFO     18/06 15:01:59   Comparing regions to reference database
DEBUG    18/06 15:02:02   Checking if antismash.modules.clusterblast should be run
INFO     18/06 15:02:02   Running antismash.modules.clusterblast
INFO     18/06 15:02:02   Running ClusterBlast
INFO     18/06 15:02:02   ClusterBlast: Loading gene cluster database into memory...
INFO     18/06 15:02:06   ClusterBlast: Loading gene cluster database proteins into memory...
INFO     18/06 15:02:37   Comparing regions to reference database
INFO     18/06 15:03:03   Running subcluster search
INFO     18/06 15:03:03   SubClusterBlast: Loading gene cluster database into memory...
INFO     18/06 15:03:03   SubClusterBlast: Loading gene cluster database proteins into memory...
INFO     18/06 15:03:04   Running known cluster search
INFO     18/06 15:03:04   KnownClusterBlast: Loading gene cluster database into memory...
INFO     18/06 15:03:04   KnownClusterBlast: Loading gene cluster database proteins into memory...
DEBUG    18/06 15:03:05   Running DIAMOND knowncluster searches..
INFO     18/06 15:03:05   Comparing regions to reference database
DEBUG    18/06 15:03:10   Checking if antismash.modules.lanthipeptides should be run
INFO     18/06 15:03:10   Running antismash.modules.lanthipeptides
DEBUG    18/06 15:03:10   Lanthipeptide module marked 0 motifs
DEBUG    18/06 15:03:10   Checking if antismash.modules.lassopeptides should be run
INFO     18/06 15:03:10   Running antismash.modules.lassopeptides
DEBUG    18/06 15:03:11   Lassopeptide module marked 0 motifs
DEBUG    18/06 15:03:11   Checking if antismash.modules.nrps_pks should be run
INFO     18/06 15:03:11   Running antismash.modules.nrps_pks
DEBUG    18/06 15:03:11   No NRPS or PKS genes found, skipping analysis
DEBUG    18/06 15:03:11   Checking if antismash.modules.pfam2go should be run
INFO     18/06 15:03:11   Running antismash.modules.pfam2go
DEBUG    18/06 15:03:11   Checking if antismash.modules.rrefinder should be run
INFO     18/06 15:03:11   Running antismash.modules.rrefinder
DEBUG    18/06 15:03:11   Checking if antismash.modules.sactipeptides should be run
INFO     18/06 15:03:11   Running antismash.modules.sactipeptides
DEBUG    18/06 15:03:11   Found no sactipeptide motifs
DEBUG    18/06 15:03:11   Checking if antismash.modules.t2pks should be run
INFO     18/06 15:03:11   Running antismash.modules.t2pks
DEBUG    18/06 15:03:11   No type II PKS clusters to analyze
DEBUG    18/06 15:03:11   Checking if antismash.modules.terpene should be run
INFO     18/06 15:03:11   Running antismash.modules.terpene
DEBUG    18/06 15:03:11   No terpene clusters to analyse
DEBUG    18/06 15:03:11   Checking if antismash.modules.tfbs_finder should be run
INFO     18/06 15:03:11   Running antismash.modules.tfbs_finder
DEBUG    18/06 15:03:11   Checking if antismash.modules.thiopeptides should be run
INFO     18/06 15:03:11   Running antismash.modules.thiopeptides
DEBUG    18/06 15:03:11   Thiopeptides marked 0 motifs
DEBUG    18/06 15:03:11   Checking if antismash.modules.tta should be run
INFO     18/06 15:03:11   Running antismash.modules.tta
INFO     18/06 15:03:11   Skipping TTA codon detection, GC content too low: 44%
INFO     18/06 15:03:11   Analysing record: gnlProkkaGGEFLBJO_2
INFO     18/06 15:03:11   Detecting secondary metabolite clusters
DEBUG    18/06 15:03:11   Checking if antismash.detection.hmm_detection should be run
INFO     18/06 15:03:11   Running antismash.detection.hmm_detection
INFO     18/06 15:03:11   HMM detection using strictness: relaxed
DEBUG    18/06 15:03:13   0 rule-based cluster(s) found in record
DEBUG    18/06 15:03:13   0 protoclusters found
DEBUG    18/06 15:03:13   0 subregions found
INFO     18/06 15:03:13   No regions detected, skipping record
INFO     18/06 15:03:13   Analysing record: gnlProkkaGGEFLBJO_3
INFO     18/06 15:03:13   Detecting secondary metabolite clusters
DEBUG    18/06 15:03:13   Checking if antismash.detection.hmm_detection should be run
INFO     18/06 15:03:13   Running antismash.detection.hmm_detection
INFO     18/06 15:03:13   HMM detection using strictness: relaxed
DEBUG    18/06 15:03:15   0 rule-based cluster(s) found in record
DEBUG    18/06 15:03:15   0 protoclusters found
DEBUG    18/06 15:03:15   0 subregions found
INFO     18/06 15:03:15   No regions detected, skipping record
INFO     18/06 15:03:15   Analysing record: gnlProkkaGGEFLBJO_4
INFO     18/06 15:03:15   Detecting secondary metabolite clusters
DEBUG    18/06 15:03:15   Checking if antismash.detection.hmm_detection should be run
INFO     18/06 15:03:15   Running antismash.detection.hmm_detection
INFO     18/06 15:03:15   HMM detection using strictness: relaxed
DEBUG    18/06 15:03:17   0 rule-based cluster(s) found in record
DEBUG    18/06 15:03:17   0 protoclusters found
DEBUG    18/06 15:03:17   0 subregions found
INFO     18/06 15:03:17   No regions detected, skipping record
INFO     18/06 15:03:17   Analysing record: gnlProkkaGGEFLBJO_5
INFO     18/06 15:03:17   Detecting secondary metabolite clusters
DEBUG    18/06 15:03:17   Checking if antismash.detection.hmm_detection should be run
INFO     18/06 15:03:17   Running antismash.detection.hmm_detection
INFO     18/06 15:03:17   HMM detection using strictness: relaxed
DEBUG    18/06 15:03:19   0 rule-based cluster(s) found in record
DEBUG    18/06 15:03:19   0 protoclusters found
DEBUG    18/06 15:03:19   0 subregions found
INFO     18/06 15:03:19   No regions detected, skipping record
INFO     18/06 15:03:19   Analysing record: gnlProkkaGGEFLBJO_6
INFO     18/06 15:03:19   Detecting secondary metabolite clusters
DEBUG    18/06 15:03:19   Checking if antismash.detection.hmm_detection should be run
INFO     18/06 15:03:19   Running antismash.detection.hmm_detection
INFO     18/06 15:03:19   HMM detection using strictness: relaxed
DEBUG    18/06 15:03:20   0 rule-based cluster(s) found in record
DEBUG    18/06 15:03:20   0 protoclusters found
DEBUG    18/06 15:03:20   0 subregions found
INFO     18/06 15:03:20   No regions detected, skipping record
INFO     18/06 15:03:20   Analysing record: gnlProkkaGGEFLBJO_7
INFO     18/06 15:03:20   Detecting secondary metabolite clusters
DEBUG    18/06 15:03:20   Checking if antismash.detection.hmm_detection should be run
INFO     18/06 15:03:20   Running antismash.detection.hmm_detection
INFO     18/06 15:03:20   HMM detection using strictness: relaxed
DEBUG    18/06 15:03:25   4 rule-based cluster(s) found in record
DEBUG    18/06 15:03:25   4 protoclusters found
DEBUG    18/06 15:03:25   0 subregions found
INFO     18/06 15:03:25   1 region(s) detected in record
DEBUG    18/06 15:03:25   Checking if antismash.detection.cluster_hmmer should be run
INFO     18/06 15:03:25   Running antismash.detection.cluster_hmmer
INFO     18/06 15:03:25   Running cluster PFAM search
DEBUG    18/06 15:03:50   Adding detection results from antismash.detection.cluster_hmmer to record
DEBUG    18/06 15:03:50   Checking if antismash.detection.genefunctions should be run
INFO     18/06 15:03:50   Running antismash.detection.genefunctions
DEBUG    18/06 15:03:54   Adding detection results from antismash.detection.genefunctions to record
DEBUG    18/06 15:03:54   annotating CDS features with extras info: 0 CDSes
DEBUG    18/06 15:03:54   annotating CDS features with halogenases info: 0 CDSes
DEBUG    18/06 15:03:54   annotating CDS features with MITE info: 0 CDSes
DEBUG    18/06 15:03:54   annotating CDS features with resist info: 0 CDSes
DEBUG    18/06 15:03:54   annotating CDS features with smcogs info: 32 CDSes
DEBUG    18/06 15:03:54   Checking if antismash.detection.nrps_pks_domains should be run
INFO     18/06 15:03:54   Running antismash.detection.nrps_pks_domains
DEBUG    18/06 15:03:54   Marking NRPS/PKS CDS features and domains in clusters
DEBUG    18/06 15:03:56   Adding detection results from antismash.detection.nrps_pks_domains to record
DEBUG    18/06 15:03:56   Checking if antismash.detection.tigrfam should be run
INFO     18/06 15:03:56   Running antismash.detection.tigrfam
INFO     18/06 15:03:56   Running TIGRFam search
DEBUG    18/06 15:04:05   Building name mapping for HMMer database TIGRFam.hmm
DEBUG    18/06 15:04:08   Adding detection results from antismash.detection.tigrfam to record
DEBUG    18/06 15:04:08   Checking if antismash.modules.active_site_finder should be run
INFO     18/06 15:04:08   Running antismash.modules.active_site_finder
DEBUG    18/06 15:04:08   Checking if antismash.modules.cluster_compare should be run
INFO     18/06 15:04:08   Running antismash.modules.cluster_compare
DEBUG    18/06 15:04:08   Loading comparison database: MIBiG
DEBUG    18/06 15:04:08   Comparison database loaded
INFO     18/06 15:04:08   Comparing regions to reference database
DEBUG    18/06 15:04:12   Checking if antismash.modules.clusterblast should be run
INFO     18/06 15:04:12   Running antismash.modules.clusterblast
INFO     18/06 15:04:12   Running ClusterBlast
INFO     18/06 15:04:12   ClusterBlast: Loading gene cluster database into memory...
INFO     18/06 15:04:15   ClusterBlast: Loading gene cluster database proteins into memory...
INFO     18/06 15:04:46   Comparing regions to reference database
INFO     18/06 15:05:45   Running subcluster search
INFO     18/06 15:05:45   SubClusterBlast: Loading gene cluster database into memory...
INFO     18/06 15:05:45   SubClusterBlast: Loading gene cluster database proteins into memory...
INFO     18/06 15:05:46   Running known cluster search
INFO     18/06 15:05:46   KnownClusterBlast: Loading gene cluster database into memory...
INFO     18/06 15:05:46   KnownClusterBlast: Loading gene cluster database proteins into memory...
DEBUG    18/06 15:05:46   Running DIAMOND knowncluster searches..
INFO     18/06 15:05:46   Comparing regions to reference database
DEBUG    18/06 15:05:54   Checking if antismash.modules.lanthipeptides should be run
INFO     18/06 15:05:54   Running antismash.modules.lanthipeptides
DEBUG    18/06 15:05:54   Lanthipeptide module marked 0 motifs
DEBUG    18/06 15:05:54   Checking if antismash.modules.lassopeptides should be run
INFO     18/06 15:05:54   Running antismash.modules.lassopeptides
DEBUG    18/06 15:05:54   Lassopeptide module marked 0 motifs
DEBUG    18/06 15:05:54   Checking if antismash.modules.nrps_pks should be run
INFO     18/06 15:05:54   Running antismash.modules.nrps_pks
INFO     18/06 15:05:54   Predicting A domain substrate specificities with nrpys
INFO     18/06 15:05:55   Predicting NRPS C domain activity using active site motifs
INFO     18/06 15:05:57   Predicting PKS AT domain substrate specificities by Yadav et al. PKS signature sequences
INFO     18/06 15:05:57   Predicting PKS AT domain substrate specificities by Minowa et al. method
INFO     18/06 15:05:57   Predicting CAL domain substrate specificities by Minowa et al. method
INFO     18/06 15:05:57   Predicting PKS KR activity and stereochemistry using KR fingerprints from Starcevic et al.
DEBUG    18/06 15:05:58   CandidateCluster 1 monomer ordering method: colinear
DEBUG    18/06 15:05:58   Checking if antismash.modules.pfam2go should be run
INFO     18/06 15:05:58   Running antismash.modules.pfam2go
DEBUG    18/06 15:05:58   Checking if antismash.modules.rrefinder should be run
INFO     18/06 15:05:58   Running antismash.modules.rrefinder
DEBUG    18/06 15:05:58   Checking if antismash.modules.sactipeptides should be run
INFO     18/06 15:05:58   Running antismash.modules.sactipeptides
DEBUG    18/06 15:05:58   Found no sactipeptide motifs
DEBUG    18/06 15:05:58   Checking if antismash.modules.t2pks should be run
INFO     18/06 15:05:58   Running antismash.modules.t2pks
DEBUG    18/06 15:05:58   No type II PKS clusters to analyze
DEBUG    18/06 15:05:58   Checking if antismash.modules.terpene should be run
INFO     18/06 15:05:58   Running antismash.modules.terpene
DEBUG    18/06 15:05:58   No terpene clusters to analyse
DEBUG    18/06 15:05:58   Checking if antismash.modules.tfbs_finder should be run
INFO     18/06 15:05:58   Running antismash.modules.tfbs_finder
DEBUG    18/06 15:05:59   Checking if antismash.modules.thiopeptides should be run
INFO     18/06 15:05:59   Running antismash.modules.thiopeptides
DEBUG    18/06 15:05:59   Thiopeptides marked 0 motifs
DEBUG    18/06 15:05:59   Checking if antismash.modules.tta should be run
INFO     18/06 15:05:59   Running antismash.modules.tta
INFO     18/06 15:05:59   Skipping TTA codon detection, GC content too low: 45%
INFO     18/06 15:05:59   Analysing record: gnlProkkaGGEFLBJO_8
INFO     18/06 15:05:59   Detecting secondary metabolite clusters
DEBUG    18/06 15:05:59   Checking if antismash.detection.hmm_detection should be run
INFO     18/06 15:05:59   Running antismash.detection.hmm_detection
INFO     18/06 15:05:59   HMM detection using strictness: relaxed
DEBUG    18/06 15:06:01   1 rule-based cluster(s) found in record
DEBUG    18/06 15:06:01   1 protoclusters found
DEBUG    18/06 15:06:01   0 subregions found
INFO     18/06 15:06:01   1 region(s) detected in record
DEBUG    18/06 15:06:01   Checking if antismash.detection.cluster_hmmer should be run
INFO     18/06 15:06:01   Running antismash.detection.cluster_hmmer
INFO     18/06 15:06:01   Running cluster PFAM search
DEBUG    18/06 15:06:18   Adding detection results from antismash.detection.cluster_hmmer to record
DEBUG    18/06 15:06:18   Checking if antismash.detection.genefunctions should be run
INFO     18/06 15:06:18   Running antismash.detection.genefunctions
DEBUG    18/06 15:06:21   Adding detection results from antismash.detection.genefunctions to record
DEBUG    18/06 15:06:21   annotating CDS features with extras info: 0 CDSes
DEBUG    18/06 15:06:21   annotating CDS features with halogenases info: 0 CDSes
DEBUG    18/06 15:06:21   annotating CDS features with MITE info: 0 CDSes
DEBUG    18/06 15:06:21   annotating CDS features with resist info: 0 CDSes
DEBUG    18/06 15:06:21   annotating CDS features with smcogs info: 10 CDSes
DEBUG    18/06 15:06:21   Checking if antismash.detection.nrps_pks_domains should be run
INFO     18/06 15:06:21   Running antismash.detection.nrps_pks_domains
DEBUG    18/06 15:06:21   Marking NRPS/PKS CDS features and domains in clusters
DEBUG    18/06 15:06:21   Adding detection results from antismash.detection.nrps_pks_domains to record
DEBUG    18/06 15:06:21   Checking if antismash.detection.tigrfam should be run
INFO     18/06 15:06:21   Running antismash.detection.tigrfam
INFO     18/06 15:06:21   Running TIGRFam search
DEBUG    18/06 15:06:26   Adding detection results from antismash.detection.tigrfam to record
DEBUG    18/06 15:06:26   Checking if antismash.modules.active_site_finder should be run
INFO     18/06 15:06:26   Running antismash.modules.active_site_finder
DEBUG    18/06 15:06:26   Checking if antismash.modules.cluster_compare should be run
INFO     18/06 15:06:26   Running antismash.modules.cluster_compare
DEBUG    18/06 15:06:26   Loading comparison database: MIBiG
DEBUG    18/06 15:06:26   Comparison database loaded
INFO     18/06 15:06:26   Comparing regions to reference database
DEBUG    18/06 15:06:29   Checking if antismash.modules.clusterblast should be run
INFO     18/06 15:06:29   Running antismash.modules.clusterblast
INFO     18/06 15:06:29   Running ClusterBlast
INFO     18/06 15:06:29   ClusterBlast: Loading gene cluster database into memory...
INFO     18/06 15:06:32   ClusterBlast: Loading gene cluster database proteins into memory...
INFO     18/06 15:07:01   Comparing regions to reference database
INFO     18/06 15:07:30   Running subcluster search
INFO     18/06 15:07:30   SubClusterBlast: Loading gene cluster database into memory...
INFO     18/06 15:07:30   SubClusterBlast: Loading gene cluster database proteins into memory...
INFO     18/06 15:07:31   Running known cluster search
INFO     18/06 15:07:31   KnownClusterBlast: Loading gene cluster database into memory...
INFO     18/06 15:07:31   KnownClusterBlast: Loading gene cluster database proteins into memory...
DEBUG    18/06 15:07:31   Running DIAMOND knowncluster searches..
INFO     18/06 15:07:31   Comparing regions to reference database
DEBUG    18/06 15:07:38   Checking if antismash.modules.lanthipeptides should be run
INFO     18/06 15:07:38   Running antismash.modules.lanthipeptides
DEBUG    18/06 15:07:38   Lanthipeptide module marked 0 motifs
DEBUG    18/06 15:07:38   Checking if antismash.modules.lassopeptides should be run
INFO     18/06 15:07:38   Running antismash.modules.lassopeptides
DEBUG    18/06 15:07:38   Lassopeptide module marked 0 motifs
DEBUG    18/06 15:07:38   Checking if antismash.modules.nrps_pks should be run
INFO     18/06 15:07:38   Running antismash.modules.nrps_pks
INFO     18/06 15:07:38   Predicting A domain substrate specificities with nrpys
INFO     18/06 15:07:38   Predicting NRPS C domain activity using active site motifs
INFO     18/06 15:07:38   Predicting CAL domain substrate specificities by Minowa et al. method
INFO     18/06 15:07:38   Predicting PKS KR activity and stereochemistry using KR fingerprints from Starcevic et al.
DEBUG    18/06 15:07:38   CandidateCluster 1 monomer ordering method: colinear
DEBUG    18/06 15:07:38   Checking if antismash.modules.pfam2go should be run
INFO     18/06 15:07:38   Running antismash.modules.pfam2go
DEBUG    18/06 15:07:38   Checking if antismash.modules.rrefinder should be run
INFO     18/06 15:07:38   Running antismash.modules.rrefinder
DEBUG    18/06 15:07:38   Checking if antismash.modules.sactipeptides should be run
INFO     18/06 15:07:38   Running antismash.modules.sactipeptides
DEBUG    18/06 15:07:38   Found no sactipeptide motifs
DEBUG    18/06 15:07:39   Checking if antismash.modules.t2pks should be run
INFO     18/06 15:07:39   Running antismash.modules.t2pks
DEBUG    18/06 15:07:39   No type II PKS clusters to analyze
DEBUG    18/06 15:07:39   Checking if antismash.modules.terpene should be run
INFO     18/06 15:07:39   Running antismash.modules.terpene
DEBUG    18/06 15:07:39   No terpene clusters to analyse
DEBUG    18/06 15:07:39   Checking if antismash.modules.tfbs_finder should be run
INFO     18/06 15:07:39   Running antismash.modules.tfbs_finder
DEBUG    18/06 15:07:39   Checking if antismash.modules.thiopeptides should be run
INFO     18/06 15:07:39   Running antismash.modules.thiopeptides
DEBUG    18/06 15:07:39   Thiopeptides marked 0 motifs
DEBUG    18/06 15:07:39   Checking if antismash.modules.tta should be run
INFO     18/06 15:07:39   Running antismash.modules.tta
INFO     18/06 15:07:39   Skipping TTA codon detection, GC content too low: 44%
INFO     18/06 15:07:39   Analysing record: gnlProkkaGGEFLBJO_9
INFO     18/06 15:07:39   Detecting secondary metabolite clusters
DEBUG    18/06 15:07:39   Checking if antismash.detection.hmm_detection should be run
INFO     18/06 15:07:39   Running antismash.detection.hmm_detection
INFO     18/06 15:07:39   HMM detection using strictness: relaxed
DEBUG    18/06 15:07:40   1 rule-based cluster(s) found in record
DEBUG    18/06 15:07:40   1 protoclusters found
DEBUG    18/06 15:07:40   0 subregions found
INFO     18/06 15:07:40   1 region(s) detected in record
DEBUG    18/06 15:07:40   Checking if antismash.detection.cluster_hmmer should be run
INFO     18/06 15:07:40   Running antismash.detection.cluster_hmmer
INFO     18/06 15:07:40   Running cluster PFAM search
DEBUG    18/06 15:07:44   Adding detection results from antismash.detection.cluster_hmmer to record
DEBUG    18/06 15:07:44   Checking if antismash.detection.genefunctions should be run
INFO     18/06 15:07:44   Running antismash.detection.genefunctions
DEBUG    18/06 15:07:45   Adding detection results from antismash.detection.genefunctions to record
DEBUG    18/06 15:07:45   annotating CDS features with extras info: 0 CDSes
DEBUG    18/06 15:07:45   annotating CDS features with halogenases info: 0 CDSes
DEBUG    18/06 15:07:45   annotating CDS features with MITE info: 0 CDSes
DEBUG    18/06 15:07:45   annotating CDS features with resist info: 0 CDSes
DEBUG    18/06 15:07:45   annotating CDS features with smcogs info: 3 CDSes
DEBUG    18/06 15:07:45   Checking if antismash.detection.nrps_pks_domains should be run
INFO     18/06 15:07:45   Running antismash.detection.nrps_pks_domains
DEBUG    18/06 15:07:45   Marking NRPS/PKS CDS features and domains in clusters
DEBUG    18/06 15:07:45   Adding detection results from antismash.detection.nrps_pks_domains to record
DEBUG    18/06 15:07:45   Checking if antismash.detection.tigrfam should be run
INFO     18/06 15:07:45   Running antismash.detection.tigrfam
INFO     18/06 15:07:45   Running TIGRFam search
DEBUG    18/06 15:07:47   Adding detection results from antismash.detection.tigrfam to record
DEBUG    18/06 15:07:47   Checking if antismash.modules.active_site_finder should be run
INFO     18/06 15:07:47   Running antismash.modules.active_site_finder
DEBUG    18/06 15:07:47   Checking if antismash.modules.cluster_compare should be run
INFO     18/06 15:07:47   Running antismash.modules.cluster_compare
DEBUG    18/06 15:07:47   Loading comparison database: MIBiG
DEBUG    18/06 15:07:47   Comparison database loaded
INFO     18/06 15:07:47   Comparing regions to reference database
DEBUG    18/06 15:07:49   Checking if antismash.modules.clusterblast should be run
INFO     18/06 15:07:49   Running antismash.modules.clusterblast
INFO     18/06 15:07:49   Running ClusterBlast
INFO     18/06 15:07:49   ClusterBlast: Loading gene cluster database into memory...
INFO     18/06 15:07:54   ClusterBlast: Loading gene cluster database proteins into memory...
INFO     18/06 15:08:23   Comparing regions to reference database
INFO     18/06 15:08:51   Running subcluster search
INFO     18/06 15:08:51   SubClusterBlast: Loading gene cluster database into memory...
INFO     18/06 15:08:51   SubClusterBlast: Loading gene cluster database proteins into memory...
INFO     18/06 15:08:52   Running known cluster search
INFO     18/06 15:08:52   KnownClusterBlast: Loading gene cluster database into memory...
INFO     18/06 15:08:52   KnownClusterBlast: Loading gene cluster database proteins into memory...
DEBUG    18/06 15:08:52   Running DIAMOND knowncluster searches..
INFO     18/06 15:08:52   Comparing regions to reference database
DEBUG    18/06 15:08:57   Checking if antismash.modules.lanthipeptides should be run
INFO     18/06 15:08:57   Running antismash.modules.lanthipeptides
DEBUG    18/06 15:08:57   Lanthipeptide module marked 0 motifs
DEBUG    18/06 15:08:57   Checking if antismash.modules.lassopeptides should be run
INFO     18/06 15:08:57   Running antismash.modules.lassopeptides
DEBUG    18/06 15:08:57   Lassopeptide module marked 0 motifs
DEBUG    18/06 15:08:57   Checking if antismash.modules.nrps_pks should be run
INFO     18/06 15:08:57   Running antismash.modules.nrps_pks
INFO     18/06 15:08:57   Predicting NRPS C domain activity using active site motifs
DEBUG    18/06 15:08:57   Checking if antismash.modules.pfam2go should be run
INFO     18/06 15:08:57   Running antismash.modules.pfam2go
DEBUG    18/06 15:08:57   Checking if antismash.modules.rrefinder should be run
INFO     18/06 15:08:57   Running antismash.modules.rrefinder
DEBUG    18/06 15:08:57   Checking if antismash.modules.sactipeptides should be run
INFO     18/06 15:08:57   Running antismash.modules.sactipeptides
DEBUG    18/06 15:08:57   Found no sactipeptide motifs
DEBUG    18/06 15:08:57   Checking if antismash.modules.t2pks should be run
INFO     18/06 15:08:57   Running antismash.modules.t2pks
DEBUG    18/06 15:08:57   No type II PKS clusters to analyze
DEBUG    18/06 15:08:57   Checking if antismash.modules.terpene should be run
INFO     18/06 15:08:57   Running antismash.modules.terpene
DEBUG    18/06 15:08:57   No terpene clusters to analyse
DEBUG    18/06 15:08:57   Checking if antismash.modules.tfbs_finder should be run
INFO     18/06 15:08:57   Running antismash.modules.tfbs_finder
DEBUG    18/06 15:08:58   Checking if antismash.modules.thiopeptides should be run
INFO     18/06 15:08:58   Running antismash.modules.thiopeptides
DEBUG    18/06 15:08:58   Thiopeptides marked 0 motifs
DEBUG    18/06 15:08:58   Checking if antismash.modules.tta should be run
INFO     18/06 15:08:58   Running antismash.modules.tta
INFO     18/06 15:08:58   Skipping TTA codon detection, GC content too low: 45%
INFO     18/06 15:08:58   Analysing record: gnlProkkaGGEFLBJO_10
INFO     18/06 15:08:58   Detecting secondary metabolite clusters
DEBUG    18/06 15:08:58   Checking if antismash.detection.hmm_detection should be run
INFO     18/06 15:08:58   Running antismash.detection.hmm_detection
INFO     18/06 15:08:58   HMM detection using strictness: relaxed
DEBUG    18/06 15:09:03   4 rule-based cluster(s) found in record
DEBUG    18/06 15:09:03   4 protoclusters found
DEBUG    18/06 15:09:03   0 subregions found
INFO     18/06 15:09:03   2 region(s) detected in record
DEBUG    18/06 15:09:03   Checking if antismash.detection.cluster_hmmer should be run
INFO     18/06 15:09:03   Running antismash.detection.cluster_hmmer
INFO     18/06 15:09:03   Running cluster PFAM search
DEBUG    18/06 15:09:27   Adding detection results from antismash.detection.cluster_hmmer to record
DEBUG    18/06 15:09:27   Checking if antismash.detection.genefunctions should be run
INFO     18/06 15:09:27   Running antismash.detection.genefunctions
DEBUG    18/06 15:09:30   Adding detection results from antismash.detection.genefunctions to record
DEBUG    18/06 15:09:30   annotating CDS features with extras info: 0 CDSes
DEBUG    18/06 15:09:30   annotating CDS features with halogenases info: 0 CDSes
DEBUG    18/06 15:09:30   annotating CDS features with MITE info: 0 CDSes
DEBUG    18/06 15:09:30   annotating CDS features with resist info: 0 CDSes
DEBUG    18/06 15:09:30   annotating CDS features with smcogs info: 23 CDSes
DEBUG    18/06 15:09:30   Checking if antismash.detection.nrps_pks_domains should be run
INFO     18/06 15:09:30   Running antismash.detection.nrps_pks_domains
DEBUG    18/06 15:09:30   Marking NRPS/PKS CDS features and domains in clusters
DEBUG    18/06 15:09:31   Adding detection results from antismash.detection.nrps_pks_domains to record
DEBUG    18/06 15:09:31   Checking if antismash.detection.tigrfam should be run
INFO     18/06 15:09:31   Running antismash.detection.tigrfam
INFO     18/06 15:09:31   Running TIGRFam search
DEBUG    18/06 15:09:40   Adding detection results from antismash.detection.tigrfam to record
DEBUG    18/06 15:09:40   Checking if antismash.modules.active_site_finder should be run
INFO     18/06 15:09:40   Running antismash.modules.active_site_finder
DEBUG    18/06 15:09:40   Checking if antismash.modules.cluster_compare should be run
INFO     18/06 15:09:40   Running antismash.modules.cluster_compare
DEBUG    18/06 15:09:40   Loading comparison database: MIBiG
DEBUG    18/06 15:09:40   Comparison database loaded
INFO     18/06 15:09:40   Comparing regions to reference database
DEBUG    18/06 15:09:44   Checking if antismash.modules.clusterblast should be run
INFO     18/06 15:09:44   Running antismash.modules.clusterblast
INFO     18/06 15:09:44   Running ClusterBlast
INFO     18/06 15:09:44   ClusterBlast: Loading gene cluster database into memory...
INFO     18/06 15:09:46   ClusterBlast: Loading gene cluster database proteins into memory...
INFO     18/06 15:10:15   Comparing regions to reference database
INFO     18/06 15:10:57   Running subcluster search
INFO     18/06 15:10:57   SubClusterBlast: Loading gene cluster database into memory...
INFO     18/06 15:10:57   SubClusterBlast: Loading gene cluster database proteins into memory...
INFO     18/06 15:10:59   Running known cluster search
INFO     18/06 15:10:59   KnownClusterBlast: Loading gene cluster database into memory...
INFO     18/06 15:10:59   KnownClusterBlast: Loading gene cluster database proteins into memory...
DEBUG    18/06 15:10:59   Running DIAMOND knowncluster searches..
INFO     18/06 15:10:59   Comparing regions to reference database
DEBUG    18/06 15:11:05   Checking if antismash.modules.lanthipeptides should be run
INFO     18/06 15:11:05   Running antismash.modules.lanthipeptides
DEBUG    18/06 15:11:05   Lanthipeptide module marked 0 motifs
DEBUG    18/06 15:11:05   Checking if antismash.modules.lassopeptides should be run
INFO     18/06 15:11:05   Running antismash.modules.lassopeptides
DEBUG    18/06 15:11:05   Lassopeptide module marked 0 motifs
DEBUG    18/06 15:11:05   Checking if antismash.modules.nrps_pks should be run
INFO     18/06 15:11:05   Running antismash.modules.nrps_pks
INFO     18/06 15:11:05   Predicting A domain substrate specificities with nrpys
INFO     18/06 15:11:06   Predicting NRPS C domain activity using active site motifs
INFO     18/06 15:11:06   Predicting PKS AT domain substrate specificities by Yadav et al. PKS signature sequences
INFO     18/06 15:11:06   Predicting PKS AT domain substrate specificities by Minowa et al. method
INFO     18/06 15:11:07   Predicting CAL domain substrate specificities by Minowa et al. method
INFO     18/06 15:11:07   Predicting PKS KR activity and stereochemistry using KR fingerprints from Starcevic et al.
DEBUG    18/06 15:11:07   CandidateCluster 2 monomer ordering method: colinear
DEBUG    18/06 15:11:07   CandidateCluster 3 monomer ordering method: colinear
DEBUG    18/06 15:11:07   CandidateCluster 4 monomer ordering method: colinear
DEBUG    18/06 15:11:07   Checking if antismash.modules.pfam2go should be run
INFO     18/06 15:11:07   Running antismash.modules.pfam2go
DEBUG    18/06 15:11:07   Checking if antismash.modules.rrefinder should be run
INFO     18/06 15:11:07   Running antismash.modules.rrefinder
DEBUG    18/06 15:11:07   Checking if antismash.modules.sactipeptides should be run
INFO     18/06 15:11:07   Running antismash.modules.sactipeptides
DEBUG    18/06 15:11:07   Found no sactipeptide motifs
DEBUG    18/06 15:11:07   Checking if antismash.modules.t2pks should be run
INFO     18/06 15:11:07   Running antismash.modules.t2pks
DEBUG    18/06 15:11:07   No type II PKS clusters to analyze
DEBUG    18/06 15:11:07   Checking if antismash.modules.terpene should be run
INFO     18/06 15:11:07   Running antismash.modules.terpene
DEBUG    18/06 15:11:07   No terpene clusters to analyse
DEBUG    18/06 15:11:07   Checking if antismash.modules.tfbs_finder should be run
INFO     18/06 15:11:07   Running antismash.modules.tfbs_finder
DEBUG    18/06 15:11:08   Checking if antismash.modules.thiopeptides should be run
INFO     18/06 15:11:08   Running antismash.modules.thiopeptides
DEBUG    18/06 15:11:08   Thiopeptides marked 0 motifs
DEBUG    18/06 15:11:08   Checking if antismash.modules.tta should be run
INFO     18/06 15:11:08   Running antismash.modules.tta
INFO     18/06 15:11:08   Skipping TTA codon detection, GC content too low: 43%
INFO     18/06 15:11:08   Analysing record: gnlProkkaGGEFLBJO_11
INFO     18/06 15:11:08   Detecting secondary metabolite clusters
DEBUG    18/06 15:11:08   Checking if antismash.detection.hmm_detection should be run
INFO     18/06 15:11:08   Running antismash.detection.hmm_detection
INFO     18/06 15:11:08   HMM detection using strictness: relaxed
DEBUG    18/06 15:11:09   1 rule-based cluster(s) found in record
DEBUG    18/06 15:11:09   1 protoclusters found
DEBUG    18/06 15:11:09   0 subregions found
INFO     18/06 15:11:09   1 region(s) detected in record
DEBUG    18/06 15:11:09   Checking if antismash.detection.cluster_hmmer should be run
INFO     18/06 15:11:09   Running antismash.detection.cluster_hmmer
INFO     18/06 15:11:09   Running cluster PFAM search
DEBUG    18/06 15:11:17   Adding detection results from antismash.detection.cluster_hmmer to record
DEBUG    18/06 15:11:17   Checking if antismash.detection.genefunctions should be run
INFO     18/06 15:11:17   Running antismash.detection.genefunctions
DEBUG    18/06 15:11:19   Adding detection results from antismash.detection.genefunctions to record
DEBUG    18/06 15:11:19   annotating CDS features with extras info: 0 CDSes
DEBUG    18/06 15:11:19   annotating CDS features with halogenases info: 0 CDSes
DEBUG    18/06 15:11:19   annotating CDS features with MITE info: 0 CDSes
DEBUG    18/06 15:11:19   annotating CDS features with resist info: 0 CDSes
DEBUG    18/06 15:11:19   annotating CDS features with smcogs info: 5 CDSes
DEBUG    18/06 15:11:19   Checking if antismash.detection.nrps_pks_domains should be run
INFO     18/06 15:11:19   Running antismash.detection.nrps_pks_domains
DEBUG    18/06 15:11:19   Marking NRPS/PKS CDS features and domains in clusters
DEBUG    18/06 15:11:19   Adding detection results from antismash.detection.nrps_pks_domains to record
DEBUG    18/06 15:11:19   Checking if antismash.detection.tigrfam should be run
INFO     18/06 15:11:19   Running antismash.detection.tigrfam
INFO     18/06 15:11:19   Running TIGRFam search
DEBUG    18/06 15:11:22   Adding detection results from antismash.detection.tigrfam to record
DEBUG    18/06 15:11:22   Checking if antismash.modules.active_site_finder should be run
INFO     18/06 15:11:22   Running antismash.modules.active_site_finder
DEBUG    18/06 15:11:22   Checking if antismash.modules.cluster_compare should be run
INFO     18/06 15:11:22   Running antismash.modules.cluster_compare
DEBUG    18/06 15:11:22   Loading comparison database: MIBiG
DEBUG    18/06 15:11:22   Comparison database loaded
INFO     18/06 15:11:22   Comparing regions to reference database
DEBUG    18/06 15:11:25   Checking if antismash.modules.clusterblast should be run
INFO     18/06 15:11:25   Running antismash.modules.clusterblast
INFO     18/06 15:11:25   Running ClusterBlast
INFO     18/06 15:11:25   ClusterBlast: Loading gene cluster database into memory...
INFO     18/06 15:11:28   ClusterBlast: Loading gene cluster database proteins into memory...
INFO     18/06 15:11:57   Comparing regions to reference database
INFO     18/06 15:12:22   Running subcluster search
INFO     18/06 15:12:22   SubClusterBlast: Loading gene cluster database into memory...
INFO     18/06 15:12:22   SubClusterBlast: Loading gene cluster database proteins into memory...
INFO     18/06 15:12:23   Running known cluster search
INFO     18/06 15:12:23   KnownClusterBlast: Loading gene cluster database into memory...
INFO     18/06 15:12:23   KnownClusterBlast: Loading gene cluster database proteins into memory...
DEBUG    18/06 15:12:23   Running DIAMOND knowncluster searches..
INFO     18/06 15:12:23   Comparing regions to reference database
DEBUG    18/06 15:12:29   Checking if antismash.modules.lanthipeptides should be run
INFO     18/06 15:12:29   Running antismash.modules.lanthipeptides
DEBUG    18/06 15:12:29   Lanthipeptide module marked 0 motifs
DEBUG    18/06 15:12:29   Checking if antismash.modules.lassopeptides should be run
INFO     18/06 15:12:29   Running antismash.modules.lassopeptides
DEBUG    18/06 15:12:29   Lassopeptide module marked 0 motifs
DEBUG    18/06 15:12:29   Checking if antismash.modules.nrps_pks should be run
INFO     18/06 15:12:29   Running antismash.modules.nrps_pks
DEBUG    18/06 15:12:29   No NRPS or PKS genes found, skipping analysis
DEBUG    18/06 15:12:29   Checking if antismash.modules.pfam2go should be run
INFO     18/06 15:12:29   Running antismash.modules.pfam2go
DEBUG    18/06 15:12:29   Checking if antismash.modules.rrefinder should be run
INFO     18/06 15:12:29   Running antismash.modules.rrefinder
DEBUG    18/06 15:12:29   Checking if antismash.modules.sactipeptides should be run
INFO     18/06 15:12:29   Running antismash.modules.sactipeptides
DEBUG    18/06 15:12:29   Found no sactipeptide motifs
DEBUG    18/06 15:12:30   Checking if antismash.modules.t2pks should be run
INFO     18/06 15:12:30   Running antismash.modules.t2pks
DEBUG    18/06 15:12:30   No type II PKS clusters to analyze
DEBUG    18/06 15:12:30   Checking if antismash.modules.terpene should be run
INFO     18/06 15:12:30   Running antismash.modules.terpene
INFO     18/06 15:12:30   Analysing terpene clusters
DEBUG    18/06 15:12:30   Checking if antismash.modules.tfbs_finder should be run
INFO     18/06 15:12:30   Running antismash.modules.tfbs_finder
DEBUG    18/06 15:12:30   Checking if antismash.modules.thiopeptides should be run
INFO     18/06 15:12:30   Running antismash.modules.thiopeptides
DEBUG    18/06 15:12:30   Thiopeptides marked 0 motifs
DEBUG    18/06 15:12:30   Checking if antismash.modules.tta should be run
INFO     18/06 15:12:30   Running antismash.modules.tta
INFO     18/06 15:12:30   Skipping TTA codon detection, GC content too low: 44%
INFO     18/06 15:12:30   Analysing record: gnlProkkaGGEFLBJO_12
INFO     18/06 15:12:30   Detecting secondary metabolite clusters
DEBUG    18/06 15:12:30   Checking if antismash.detection.hmm_detection should be run
INFO     18/06 15:12:30   Running antismash.detection.hmm_detection
INFO     18/06 15:12:30   HMM detection using strictness: relaxed
DEBUG    18/06 15:12:32   0 rule-based cluster(s) found in record
DEBUG    18/06 15:12:32   0 protoclusters found
DEBUG    18/06 15:12:32   0 subregions found
INFO     18/06 15:12:32   No regions detected, skipping record
INFO     18/06 15:12:32   Analysing record: gnlProkkaGGEFLBJO_13
INFO     18/06 15:12:32   Detecting secondary metabolite clusters
DEBUG    18/06 15:12:32   Checking if antismash.detection.hmm_detection should be run
INFO     18/06 15:12:32   Running antismash.detection.hmm_detection
INFO     18/06 15:12:32   HMM detection using strictness: relaxed
DEBUG    18/06 15:12:33   1 rule-based cluster(s) found in record
DEBUG    18/06 15:12:33   1 protoclusters found
DEBUG    18/06 15:12:33   0 subregions found
INFO     18/06 15:12:33   1 region(s) detected in record
DEBUG    18/06 15:12:33   Checking if antismash.detection.cluster_hmmer should be run
INFO     18/06 15:12:33   Running antismash.detection.cluster_hmmer
INFO     18/06 15:12:33   Running cluster PFAM search
DEBUG    18/06 15:12:49   Adding detection results from antismash.detection.cluster_hmmer to record
DEBUG    18/06 15:12:49   Checking if antismash.detection.genefunctions should be run
INFO     18/06 15:12:49   Running antismash.detection.genefunctions
DEBUG    18/06 15:12:51   Adding detection results from antismash.detection.genefunctions to record
DEBUG    18/06 15:12:51   annotating CDS features with extras info: 0 CDSes
DEBUG    18/06 15:12:51   annotating CDS features with halogenases info: 0 CDSes
DEBUG    18/06 15:12:51   annotating CDS features with MITE info: 0 CDSes
DEBUG    18/06 15:12:51   annotating CDS features with resist info: 0 CDSes
DEBUG    18/06 15:12:51   annotating CDS features with smcogs info: 16 CDSes
DEBUG    18/06 15:12:51   Checking if antismash.detection.nrps_pks_domains should be run
INFO     18/06 15:12:51   Running antismash.detection.nrps_pks_domains
DEBUG    18/06 15:12:51   Marking NRPS/PKS CDS features and domains in clusters
DEBUG    18/06 15:12:52   Adding detection results from antismash.detection.nrps_pks_domains to record
DEBUG    18/06 15:12:52   Checking if antismash.detection.tigrfam should be run
INFO     18/06 15:12:52   Running antismash.detection.tigrfam
INFO     18/06 15:12:52   Running TIGRFam search
DEBUG    18/06 15:12:57   Adding detection results from antismash.detection.tigrfam to record
DEBUG    18/06 15:12:57   Checking if antismash.modules.active_site_finder should be run
INFO     18/06 15:12:57   Running antismash.modules.active_site_finder
DEBUG    18/06 15:12:57   Checking if antismash.modules.cluster_compare should be run
INFO     18/06 15:12:57   Running antismash.modules.cluster_compare
DEBUG    18/06 15:12:57   Loading comparison database: MIBiG
DEBUG    18/06 15:12:57   Comparison database loaded
INFO     18/06 15:12:57   Comparing regions to reference database
DEBUG    18/06 15:13:00   Checking if antismash.modules.clusterblast should be run
INFO     18/06 15:13:00   Running antismash.modules.clusterblast
INFO     18/06 15:13:00   Running ClusterBlast
INFO     18/06 15:13:00   ClusterBlast: Loading gene cluster database into memory...
INFO     18/06 15:13:03   ClusterBlast: Loading gene cluster database proteins into memory...
INFO     18/06 15:13:32   Comparing regions to reference database
INFO     18/06 15:14:17   Running subcluster search
INFO     18/06 15:14:17   SubClusterBlast: Loading gene cluster database into memory...
INFO     18/06 15:14:17   SubClusterBlast: Loading gene cluster database proteins into memory...
INFO     18/06 15:14:18   Running known cluster search
INFO     18/06 15:14:18   KnownClusterBlast: Loading gene cluster database into memory...
INFO     18/06 15:14:18   KnownClusterBlast: Loading gene cluster database proteins into memory...
DEBUG    18/06 15:14:18   Running DIAMOND knowncluster searches..
INFO     18/06 15:14:18   Comparing regions to reference database
DEBUG    18/06 15:14:23   Checking if antismash.modules.lanthipeptides should be run
INFO     18/06 15:14:23   Running antismash.modules.lanthipeptides
DEBUG    18/06 15:14:23   Lanthipeptide module marked 0 motifs
DEBUG    18/06 15:14:23   Checking if antismash.modules.lassopeptides should be run
INFO     18/06 15:14:23   Running antismash.modules.lassopeptides
DEBUG    18/06 15:14:23   Lassopeptide module marked 0 motifs
DEBUG    18/06 15:14:23   Checking if antismash.modules.nrps_pks should be run
INFO     18/06 15:14:23   Running antismash.modules.nrps_pks
INFO     18/06 15:14:23   Predicting A domain substrate specificities with nrpys
INFO     18/06 15:14:23   Predicting NRPS C domain activity using active site motifs
DEBUG    18/06 15:14:24   CandidateCluster 1 monomer ordering method: colinear
DEBUG    18/06 15:14:24   Checking if antismash.modules.pfam2go should be run
INFO     18/06 15:14:24   Running antismash.modules.pfam2go
DEBUG    18/06 15:14:24   Checking if antismash.modules.rrefinder should be run
INFO     18/06 15:14:24   Running antismash.modules.rrefinder
DEBUG    18/06 15:14:24   Checking if antismash.modules.sactipeptides should be run
INFO     18/06 15:14:24   Running antismash.modules.sactipeptides
DEBUG    18/06 15:14:24   Found no sactipeptide motifs
DEBUG    18/06 15:14:24   Checking if antismash.modules.t2pks should be run
INFO     18/06 15:14:24   Running antismash.modules.t2pks
DEBUG    18/06 15:14:24   No type II PKS clusters to analyze
DEBUG    18/06 15:14:24   Checking if antismash.modules.terpene should be run
INFO     18/06 15:14:24   Running antismash.modules.terpene
DEBUG    18/06 15:14:24   No terpene clusters to analyse
DEBUG    18/06 15:14:24   Checking if antismash.modules.tfbs_finder should be run
INFO     18/06 15:14:24   Running antismash.modules.tfbs_finder
DEBUG    18/06 15:14:24   Checking if antismash.modules.thiopeptides should be run
INFO     18/06 15:14:24   Running antismash.modules.thiopeptides
DEBUG    18/06 15:14:24   Thiopeptides marked 0 motifs
DEBUG    18/06 15:14:24   Checking if antismash.modules.tta should be run
INFO     18/06 15:14:24   Running antismash.modules.tta
INFO     18/06 15:14:24   Skipping TTA codon detection, GC content too low: 43%
INFO     18/06 15:14:24   Analysing record: gnlProkkaGGEFLBJO_14
INFO     18/06 15:14:24   Detecting secondary metabolite clusters
DEBUG    18/06 15:14:24   Checking if antismash.detection.hmm_detection should be run
INFO     18/06 15:14:24   Running antismash.detection.hmm_detection
INFO     18/06 15:14:24   HMM detection using strictness: relaxed
DEBUG    18/06 15:14:26   1 rule-based cluster(s) found in record
DEBUG    18/06 15:14:26   1 protoclusters found
DEBUG    18/06 15:14:26   0 subregions found
INFO     18/06 15:14:26   1 region(s) detected in record
DEBUG    18/06 15:14:26   Checking if antismash.detection.cluster_hmmer should be run
INFO     18/06 15:14:26   Running antismash.detection.cluster_hmmer
INFO     18/06 15:14:26   Running cluster PFAM search
DEBUG    18/06 15:14:30   Adding detection results from antismash.detection.cluster_hmmer to record
DEBUG    18/06 15:14:30   Checking if antismash.detection.genefunctions should be run
INFO     18/06 15:14:30   Running antismash.detection.genefunctions
DEBUG    18/06 15:14:31   Adding detection results from antismash.detection.genefunctions to record
DEBUG    18/06 15:14:31   annotating CDS features with extras info: 0 CDSes
DEBUG    18/06 15:14:31   annotating CDS features with halogenases info: 0 CDSes
DEBUG    18/06 15:14:31   annotating CDS features with MITE info: 0 CDSes
DEBUG    18/06 15:14:31   annotating CDS features with resist info: 0 CDSes
DEBUG    18/06 15:14:31   annotating CDS features with smcogs info: 2 CDSes
DEBUG    18/06 15:14:31   Checking if antismash.detection.nrps_pks_domains should be run
INFO     18/06 15:14:31   Running antismash.detection.nrps_pks_domains
DEBUG    18/06 15:14:31   Marking NRPS/PKS CDS features and domains in clusters
DEBUG    18/06 15:14:32   Adding detection results from antismash.detection.nrps_pks_domains to record
DEBUG    18/06 15:14:32   Checking if antismash.detection.tigrfam should be run
INFO     18/06 15:14:32   Running antismash.detection.tigrfam
INFO     18/06 15:14:32   Running TIGRFam search
DEBUG    18/06 15:14:33   Adding detection results from antismash.detection.tigrfam to record
DEBUG    18/06 15:14:33   Checking if antismash.modules.active_site_finder should be run
INFO     18/06 15:14:33   Running antismash.modules.active_site_finder
DEBUG    18/06 15:14:33   Checking if antismash.modules.cluster_compare should be run
INFO     18/06 15:14:33   Running antismash.modules.cluster_compare
DEBUG    18/06 15:14:33   Loading comparison database: MIBiG
DEBUG    18/06 15:14:33   Comparison database loaded
INFO     18/06 15:14:33   Comparing regions to reference database
DEBUG    18/06 15:14:36   Checking if antismash.modules.clusterblast should be run
INFO     18/06 15:14:36   Running antismash.modules.clusterblast
INFO     18/06 15:14:36   Running ClusterBlast
INFO     18/06 15:14:36   ClusterBlast: Loading gene cluster database into memory...
INFO     18/06 15:14:39   ClusterBlast: Loading gene cluster database proteins into memory...
INFO     18/06 15:15:10   Comparing regions to reference database
INFO     18/06 15:15:35   Running subcluster search
INFO     18/06 15:15:35   SubClusterBlast: Loading gene cluster database into memory...
INFO     18/06 15:15:35   SubClusterBlast: Loading gene cluster database proteins into memory...
INFO     18/06 15:15:36   Running known cluster search
INFO     18/06 15:15:36   KnownClusterBlast: Loading gene cluster database into memory...
INFO     18/06 15:15:36   KnownClusterBlast: Loading gene cluster database proteins into memory...
DEBUG    18/06 15:15:36   Running DIAMOND knowncluster searches..
INFO     18/06 15:15:36   Comparing regions to reference database
DEBUG    18/06 15:15:41   Checking if antismash.modules.lanthipeptides should be run
INFO     18/06 15:15:41   Running antismash.modules.lanthipeptides
DEBUG    18/06 15:15:41   Lanthipeptide module marked 0 motifs
DEBUG    18/06 15:15:41   Checking if antismash.modules.lassopeptides should be run
INFO     18/06 15:15:41   Running antismash.modules.lassopeptides
DEBUG    18/06 15:15:41   Lassopeptide module marked 0 motifs
DEBUG    18/06 15:15:41   Checking if antismash.modules.nrps_pks should be run
INFO     18/06 15:15:41   Running antismash.modules.nrps_pks
DEBUG    18/06 15:15:41   No NRPS or PKS genes found, skipping analysis
DEBUG    18/06 15:15:41   Checking if antismash.modules.pfam2go should be run
INFO     18/06 15:15:41   Running antismash.modules.pfam2go
DEBUG    18/06 15:15:41   Checking if antismash.modules.rrefinder should be run
INFO     18/06 15:15:41   Running antismash.modules.rrefinder
DEBUG    18/06 15:15:41   Checking if antismash.modules.sactipeptides should be run
INFO     18/06 15:15:41   Running antismash.modules.sactipeptides
DEBUG    18/06 15:15:41   Found no sactipeptide motifs
DEBUG    18/06 15:15:41   Checking if antismash.modules.t2pks should be run
INFO     18/06 15:15:41   Running antismash.modules.t2pks
DEBUG    18/06 15:15:41   No type II PKS clusters to analyze
DEBUG    18/06 15:15:41   Checking if antismash.modules.terpene should be run
INFO     18/06 15:15:41   Running antismash.modules.terpene
DEBUG    18/06 15:15:41   No terpene clusters to analyse
DEBUG    18/06 15:15:41   Checking if antismash.modules.tfbs_finder should be run
INFO     18/06 15:15:41   Running antismash.modules.tfbs_finder
DEBUG    18/06 15:15:42   Checking if antismash.modules.thiopeptides should be run
INFO     18/06 15:15:42   Running antismash.modules.thiopeptides
DEBUG    18/06 15:15:42   Thiopeptides marked 0 motifs
DEBUG    18/06 15:15:42   Checking if antismash.modules.tta should be run
INFO     18/06 15:15:42   Running antismash.modules.tta
INFO     18/06 15:15:42   Skipping TTA codon detection, GC content too low: 43%
INFO     18/06 15:15:42   Analysing record: gnlProkkaGGEFLBJO_15
INFO     18/06 15:15:42   Detecting secondary metabolite clusters
DEBUG    18/06 15:15:42   Checking if antismash.detection.hmm_detection should be run
INFO     18/06 15:15:42   Running antismash.detection.hmm_detection
INFO     18/06 15:15:42   HMM detection using strictness: relaxed
DEBUG    18/06 15:15:43   0 rule-based cluster(s) found in record
DEBUG    18/06 15:15:43   0 protoclusters found
DEBUG    18/06 15:15:43   0 subregions found
INFO     18/06 15:15:43   No regions detected, skipping record
INFO     18/06 15:15:43   Analysing record: gnlProkkaGGEFLBJO_16
INFO     18/06 15:15:43   Detecting secondary metabolite clusters
DEBUG    18/06 15:15:43   Checking if antismash.detection.hmm_detection should be run
INFO     18/06 15:15:43   Running antismash.detection.hmm_detection
INFO     18/06 15:15:43   HMM detection using strictness: relaxed
DEBUG    18/06 15:15:44   0 rule-based cluster(s) found in record
DEBUG    18/06 15:15:44   0 protoclusters found
DEBUG    18/06 15:15:44   0 subregions found
INFO     18/06 15:15:44   No regions detected, skipping record
INFO     18/06 15:15:44   Analysing record: gnlProkkaGGEFLBJO_17
INFO     18/06 15:15:44   Detecting secondary metabolite clusters
DEBUG    18/06 15:15:44   Checking if antismash.detection.hmm_detection should be run
INFO     18/06 15:15:44   Running antismash.detection.hmm_detection
INFO     18/06 15:15:44   HMM detection using strictness: relaxed
DEBUG    18/06 15:15:46   0 rule-based cluster(s) found in record
DEBUG    18/06 15:15:46   0 protoclusters found
DEBUG    18/06 15:15:46   0 subregions found
INFO     18/06 15:15:46   No regions detected, skipping record
INFO     18/06 15:15:46   Analysing record: gnlProkkaGGEFLBJO_18
INFO     18/06 15:15:46   Detecting secondary metabolite clusters
DEBUG    18/06 15:15:46   Checking if antismash.detection.hmm_detection should be run
INFO     18/06 15:15:46   Running antismash.detection.hmm_detection
INFO     18/06 15:15:46   HMM detection using strictness: relaxed
DEBUG    18/06 15:15:47   0 rule-based cluster(s) found in record
DEBUG    18/06 15:15:47   0 protoclusters found
DEBUG    18/06 15:15:47   0 subregions found
INFO     18/06 15:15:47   No regions detected, skipping record
INFO     18/06 15:15:47   Analysing record: gnlProkkaGGEFLBJO_19
INFO     18/06 15:15:47   Detecting secondary metabolite clusters
DEBUG    18/06 15:15:47   Checking if antismash.detection.hmm_detection should be run
INFO     18/06 15:15:47   Running antismash.detection.hmm_detection
INFO     18/06 15:15:47   HMM detection using strictness: relaxed
DEBUG    18/06 15:15:54   2 rule-based cluster(s) found in record
DEBUG    18/06 15:15:54   2 protoclusters found
DEBUG    18/06 15:15:54   0 subregions found
INFO     18/06 15:15:54   1 region(s) detected in record
DEBUG    18/06 15:15:54   Checking if antismash.detection.cluster_hmmer should be run
INFO     18/06 15:15:54   Running antismash.detection.cluster_hmmer
INFO     18/06 15:15:54   Running cluster PFAM search
DEBUG    18/06 15:16:04   Adding detection results from antismash.detection.cluster_hmmer to record
DEBUG    18/06 15:16:04   Checking if antismash.detection.genefunctions should be run
INFO     18/06 15:16:04   Running antismash.detection.genefunctions
DEBUG    18/06 15:16:07   Adding detection results from antismash.detection.genefunctions to record
DEBUG    18/06 15:16:07   annotating CDS features with extras info: 0 CDSes
DEBUG    18/06 15:16:07   annotating CDS features with halogenases info: 0 CDSes
DEBUG    18/06 15:16:07   annotating CDS features with MITE info: 0 CDSes
DEBUG    18/06 15:16:07   annotating CDS features with resist info: 0 CDSes
DEBUG    18/06 15:16:07   annotating CDS features with smcogs info: 6 CDSes
DEBUG    18/06 15:16:07   Checking if antismash.detection.nrps_pks_domains should be run
INFO     18/06 15:16:07   Running antismash.detection.nrps_pks_domains
DEBUG    18/06 15:16:07   Marking NRPS/PKS CDS features and domains in clusters
DEBUG    18/06 15:16:16   Adding detection results from antismash.detection.nrps_pks_domains to record
DEBUG    18/06 15:16:16   Checking if antismash.detection.tigrfam should be run
INFO     18/06 15:16:16   Running antismash.detection.tigrfam
INFO     18/06 15:16:16   Running TIGRFam search
DEBUG    18/06 15:16:21   Adding detection results from antismash.detection.tigrfam to record
DEBUG    18/06 15:16:21   Checking if antismash.modules.active_site_finder should be run
INFO     18/06 15:16:21   Running antismash.modules.active_site_finder
DEBUG    18/06 15:16:21   Checking if antismash.modules.cluster_compare should be run
INFO     18/06 15:16:21   Running antismash.modules.cluster_compare
DEBUG    18/06 15:16:21   Loading comparison database: MIBiG
DEBUG    18/06 15:16:21   Comparison database loaded
INFO     18/06 15:16:21   Comparing regions to reference database
DEBUG    18/06 15:16:27   Checking if antismash.modules.clusterblast should be run
INFO     18/06 15:16:27   Running antismash.modules.clusterblast
INFO     18/06 15:16:27   Running ClusterBlast
INFO     18/06 15:16:27   ClusterBlast: Loading gene cluster database into memory...
INFO     18/06 15:16:29   ClusterBlast: Loading gene cluster database proteins into memory...
INFO     18/06 15:16:58   Comparing regions to reference database
INFO     18/06 15:17:56   Running subcluster search
INFO     18/06 15:17:56   SubClusterBlast: Loading gene cluster database into memory...
INFO     18/06 15:17:56   SubClusterBlast: Loading gene cluster database proteins into memory...
INFO     18/06 15:17:57   Running known cluster search
INFO     18/06 15:17:57   KnownClusterBlast: Loading gene cluster database into memory...
INFO     18/06 15:17:57   KnownClusterBlast: Loading gene cluster database proteins into memory...
DEBUG    18/06 15:17:57   Running DIAMOND knowncluster searches..
INFO     18/06 15:17:57   Comparing regions to reference database
DEBUG    18/06 15:18:06   Checking if antismash.modules.lanthipeptides should be run
INFO     18/06 15:18:06   Running antismash.modules.lanthipeptides
DEBUG    18/06 15:18:06   Lanthipeptide module marked 0 motifs
DEBUG    18/06 15:18:06   Checking if antismash.modules.lassopeptides should be run
INFO     18/06 15:18:06   Running antismash.modules.lassopeptides
DEBUG    18/06 15:18:06   Lassopeptide module marked 0 motifs
DEBUG    18/06 15:18:06   Checking if antismash.modules.nrps_pks should be run
INFO     18/06 15:18:06   Running antismash.modules.nrps_pks
INFO     18/06 15:18:06   Predicting A domain substrate specificities with nrpys
INFO     18/06 15:18:06   Predicting NRPS C domain activity using active site motifs
INFO     18/06 15:18:07   Predicting PKS AT domain substrate specificities by Yadav et al. PKS signature sequences
INFO     18/06 15:18:07   Predicting PKS AT domain substrate specificities by Minowa et al. method
INFO     18/06 15:18:08   Predicting CAL domain substrate specificities by Minowa et al. method
INFO     18/06 15:18:08   Predicting PKS KR activity and stereochemistry using KR fingerprints from Starcevic et al.
DEBUG    18/06 15:18:09   CandidateCluster 1 monomer ordering method: colinear
DEBUG    18/06 15:18:09   No SMILES mapping for unknown monomer 'OMe-ohmal'
DEBUG    18/06 15:18:09   Checking if antismash.modules.pfam2go should be run
INFO     18/06 15:18:09   Running antismash.modules.pfam2go
DEBUG    18/06 15:18:09   Checking if antismash.modules.rrefinder should be run
INFO     18/06 15:18:09   Running antismash.modules.rrefinder
DEBUG    18/06 15:18:09   Checking if antismash.modules.sactipeptides should be run
INFO     18/06 15:18:09   Running antismash.modules.sactipeptides
DEBUG    18/06 15:18:09   Found no sactipeptide motifs
DEBUG    18/06 15:18:09   Checking if antismash.modules.t2pks should be run
INFO     18/06 15:18:09   Running antismash.modules.t2pks
DEBUG    18/06 15:18:09   No type II PKS clusters to analyze
DEBUG    18/06 15:18:09   Checking if antismash.modules.terpene should be run
INFO     18/06 15:18:09   Running antismash.modules.terpene
DEBUG    18/06 15:18:09   No terpene clusters to analyse
DEBUG    18/06 15:18:09   Checking if antismash.modules.tfbs_finder should be run
INFO     18/06 15:18:09   Running antismash.modules.tfbs_finder
DEBUG    18/06 15:18:10   Checking if antismash.modules.thiopeptides should be run
INFO     18/06 15:18:10   Running antismash.modules.thiopeptides
DEBUG    18/06 15:18:10   Thiopeptides marked 0 motifs
DEBUG    18/06 15:18:10   Checking if antismash.modules.tta should be run
INFO     18/06 15:18:10   Running antismash.modules.tta
INFO     18/06 15:18:10   Skipping TTA codon detection, GC content too low: 47%
INFO     18/06 15:18:10   Analysing record: gnlProkkaGGEFLBJO_20
INFO     18/06 15:18:10   Detecting secondary metabolite clusters
DEBUG    18/06 15:18:10   Checking if antismash.detection.hmm_detection should be run
INFO     18/06 15:18:10   Running antismash.detection.hmm_detection
INFO     18/06 15:18:10   HMM detection using strictness: relaxed
DEBUG    18/06 15:18:11   0 rule-based cluster(s) found in record
DEBUG    18/06 15:18:11   0 protoclusters found
DEBUG    18/06 15:18:11   0 subregions found
INFO     18/06 15:18:11   No regions detected, skipping record
INFO     18/06 15:18:11   Analysing record: gnlProkkaGGEFLBJO_21
INFO     18/06 15:18:11   Detecting secondary metabolite clusters
DEBUG    18/06 15:18:11   Checking if antismash.detection.hmm_detection should be run
INFO     18/06 15:18:11   Running antismash.detection.hmm_detection
INFO     18/06 15:18:11   HMM detection using strictness: relaxed
DEBUG    18/06 15:18:12   0 rule-based cluster(s) found in record
DEBUG    18/06 15:18:12   0 protoclusters found
DEBUG    18/06 15:18:12   0 subregions found
INFO     18/06 15:18:12   No regions detected, skipping record
INFO     18/06 15:18:12   Analysing record: gnlProkkaGGEFLBJO_22
INFO     18/06 15:18:12   Detecting secondary metabolite clusters
DEBUG    18/06 15:18:12   Checking if antismash.detection.hmm_detection should be run
INFO     18/06 15:18:12   Running antismash.detection.hmm_detection
INFO     18/06 15:18:12   HMM detection using strictness: relaxed
DEBUG    18/06 15:18:13   0 rule-based cluster(s) found in record
DEBUG    18/06 15:18:13   0 protoclusters found
DEBUG    18/06 15:18:13   0 subregions found
INFO     18/06 15:18:13   No regions detected, skipping record
INFO     18/06 15:18:13   Analysing record: gnlProkkaGGEFLBJO_23
INFO     18/06 15:18:13   Detecting secondary metabolite clusters
DEBUG    18/06 15:18:13   Checking if antismash.detection.hmm_detection should be run
INFO     18/06 15:18:13   Running antismash.detection.hmm_detection
INFO     18/06 15:18:13   HMM detection using strictness: relaxed
DEBUG    18/06 15:18:14   0 rule-based cluster(s) found in record
DEBUG    18/06 15:18:14   0 protoclusters found
DEBUG    18/06 15:18:14   0 subregions found
INFO     18/06 15:18:14   No regions detected, skipping record
INFO     18/06 15:18:14   Analysing record: gnlProkkaGGEFLBJO_24
INFO     18/06 15:18:14   Detecting secondary metabolite clusters
DEBUG    18/06 15:18:14   Checking if antismash.detection.hmm_detection should be run
INFO     18/06 15:18:14   Running antismash.detection.hmm_detection
INFO     18/06 15:18:14   HMM detection using strictness: relaxed
DEBUG    18/06 15:18:15   0 rule-based cluster(s) found in record
DEBUG    18/06 15:18:15   0 protoclusters found
DEBUG    18/06 15:18:15   0 subregions found
INFO     18/06 15:18:15   No regions detected, skipping record
INFO     18/06 15:18:15   Analysing record: gnlProkkaGGEFLBJO_25
INFO     18/06 15:18:15   Detecting secondary metabolite clusters
DEBUG    18/06 15:18:15   Checking if antismash.detection.hmm_detection should be run
INFO     18/06 15:18:15   Running antismash.detection.hmm_detection
INFO     18/06 15:18:15   HMM detection using strictness: relaxed
DEBUG    18/06 15:18:16   0 rule-based cluster(s) found in record
DEBUG    18/06 15:18:16   0 protoclusters found
DEBUG    18/06 15:18:16   0 subregions found
INFO     18/06 15:18:16   No regions detected, skipping record
INFO     18/06 15:18:16   Analysing record: gnlProkkaGGEFLBJO_26
INFO     18/06 15:18:16   Detecting secondary metabolite clusters
DEBUG    18/06 15:18:16   Checking if antismash.detection.hmm_detection should be run
INFO     18/06 15:18:16   Running antismash.detection.hmm_detection
INFO     18/06 15:18:16   HMM detection using strictness: relaxed
DEBUG    18/06 15:18:17   0 rule-based cluster(s) found in record
DEBUG    18/06 15:18:17   0 protoclusters found
DEBUG    18/06 15:18:17   0 subregions found
INFO     18/06 15:18:17   No regions detected, skipping record
INFO     18/06 15:18:17   Analysing record: gnlProkkaGGEFLBJO_27
INFO     18/06 15:18:17   Detecting secondary metabolite clusters
DEBUG    18/06 15:18:17   Checking if antismash.detection.hmm_detection should be run
INFO     18/06 15:18:17   Running antismash.detection.hmm_detection
INFO     18/06 15:18:17   HMM detection using strictness: relaxed
DEBUG    18/06 15:18:18   0 rule-based cluster(s) found in record
DEBUG    18/06 15:18:18   0 protoclusters found
DEBUG    18/06 15:18:18   0 subregions found
INFO     18/06 15:18:18   No regions detected, skipping record
INFO     18/06 15:18:18   Analysing record: gnlProkkaGGEFLBJO_28
INFO     18/06 15:18:18   Detecting secondary metabolite clusters
DEBUG    18/06 15:18:18   Checking if antismash.detection.hmm_detection should be run
INFO     18/06 15:18:18   Running antismash.detection.hmm_detection
INFO     18/06 15:18:18   HMM detection using strictness: relaxed
DEBUG    18/06 15:18:19   0 rule-based cluster(s) found in record
DEBUG    18/06 15:18:19   0 protoclusters found
DEBUG    18/06 15:18:19   0 subregions found
INFO     18/06 15:18:19   No regions detected, skipping record
INFO     18/06 15:18:19   Analysing record: gnlProkkaGGEFLBJO_29
INFO     18/06 15:18:19   Detecting secondary metabolite clusters
DEBUG    18/06 15:18:19   Checking if antismash.detection.hmm_detection should be run
INFO     18/06 15:18:19   Running antismash.detection.hmm_detection
INFO     18/06 15:18:19   HMM detection using strictness: relaxed
DEBUG    18/06 15:18:19   0 rule-based cluster(s) found in record
DEBUG    18/06 15:18:19   0 protoclusters found
DEBUG    18/06 15:18:19   0 subregions found
INFO     18/06 15:18:19   No regions detected, skipping record
INFO     18/06 15:18:19   Analysing record: gnlProkkaGGEFLBJO_30
INFO     18/06 15:18:19   Detecting secondary metabolite clusters
DEBUG    18/06 15:18:19   Checking if antismash.detection.hmm_detection should be run
INFO     18/06 15:18:19   Running antismash.detection.hmm_detection
INFO     18/06 15:18:19   HMM detection using strictness: relaxed
DEBUG    18/06 15:18:20   0 rule-based cluster(s) found in record
DEBUG    18/06 15:18:20   0 protoclusters found
DEBUG    18/06 15:18:20   0 subregions found
INFO     18/06 15:18:20   No regions detected, skipping record
INFO     18/06 15:18:20   Analysing record: gnlProkkaGGEFLBJO_31
INFO     18/06 15:18:20   Detecting secondary metabolite clusters
DEBUG    18/06 15:18:20   Checking if antismash.detection.hmm_detection should be run
INFO     18/06 15:18:20   Running antismash.detection.hmm_detection
INFO     18/06 15:18:20   HMM detection using strictness: relaxed
DEBUG    18/06 15:18:21   0 rule-based cluster(s) found in record
DEBUG    18/06 15:18:21   0 protoclusters found
DEBUG    18/06 15:18:21   0 subregions found
INFO     18/06 15:18:21   No regions detected, skipping record
INFO     18/06 15:18:21   Analysing record: gnlProkkaGGEFLBJO_32
INFO     18/06 15:18:21   Detecting secondary metabolite clusters
DEBUG    18/06 15:18:21   Checking if antismash.detection.hmm_detection should be run
INFO     18/06 15:18:21   Running antismash.detection.hmm_detection
INFO     18/06 15:18:21   HMM detection using strictness: relaxed
DEBUG    18/06 15:18:22   1 rule-based cluster(s) found in record
DEBUG    18/06 15:18:22   1 protoclusters found
DEBUG    18/06 15:18:22   0 subregions found
INFO     18/06 15:18:22   1 region(s) detected in record
DEBUG    18/06 15:18:22   Checking if antismash.detection.cluster_hmmer should be run
INFO     18/06 15:18:22   Running antismash.detection.cluster_hmmer
INFO     18/06 15:18:22   Running cluster PFAM search
DEBUG    18/06 15:18:39   Adding detection results from antismash.detection.cluster_hmmer to record
DEBUG    18/06 15:18:39   Checking if antismash.detection.genefunctions should be run
INFO     18/06 15:18:39   Running antismash.detection.genefunctions
DEBUG    18/06 15:18:42   Adding detection results from antismash.detection.genefunctions to record
DEBUG    18/06 15:18:42   annotating CDS features with extras info: 0 CDSes
DEBUG    18/06 15:18:42   annotating CDS features with halogenases info: 1 CDSes
DEBUG    18/06 15:18:42   annotating CDS features with MITE info: 0 CDSes
DEBUG    18/06 15:18:42   annotating CDS features with resist info: 0 CDSes
DEBUG    18/06 15:18:42   annotating CDS features with smcogs info: 16 CDSes
DEBUG    18/06 15:18:42   Checking if antismash.detection.nrps_pks_domains should be run
INFO     18/06 15:18:42   Running antismash.detection.nrps_pks_domains
DEBUG    18/06 15:18:42   Marking NRPS/PKS CDS features and domains in clusters
DEBUG    18/06 15:18:42   Adding detection results from antismash.detection.nrps_pks_domains to record
DEBUG    18/06 15:18:42   Checking if antismash.detection.tigrfam should be run
INFO     18/06 15:18:42   Running antismash.detection.tigrfam
INFO     18/06 15:18:42   Running TIGRFam search
DEBUG    18/06 15:18:48   Adding detection results from antismash.detection.tigrfam to record
DEBUG    18/06 15:18:48   Checking if antismash.modules.active_site_finder should be run
INFO     18/06 15:18:48   Running antismash.modules.active_site_finder
DEBUG    18/06 15:18:48   Checking if antismash.modules.cluster_compare should be run
INFO     18/06 15:18:48   Running antismash.modules.cluster_compare
DEBUG    18/06 15:18:48   Loading comparison database: MIBiG
DEBUG    18/06 15:18:48   Comparison database loaded
INFO     18/06 15:18:48   Comparing regions to reference database
DEBUG    18/06 15:18:50   Checking if antismash.modules.clusterblast should be run
INFO     18/06 15:18:50   Running antismash.modules.clusterblast
INFO     18/06 15:18:50   Running ClusterBlast
INFO     18/06 15:18:50   ClusterBlast: Loading gene cluster database into memory...
INFO     18/06 15:18:53   ClusterBlast: Loading gene cluster database proteins into memory...
INFO     18/06 15:19:23   Comparing regions to reference database
INFO     18/06 15:19:51   Running subcluster search
INFO     18/06 15:19:51   SubClusterBlast: Loading gene cluster database into memory...
INFO     18/06 15:19:51   SubClusterBlast: Loading gene cluster database proteins into memory...
INFO     18/06 15:19:52   Running known cluster search
INFO     18/06 15:19:52   KnownClusterBlast: Loading gene cluster database into memory...
INFO     18/06 15:19:52   KnownClusterBlast: Loading gene cluster database proteins into memory...
DEBUG    18/06 15:19:52   Running DIAMOND knowncluster searches..
INFO     18/06 15:19:52   Comparing regions to reference database
DEBUG    18/06 15:19:58   Checking if antismash.modules.lanthipeptides should be run
INFO     18/06 15:19:58   Running antismash.modules.lanthipeptides
DEBUG    18/06 15:19:58   Lanthipeptide module marked 0 motifs
DEBUG    18/06 15:19:58   Checking if antismash.modules.lassopeptides should be run
INFO     18/06 15:19:58   Running antismash.modules.lassopeptides
DEBUG    18/06 15:19:58   Lassopeptide module marked 0 motifs
DEBUG    18/06 15:19:58   Checking if antismash.modules.nrps_pks should be run
INFO     18/06 15:19:58   Running antismash.modules.nrps_pks
INFO     18/06 15:19:58   Predicting A domain substrate specificities with nrpys
INFO     18/06 15:19:58   Predicting NRPS C domain activity using active site motifs
INFO     18/06 15:19:58   Predicting CAL domain substrate specificities by Minowa et al. method
INFO     18/06 15:19:58   Predicting PKS KR activity and stereochemistry using KR fingerprints from Starcevic et al.
DEBUG    18/06 15:19:58   CandidateCluster 1 monomer ordering method: colinear
DEBUG    18/06 15:19:58   Checking if antismash.modules.pfam2go should be run
INFO     18/06 15:19:58   Running antismash.modules.pfam2go
DEBUG    18/06 15:19:58   Checking if antismash.modules.rrefinder should be run
INFO     18/06 15:19:58   Running antismash.modules.rrefinder
DEBUG    18/06 15:19:58   Checking if antismash.modules.sactipeptides should be run
INFO     18/06 15:19:58   Running antismash.modules.sactipeptides
DEBUG    18/06 15:19:58   Found no sactipeptide motifs
DEBUG    18/06 15:19:59   Checking if antismash.modules.t2pks should be run
INFO     18/06 15:19:59   Running antismash.modules.t2pks
DEBUG    18/06 15:19:59   No type II PKS clusters to analyze
DEBUG    18/06 15:19:59   Checking if antismash.modules.terpene should be run
INFO     18/06 15:19:59   Running antismash.modules.terpene
DEBUG    18/06 15:19:59   No terpene clusters to analyse
DEBUG    18/06 15:19:59   Checking if antismash.modules.tfbs_finder should be run
INFO     18/06 15:19:59   Running antismash.modules.tfbs_finder
DEBUG    18/06 15:19:59   Checking if antismash.modules.thiopeptides should be run
INFO     18/06 15:19:59   Running antismash.modules.thiopeptides
DEBUG    18/06 15:19:59   Thiopeptides marked 0 motifs
DEBUG    18/06 15:19:59   Checking if antismash.modules.tta should be run
INFO     18/06 15:19:59   Running antismash.modules.tta
INFO     18/06 15:19:59   Skipping TTA codon detection, GC content too low: 44%
INFO     18/06 15:19:59   Analysing record: gnlProkkaGGEFLBJO_33
INFO     18/06 15:19:59   Detecting secondary metabolite clusters
DEBUG    18/06 15:19:59   Checking if antismash.detection.hmm_detection should be run
INFO     18/06 15:19:59   Running antismash.detection.hmm_detection
INFO     18/06 15:19:59   HMM detection using strictness: relaxed
DEBUG    18/06 15:20:00   0 rule-based cluster(s) found in record
DEBUG    18/06 15:20:00   0 protoclusters found
DEBUG    18/06 15:20:00   0 subregions found
INFO     18/06 15:20:00   No regions detected, skipping record
INFO     18/06 15:20:00   Analysing record: gnlProkkaGGEFLBJO_34
INFO     18/06 15:20:00   Detecting secondary metabolite clusters
DEBUG    18/06 15:20:00   Checking if antismash.detection.hmm_detection should be run
INFO     18/06 15:20:00   Running antismash.detection.hmm_detection
INFO     18/06 15:20:00   HMM detection using strictness: relaxed
DEBUG    18/06 15:20:01   0 rule-based cluster(s) found in record
DEBUG    18/06 15:20:01   0 protoclusters found
DEBUG    18/06 15:20:01   0 subregions found
INFO     18/06 15:20:01   No regions detected, skipping record
INFO     18/06 15:20:01   Analysing record: gnlProkkaGGEFLBJO_35
INFO     18/06 15:20:01   Detecting secondary metabolite clusters
DEBUG    18/06 15:20:01   Checking if antismash.detection.hmm_detection should be run
INFO     18/06 15:20:01   Running antismash.detection.hmm_detection
INFO     18/06 15:20:01   HMM detection using strictness: relaxed
DEBUG    18/06 15:20:03   2 rule-based cluster(s) found in record
DEBUG    18/06 15:20:03   2 protoclusters found
DEBUG    18/06 15:20:03   0 subregions found
INFO     18/06 15:20:03   1 region(s) detected in record
DEBUG    18/06 15:20:03   Checking if antismash.detection.cluster_hmmer should be run
INFO     18/06 15:20:03   Running antismash.detection.cluster_hmmer
INFO     18/06 15:20:03   Running cluster PFAM search
DEBUG    18/06 15:20:18   Adding detection results from antismash.detection.cluster_hmmer to record
DEBUG    18/06 15:20:18   Checking if antismash.detection.genefunctions should be run
INFO     18/06 15:20:18   Running antismash.detection.genefunctions
DEBUG    18/06 15:20:21   Adding detection results from antismash.detection.genefunctions to record
DEBUG    18/06 15:20:21   annotating CDS features with extras info: 0 CDSes
DEBUG    18/06 15:20:21   annotating CDS features with halogenases info: 0 CDSes
DEBUG    18/06 15:20:21   annotating CDS features with MITE info: 0 CDSes
DEBUG    18/06 15:20:21   annotating CDS features with resist info: 0 CDSes
DEBUG    18/06 15:20:21   annotating CDS features with smcogs info: 10 CDSes
DEBUG    18/06 15:20:21   Checking if antismash.detection.nrps_pks_domains should be run
INFO     18/06 15:20:21   Running antismash.detection.nrps_pks_domains
DEBUG    18/06 15:20:21   Marking NRPS/PKS CDS features and domains in clusters
DEBUG    18/06 15:20:24   Adding detection results from antismash.detection.nrps_pks_domains to record
DEBUG    18/06 15:20:24   Checking if antismash.detection.tigrfam should be run
INFO     18/06 15:20:24   Running antismash.detection.tigrfam
INFO     18/06 15:20:24   Running TIGRFam search
DEBUG    18/06 15:20:29   Adding detection results from antismash.detection.tigrfam to record
DEBUG    18/06 15:20:29   Checking if antismash.modules.active_site_finder should be run
INFO     18/06 15:20:29   Running antismash.modules.active_site_finder
DEBUG    18/06 15:20:29   Checking if antismash.modules.cluster_compare should be run
INFO     18/06 15:20:29   Running antismash.modules.cluster_compare
DEBUG    18/06 15:20:29   Loading comparison database: MIBiG
DEBUG    18/06 15:20:29   Comparison database loaded
INFO     18/06 15:20:29   Comparing regions to reference database
DEBUG    18/06 15:20:33   Checking if antismash.modules.clusterblast should be run
INFO     18/06 15:20:33   Running antismash.modules.clusterblast
INFO     18/06 15:20:33   Running ClusterBlast
INFO     18/06 15:20:33   ClusterBlast: Loading gene cluster database into memory...
INFO     18/06 15:20:36   ClusterBlast: Loading gene cluster database proteins into memory...
INFO     18/06 15:21:07   Comparing regions to reference database
INFO     18/06 15:21:42   Running subcluster search
INFO     18/06 15:21:42   SubClusterBlast: Loading gene cluster database into memory...
INFO     18/06 15:21:42   SubClusterBlast: Loading gene cluster database proteins into memory...
INFO     18/06 15:21:43   Running known cluster search
INFO     18/06 15:21:43   KnownClusterBlast: Loading gene cluster database into memory...
INFO     18/06 15:21:43   KnownClusterBlast: Loading gene cluster database proteins into memory...
DEBUG    18/06 15:21:43   Running DIAMOND knowncluster searches..
INFO     18/06 15:21:43   Comparing regions to reference database
DEBUG    18/06 15:21:48   Checking if antismash.modules.lanthipeptides should be run
INFO     18/06 15:21:48   Running antismash.modules.lanthipeptides
DEBUG    18/06 15:21:48   Lanthipeptide module marked 0 motifs
DEBUG    18/06 15:21:48   Checking if antismash.modules.lassopeptides should be run
INFO     18/06 15:21:48   Running antismash.modules.lassopeptides
DEBUG    18/06 15:21:49   Lassopeptide module marked 0 motifs
DEBUG    18/06 15:21:49   Checking if antismash.modules.nrps_pks should be run
INFO     18/06 15:21:49   Running antismash.modules.nrps_pks
INFO     18/06 15:21:49   Predicting A domain substrate specificities with nrpys
INFO     18/06 15:21:49   Predicting NRPS C domain activity using active site motifs
INFO     18/06 15:21:49   Predicting PKS AT domain substrate specificities by Yadav et al. PKS signature sequences
INFO     18/06 15:21:49   Predicting PKS AT domain substrate specificities by Minowa et al. method
INFO     18/06 15:21:50   Predicting CAL domain substrate specificities by Minowa et al. method
INFO     18/06 15:21:50   Predicting PKS KR activity and stereochemistry using KR fingerprints from Starcevic et al.
DEBUG    18/06 15:21:50   CandidateCluster 1 monomer ordering method: colinear
DEBUG    18/06 15:21:50   Checking if antismash.modules.pfam2go should be run
INFO     18/06 15:21:50   Running antismash.modules.pfam2go
DEBUG    18/06 15:21:50   Checking if antismash.modules.rrefinder should be run
INFO     18/06 15:21:50   Running antismash.modules.rrefinder
DEBUG    18/06 15:21:50   Checking if antismash.modules.sactipeptides should be run
INFO     18/06 15:21:50   Running antismash.modules.sactipeptides
DEBUG    18/06 15:21:50   Found no sactipeptide motifs
DEBUG    18/06 15:21:51   Checking if antismash.modules.t2pks should be run
INFO     18/06 15:21:51   Running antismash.modules.t2pks
DEBUG    18/06 15:21:51   No type II PKS clusters to analyze
DEBUG    18/06 15:21:51   Checking if antismash.modules.terpene should be run
INFO     18/06 15:21:51   Running antismash.modules.terpene
DEBUG    18/06 15:21:51   No terpene clusters to analyse
DEBUG    18/06 15:21:51   Checking if antismash.modules.tfbs_finder should be run
INFO     18/06 15:21:51   Running antismash.modules.tfbs_finder
DEBUG    18/06 15:21:51   Checking if antismash.modules.thiopeptides should be run
INFO     18/06 15:21:51   Running antismash.modules.thiopeptides
DEBUG    18/06 15:21:51   Thiopeptides marked 0 motifs
DEBUG    18/06 15:21:51   Checking if antismash.modules.tta should be run
INFO     18/06 15:21:51   Running antismash.modules.tta
INFO     18/06 15:21:51   Skipping TTA codon detection, GC content too low: 45%
INFO     18/06 15:21:51   Analysing record: gnlProkkaGGEFLBJO_36
INFO     18/06 15:21:51   Detecting secondary metabolite clusters
DEBUG    18/06 15:21:51   Checking if antismash.detection.hmm_detection should be run
INFO     18/06 15:21:51   Running antismash.detection.hmm_detection
INFO     18/06 15:21:51   HMM detection using strictness: relaxed
DEBUG    18/06 15:21:52   0 rule-based cluster(s) found in record
DEBUG    18/06 15:21:52   0 protoclusters found
DEBUG    18/06 15:21:52   0 subregions found
INFO     18/06 15:21:52   No regions detected, skipping record
INFO     18/06 15:21:52   Analysing record: gnlProkkaGGEFLBJO_37
INFO     18/06 15:21:52   Detecting secondary metabolite clusters
DEBUG    18/06 15:21:52   Checking if antismash.detection.hmm_detection should be run
INFO     18/06 15:21:52   Running antismash.detection.hmm_detection
INFO     18/06 15:21:52   HMM detection using strictness: relaxed
DEBUG    18/06 15:21:53   0 rule-based cluster(s) found in record
DEBUG    18/06 15:21:53   0 protoclusters found
DEBUG    18/06 15:21:53   0 subregions found
INFO     18/06 15:21:53   No regions detected, skipping record
INFO     18/06 15:21:53   Analysing record: gnlProkkaGGEFLBJO_38
INFO     18/06 15:21:53   Detecting secondary metabolite clusters
DEBUG    18/06 15:21:53   Checking if antismash.detection.hmm_detection should be run
INFO     18/06 15:21:53   Running antismash.detection.hmm_detection
INFO     18/06 15:21:53   HMM detection using strictness: relaxed
DEBUG    18/06 15:21:54   0 rule-based cluster(s) found in record
DEBUG    18/06 15:21:54   0 protoclusters found
DEBUG    18/06 15:21:54   0 subregions found
INFO     18/06 15:21:54   No regions detected, skipping record
INFO     18/06 15:21:54   Analysing record: gnlProkkaGGEFLBJO_39
INFO     18/06 15:21:54   Detecting secondary metabolite clusters
DEBUG    18/06 15:21:54   Checking if antismash.detection.hmm_detection should be run
INFO     18/06 15:21:54   Running antismash.detection.hmm_detection
INFO     18/06 15:21:54   HMM detection using strictness: relaxed
DEBUG    18/06 15:21:54   0 rule-based cluster(s) found in record
DEBUG    18/06 15:21:54   0 protoclusters found
DEBUG    18/06 15:21:54   0 subregions found
INFO     18/06 15:21:54   No regions detected, skipping record
INFO     18/06 15:21:54   Analysing record: gnlProkkaGGEFLBJO_40
INFO     18/06 15:21:54   Detecting secondary metabolite clusters
DEBUG    18/06 15:21:54   Checking if antismash.detection.hmm_detection should be run
INFO     18/06 15:21:54   Running antismash.detection.hmm_detection
INFO     18/06 15:21:54   HMM detection using strictness: relaxed
DEBUG    18/06 15:21:56   0 rule-based cluster(s) found in record
DEBUG    18/06 15:21:56   0 protoclusters found
DEBUG    18/06 15:21:56   0 subregions found
INFO     18/06 15:21:56   No regions detected, skipping record
INFO     18/06 15:21:56   Analysing record: gnlProkkaGGEFLBJO_41
INFO     18/06 15:21:56   Detecting secondary metabolite clusters
DEBUG    18/06 15:21:56   Checking if antismash.detection.hmm_detection should be run
INFO     18/06 15:21:56   Running antismash.detection.hmm_detection
INFO     18/06 15:21:56   HMM detection using strictness: relaxed
DEBUG    18/06 15:21:56   0 rule-based cluster(s) found in record
DEBUG    18/06 15:21:56   0 protoclusters found
DEBUG    18/06 15:21:56   0 subregions found
INFO     18/06 15:21:56   No regions detected, skipping record
INFO     18/06 15:21:56   Analysing record: gnlProkkaGGEFLBJO_42
INFO     18/06 15:21:56   Detecting secondary metabolite clusters
DEBUG    18/06 15:21:56   Checking if antismash.detection.hmm_detection should be run
INFO     18/06 15:21:56   Running antismash.detection.hmm_detection
INFO     18/06 15:21:56   HMM detection using strictness: relaxed
DEBUG    18/06 15:21:57   0 rule-based cluster(s) found in record
DEBUG    18/06 15:21:57   0 protoclusters found
DEBUG    18/06 15:21:57   0 subregions found
INFO     18/06 15:21:57   No regions detected, skipping record
INFO     18/06 15:21:57   Analysing record: gnlProkkaGGEFLBJO_43
INFO     18/06 15:21:57   Detecting secondary metabolite clusters
DEBUG    18/06 15:21:57   Checking if antismash.detection.hmm_detection should be run
INFO     18/06 15:21:57   Running antismash.detection.hmm_detection
INFO     18/06 15:21:57   HMM detection using strictness: relaxed
DEBUG    18/06 15:21:58   0 rule-based cluster(s) found in record
DEBUG    18/06 15:21:58   0 protoclusters found
DEBUG    18/06 15:21:58   0 subregions found
INFO     18/06 15:21:58   No regions detected, skipping record
INFO     18/06 15:21:58   Analysing record: gnlProkkaGGEFLBJO_44
INFO     18/06 15:21:58   Detecting secondary metabolite clusters
DEBUG    18/06 15:21:58   Checking if antismash.detection.hmm_detection should be run
INFO     18/06 15:21:58   Running antismash.detection.hmm_detection
INFO     18/06 15:21:58   HMM detection using strictness: relaxed
DEBUG    18/06 15:21:59   0 rule-based cluster(s) found in record
DEBUG    18/06 15:21:59   0 protoclusters found
DEBUG    18/06 15:21:59   0 subregions found
INFO     18/06 15:21:59   No regions detected, skipping record
INFO     18/06 15:21:59   Analysing record: gnlProkkaGGEFLBJO_45
INFO     18/06 15:21:59   Detecting secondary metabolite clusters
DEBUG    18/06 15:21:59   Checking if antismash.detection.hmm_detection should be run
INFO     18/06 15:21:59   Running antismash.detection.hmm_detection
INFO     18/06 15:21:59   HMM detection using strictness: relaxed
DEBUG    18/06 15:22:00   0 rule-based cluster(s) found in record
DEBUG    18/06 15:22:00   0 protoclusters found
DEBUG    18/06 15:22:00   0 subregions found
INFO     18/06 15:22:00   No regions detected, skipping record
INFO     18/06 15:22:00   Analysing record: gnlProkkaGGEFLBJO_46
INFO     18/06 15:22:00   Detecting secondary metabolite clusters
DEBUG    18/06 15:22:00   Checking if antismash.detection.hmm_detection should be run
INFO     18/06 15:22:00   Running antismash.detection.hmm_detection
INFO     18/06 15:22:00   HMM detection using strictness: relaxed
DEBUG    18/06 15:22:00   0 rule-based cluster(s) found in record
DEBUG    18/06 15:22:00   0 protoclusters found
DEBUG    18/06 15:22:00   0 subregions found
INFO     18/06 15:22:00   No regions detected, skipping record
INFO     18/06 15:22:00   Analysing record: gnlProkkaGGEFLBJO_47
INFO     18/06 15:22:00   Detecting secondary metabolite clusters
DEBUG    18/06 15:22:00   Checking if antismash.detection.hmm_detection should be run
INFO     18/06 15:22:00   Running antismash.detection.hmm_detection
INFO     18/06 15:22:00   HMM detection using strictness: relaxed
DEBUG    18/06 15:22:01   0 rule-based cluster(s) found in record
DEBUG    18/06 15:22:01   0 protoclusters found
DEBUG    18/06 15:22:01   0 subregions found
INFO     18/06 15:22:01   No regions detected, skipping record
INFO     18/06 15:22:01   Analysing record: gnlProkkaGGEFLBJO_48
INFO     18/06 15:22:01   Detecting secondary metabolite clusters
DEBUG    18/06 15:22:01   Checking if antismash.detection.hmm_detection should be run
INFO     18/06 15:22:01   Running antismash.detection.hmm_detection
INFO     18/06 15:22:01   HMM detection using strictness: relaxed
DEBUG    18/06 15:22:01   0 rule-based cluster(s) found in record
DEBUG    18/06 15:22:01   0 protoclusters found
DEBUG    18/06 15:22:01   0 subregions found
INFO     18/06 15:22:01   No regions detected, skipping record
INFO     18/06 15:22:01   Analysing record: gnlProkkaGGEFLBJO_49
INFO     18/06 15:22:01   Detecting secondary metabolite clusters
DEBUG    18/06 15:22:01   Checking if antismash.detection.hmm_detection should be run
INFO     18/06 15:22:01   Running antismash.detection.hmm_detection
INFO     18/06 15:22:01   HMM detection using strictness: relaxed
DEBUG    18/06 15:22:02   0 rule-based cluster(s) found in record
DEBUG    18/06 15:22:02   0 protoclusters found
DEBUG    18/06 15:22:02   0 subregions found
INFO     18/06 15:22:02   No regions detected, skipping record
INFO     18/06 15:22:02   Analysing record: gnlProkkaGGEFLBJO_50
INFO     18/06 15:22:02   Detecting secondary metabolite clusters
DEBUG    18/06 15:22:02   Checking if antismash.detection.hmm_detection should be run
INFO     18/06 15:22:02   Running antismash.detection.hmm_detection
INFO     18/06 15:22:02   HMM detection using strictness: relaxed
DEBUG    18/06 15:22:03   0 rule-based cluster(s) found in record
DEBUG    18/06 15:22:03   0 protoclusters found
DEBUG    18/06 15:22:03   0 subregions found
INFO     18/06 15:22:03   No regions detected, skipping record
INFO     18/06 15:22:03   Analysing record: gnlProkkaGGEFLBJO_51
INFO     18/06 15:22:03   Detecting secondary metabolite clusters
DEBUG    18/06 15:22:03   Checking if antismash.detection.hmm_detection should be run
INFO     18/06 15:22:03   Running antismash.detection.hmm_detection
INFO     18/06 15:22:03   HMM detection using strictness: relaxed
DEBUG    18/06 15:22:03   0 rule-based cluster(s) found in record
DEBUG    18/06 15:22:03   0 protoclusters found
DEBUG    18/06 15:22:03   0 subregions found
INFO     18/06 15:22:03   No regions detected, skipping record
INFO     18/06 15:22:03   Analysing record: gnlProkkaGGEFLBJO_52
INFO     18/06 15:22:03   Detecting secondary metabolite clusters
DEBUG    18/06 15:22:03   Checking if antismash.detection.hmm_detection should be run
INFO     18/06 15:22:03   Running antismash.detection.hmm_detection
INFO     18/06 15:22:03   HMM detection using strictness: relaxed
DEBUG    18/06 15:22:04   0 rule-based cluster(s) found in record
DEBUG    18/06 15:22:04   0 protoclusters found
DEBUG    18/06 15:22:04   0 subregions found
INFO     18/06 15:22:04   No regions detected, skipping record
INFO     18/06 15:22:04   Analysing record: gnlProkkaGGEFLBJO_53
INFO     18/06 15:22:04   Detecting secondary metabolite clusters
DEBUG    18/06 15:22:04   Checking if antismash.detection.hmm_detection should be run
INFO     18/06 15:22:04   Running antismash.detection.hmm_detection
INFO     18/06 15:22:04   HMM detection using strictness: relaxed
DEBUG    18/06 15:22:04   0 rule-based cluster(s) found in record
DEBUG    18/06 15:22:04   0 protoclusters found
DEBUG    18/06 15:22:04   0 subregions found
INFO     18/06 15:22:04   No regions detected, skipping record
INFO     18/06 15:22:04   Analysing record: gnlProkkaGGEFLBJO_54
INFO     18/06 15:22:04   Detecting secondary metabolite clusters
DEBUG    18/06 15:22:04   Checking if antismash.detection.hmm_detection should be run
INFO     18/06 15:22:04   Running antismash.detection.hmm_detection
INFO     18/06 15:22:04   HMM detection using strictness: relaxed
DEBUG    18/06 15:22:05   0 rule-based cluster(s) found in record
DEBUG    18/06 15:22:05   0 protoclusters found
DEBUG    18/06 15:22:05   0 subregions found
INFO     18/06 15:22:05   No regions detected, skipping record
INFO     18/06 15:22:05   Analysing record: gnlProkkaGGEFLBJO_55
INFO     18/06 15:22:05   Detecting secondary metabolite clusters
DEBUG    18/06 15:22:05   Checking if antismash.detection.hmm_detection should be run
INFO     18/06 15:22:05   Running antismash.detection.hmm_detection
INFO     18/06 15:22:05   HMM detection using strictness: relaxed
DEBUG    18/06 15:22:06   0 rule-based cluster(s) found in record
DEBUG    18/06 15:22:06   0 protoclusters found
DEBUG    18/06 15:22:06   0 subregions found
INFO     18/06 15:22:06   No regions detected, skipping record
INFO     18/06 15:22:06   Analysing record: gnlProkkaGGEFLBJO_56
INFO     18/06 15:22:06   Detecting secondary metabolite clusters
DEBUG    18/06 15:22:06   Checking if antismash.detection.hmm_detection should be run
INFO     18/06 15:22:06   Running antismash.detection.hmm_detection
INFO     18/06 15:22:06   HMM detection using strictness: relaxed
DEBUG    18/06 15:22:06   0 rule-based cluster(s) found in record
DEBUG    18/06 15:22:06   0 protoclusters found
DEBUG    18/06 15:22:06   0 subregions found
INFO     18/06 15:22:06   No regions detected, skipping record
INFO     18/06 15:22:06   Analysing record: gnlProkkaGGEFLBJO_57
INFO     18/06 15:22:06   Detecting secondary metabolite clusters
DEBUG    18/06 15:22:06   Checking if antismash.detection.hmm_detection should be run
INFO     18/06 15:22:06   Running antismash.detection.hmm_detection
INFO     18/06 15:22:06   HMM detection using strictness: relaxed
DEBUG    18/06 15:22:07   0 rule-based cluster(s) found in record
DEBUG    18/06 15:22:07   0 protoclusters found
DEBUG    18/06 15:22:07   0 subregions found
INFO     18/06 15:22:07   No regions detected, skipping record
INFO     18/06 15:22:07   Analysing record: gnlProkkaGGEFLBJO_58
INFO     18/06 15:22:07   Detecting secondary metabolite clusters
DEBUG    18/06 15:22:07   Checking if antismash.detection.hmm_detection should be run
INFO     18/06 15:22:07   Running antismash.detection.hmm_detection
INFO     18/06 15:22:07   HMM detection using strictness: relaxed
DEBUG    18/06 15:22:07   0 rule-based cluster(s) found in record
DEBUG    18/06 15:22:07   0 protoclusters found
DEBUG    18/06 15:22:07   0 subregions found
INFO     18/06 15:22:07   No regions detected, skipping record
INFO     18/06 15:22:07   Analysing record: gnlProkkaGGEFLBJO_59
INFO     18/06 15:22:07   Detecting secondary metabolite clusters
DEBUG    18/06 15:22:07   Checking if antismash.detection.hmm_detection should be run
INFO     18/06 15:22:07   Running antismash.detection.hmm_detection
INFO     18/06 15:22:07   HMM detection using strictness: relaxed
DEBUG    18/06 15:22:08   0 rule-based cluster(s) found in record
DEBUG    18/06 15:22:08   0 protoclusters found
DEBUG    18/06 15:22:08   0 subregions found
INFO     18/06 15:22:08   No regions detected, skipping record
INFO     18/06 15:22:08   Analysing record: gnlProkkaGGEFLBJO_60
INFO     18/06 15:22:08   Detecting secondary metabolite clusters
DEBUG    18/06 15:22:08   Checking if antismash.detection.hmm_detection should be run
INFO     18/06 15:22:08   Running antismash.detection.hmm_detection
INFO     18/06 15:22:08   HMM detection using strictness: relaxed
DEBUG    18/06 15:22:08   0 rule-based cluster(s) found in record
DEBUG    18/06 15:22:08   0 protoclusters found
DEBUG    18/06 15:22:08   0 subregions found
INFO     18/06 15:22:08   No regions detected, skipping record
INFO     18/06 15:22:08   Analysing record: gnlProkkaGGEFLBJO_61
INFO     18/06 15:22:08   Detecting secondary metabolite clusters
DEBUG    18/06 15:22:08   Checking if antismash.detection.hmm_detection should be run
INFO     18/06 15:22:08   Running antismash.detection.hmm_detection
INFO     18/06 15:22:08   HMM detection using strictness: relaxed
DEBUG    18/06 15:22:09   0 rule-based cluster(s) found in record
DEBUG    18/06 15:22:09   0 protoclusters found
DEBUG    18/06 15:22:09   0 subregions found
INFO     18/06 15:22:09   No regions detected, skipping record
INFO     18/06 15:22:09   Analysing record: gnlProkkaGGEFLBJO_62
INFO     18/06 15:22:09   Detecting secondary metabolite clusters
DEBUG    18/06 15:22:09   Checking if antismash.detection.hmm_detection should be run
INFO     18/06 15:22:09   Running antismash.detection.hmm_detection
INFO     18/06 15:22:09   HMM detection using strictness: relaxed
DEBUG    18/06 15:22:10   0 rule-based cluster(s) found in record
DEBUG    18/06 15:22:10   0 protoclusters found
DEBUG    18/06 15:22:10   0 subregions found
INFO     18/06 15:22:10   No regions detected, skipping record
INFO     18/06 15:22:10   Analysing record: gnlProkkaGGEFLBJO_63
INFO     18/06 15:22:10   Detecting secondary metabolite clusters
DEBUG    18/06 15:22:10   Checking if antismash.detection.hmm_detection should be run
INFO     18/06 15:22:10   Running antismash.detection.hmm_detection
INFO     18/06 15:22:10   HMM detection using strictness: relaxed
DEBUG    18/06 15:22:10   0 rule-based cluster(s) found in record
DEBUG    18/06 15:22:10   0 protoclusters found
DEBUG    18/06 15:22:10   0 subregions found
INFO     18/06 15:22:10   No regions detected, skipping record
INFO     18/06 15:22:10   Analysing record: gnlProkkaGGEFLBJO_64
INFO     18/06 15:22:10   Detecting secondary metabolite clusters
DEBUG    18/06 15:22:10   Checking if antismash.detection.hmm_detection should be run
INFO     18/06 15:22:10   Running antismash.detection.hmm_detection
INFO     18/06 15:22:10   HMM detection using strictness: relaxed
DEBUG    18/06 15:22:10   0 rule-based cluster(s) found in record
DEBUG    18/06 15:22:10   0 protoclusters found
DEBUG    18/06 15:22:10   0 subregions found
INFO     18/06 15:22:10   No regions detected, skipping record
INFO     18/06 15:22:10   Analysing record: gnlProkkaGGEFLBJO_65
INFO     18/06 15:22:10   Detecting secondary metabolite clusters
DEBUG    18/06 15:22:10   Checking if antismash.detection.hmm_detection should be run
INFO     18/06 15:22:10   Running antismash.detection.hmm_detection
INFO     18/06 15:22:10   HMM detection using strictness: relaxed
DEBUG    18/06 15:22:11   0 rule-based cluster(s) found in record
DEBUG    18/06 15:22:11   0 protoclusters found
DEBUG    18/06 15:22:11   0 subregions found
INFO     18/06 15:22:11   No regions detected, skipping record
INFO     18/06 15:22:11   Analysing record: gnlProkkaGGEFLBJO_66
INFO     18/06 15:22:11   Detecting secondary metabolite clusters
DEBUG    18/06 15:22:11   Checking if antismash.detection.hmm_detection should be run
INFO     18/06 15:22:11   Running antismash.detection.hmm_detection
INFO     18/06 15:22:11   HMM detection using strictness: relaxed
DEBUG    18/06 15:22:11   0 rule-based cluster(s) found in record
DEBUG    18/06 15:22:11   0 protoclusters found
DEBUG    18/06 15:22:11   0 subregions found
INFO     18/06 15:22:11   No regions detected, skipping record
INFO     18/06 15:22:11   Analysing record: gnlProkkaGGEFLBJO_67
INFO     18/06 15:22:11   Detecting secondary metabolite clusters
DEBUG    18/06 15:22:11   Checking if antismash.detection.hmm_detection should be run
INFO     18/06 15:22:11   Running antismash.detection.hmm_detection
INFO     18/06 15:22:11   HMM detection using strictness: relaxed
DEBUG    18/06 15:22:12   0 rule-based cluster(s) found in record
DEBUG    18/06 15:22:12   0 protoclusters found
DEBUG    18/06 15:22:12   0 subregions found
INFO     18/06 15:22:12   No regions detected, skipping record
INFO     18/06 15:22:12   Analysing record: gnlProkkaGGEFLBJO_68
INFO     18/06 15:22:12   Detecting secondary metabolite clusters
DEBUG    18/06 15:22:12   Checking if antismash.detection.hmm_detection should be run
INFO     18/06 15:22:12   Running antismash.detection.hmm_detection
INFO     18/06 15:22:12   HMM detection using strictness: relaxed
DEBUG    18/06 15:22:12   0 rule-based cluster(s) found in record
DEBUG    18/06 15:22:12   0 protoclusters found
DEBUG    18/06 15:22:12   0 subregions found
INFO     18/06 15:22:12   No regions detected, skipping record
INFO     18/06 15:22:12   Analysing record: gnlProkkaGGEFLBJO_69
INFO     18/06 15:22:12   Detecting secondary metabolite clusters
DEBUG    18/06 15:22:12   Checking if antismash.detection.hmm_detection should be run
INFO     18/06 15:22:12   Running antismash.detection.hmm_detection
INFO     18/06 15:22:12   HMM detection using strictness: relaxed
DEBUG    18/06 15:22:13   0 rule-based cluster(s) found in record
DEBUG    18/06 15:22:13   0 protoclusters found
DEBUG    18/06 15:22:13   0 subregions found
INFO     18/06 15:22:13   No regions detected, skipping record
INFO     18/06 15:22:13   Analysing record: gnlProkkaGGEFLBJO_70
INFO     18/06 15:22:13   Detecting secondary metabolite clusters
DEBUG    18/06 15:22:13   Checking if antismash.detection.hmm_detection should be run
INFO     18/06 15:22:13   Running antismash.detection.hmm_detection
INFO     18/06 15:22:13   HMM detection using strictness: relaxed
DEBUG    18/06 15:22:13   0 rule-based cluster(s) found in record
DEBUG    18/06 15:22:13   0 protoclusters found
DEBUG    18/06 15:22:13   0 subregions found
INFO     18/06 15:22:13   No regions detected, skipping record
INFO     18/06 15:22:13   Analysing record: gnlProkkaGGEFLBJO_71
INFO     18/06 15:22:13   Detecting secondary metabolite clusters
DEBUG    18/06 15:22:13   Checking if antismash.detection.hmm_detection should be run
INFO     18/06 15:22:13   Running antismash.detection.hmm_detection
INFO     18/06 15:22:13   HMM detection using strictness: relaxed
DEBUG    18/06 15:22:14   0 rule-based cluster(s) found in record
DEBUG    18/06 15:22:14   0 protoclusters found
DEBUG    18/06 15:22:14   0 subregions found
INFO     18/06 15:22:14   No regions detected, skipping record
INFO     18/06 15:22:14   Analysing record: gnlProkkaGGEFLBJO_72
INFO     18/06 15:22:14   Detecting secondary metabolite clusters
DEBUG    18/06 15:22:14   Checking if antismash.detection.hmm_detection should be run
INFO     18/06 15:22:14   Running antismash.detection.hmm_detection
INFO     18/06 15:22:14   HMM detection using strictness: relaxed
DEBUG    18/06 15:22:14   0 rule-based cluster(s) found in record
DEBUG    18/06 15:22:14   0 protoclusters found
DEBUG    18/06 15:22:14   0 subregions found
INFO     18/06 15:22:14   No regions detected, skipping record
INFO     18/06 15:22:14   Analysing record: gnlProkkaGGEFLBJO_73
INFO     18/06 15:22:14   Detecting secondary metabolite clusters
DEBUG    18/06 15:22:14   Checking if antismash.detection.hmm_detection should be run
INFO     18/06 15:22:14   Running antismash.detection.hmm_detection
INFO     18/06 15:22:14   HMM detection using strictness: relaxed
DEBUG    18/06 15:22:15   0 rule-based cluster(s) found in record
DEBUG    18/06 15:22:15   0 protoclusters found
DEBUG    18/06 15:22:15   0 subregions found
INFO     18/06 15:22:15   No regions detected, skipping record
INFO     18/06 15:22:15   Analysing record: gnlProkkaGGEFLBJO_74
INFO     18/06 15:22:15   Detecting secondary metabolite clusters
DEBUG    18/06 15:22:15   Checking if antismash.detection.hmm_detection should be run
INFO     18/06 15:22:15   Running antismash.detection.hmm_detection
INFO     18/06 15:22:15   HMM detection using strictness: relaxed
DEBUG    18/06 15:22:15   0 rule-based cluster(s) found in record
DEBUG    18/06 15:22:15   0 protoclusters found
DEBUG    18/06 15:22:15   0 subregions found
INFO     18/06 15:22:15   No regions detected, skipping record
INFO     18/06 15:22:15   Analysing record: gnlProkkaGGEFLBJO_75
INFO     18/06 15:22:15   Detecting secondary metabolite clusters
DEBUG    18/06 15:22:15   Checking if antismash.detection.hmm_detection should be run
INFO     18/06 15:22:15   Running antismash.detection.hmm_detection
INFO     18/06 15:22:15   HMM detection using strictness: relaxed
DEBUG    18/06 15:22:16   0 rule-based cluster(s) found in record
DEBUG    18/06 15:22:16   0 protoclusters found
DEBUG    18/06 15:22:16   0 subregions found
INFO     18/06 15:22:16   No regions detected, skipping record
INFO     18/06 15:22:16   Analysing record: gnlProkkaGGEFLBJO_76
INFO     18/06 15:22:16   Detecting secondary metabolite clusters
DEBUG    18/06 15:22:16   Checking if antismash.detection.hmm_detection should be run
INFO     18/06 15:22:16   Running antismash.detection.hmm_detection
INFO     18/06 15:22:16   HMM detection using strictness: relaxed
DEBUG    18/06 15:22:16   0 rule-based cluster(s) found in record
DEBUG    18/06 15:22:16   0 protoclusters found
DEBUG    18/06 15:22:16   0 subregions found
INFO     18/06 15:22:16   No regions detected, skipping record
INFO     18/06 15:22:16   Analysing record: gnlProkkaGGEFLBJO_77
INFO     18/06 15:22:16   Detecting secondary metabolite clusters
DEBUG    18/06 15:22:16   Checking if antismash.detection.hmm_detection should be run
INFO     18/06 15:22:16   Running antismash.detection.hmm_detection
INFO     18/06 15:22:16   HMM detection using strictness: relaxed
DEBUG    18/06 15:22:16   0 rule-based cluster(s) found in record
DEBUG    18/06 15:22:16   0 protoclusters found
DEBUG    18/06 15:22:16   0 subregions found
INFO     18/06 15:22:16   No regions detected, skipping record
INFO     18/06 15:22:16   Analysing record: gnlProkkaGGEFLBJO_78
INFO     18/06 15:22:16   Detecting secondary metabolite clusters
DEBUG    18/06 15:22:16   Checking if antismash.detection.hmm_detection should be run
INFO     18/06 15:22:16   Running antismash.detection.hmm_detection
INFO     18/06 15:22:16   HMM detection using strictness: relaxed
DEBUG    18/06 15:22:17   0 rule-based cluster(s) found in record
DEBUG    18/06 15:22:17   0 protoclusters found
DEBUG    18/06 15:22:17   0 subregions found
INFO     18/06 15:22:17   No regions detected, skipping record
INFO     18/06 15:22:17   Analysing record: gnlProkkaGGEFLBJO_79
INFO     18/06 15:22:17   Detecting secondary metabolite clusters
DEBUG    18/06 15:22:17   Checking if antismash.detection.hmm_detection should be run
INFO     18/06 15:22:17   Running antismash.detection.hmm_detection
INFO     18/06 15:22:17   HMM detection using strictness: relaxed
DEBUG    18/06 15:22:17   0 rule-based cluster(s) found in record
DEBUG    18/06 15:22:17   0 protoclusters found
DEBUG    18/06 15:22:17   0 subregions found
INFO     18/06 15:22:17   No regions detected, skipping record
INFO     18/06 15:22:17   Analysing record: gnlProkkaGGEFLBJO_80
INFO     18/06 15:22:17   Detecting secondary metabolite clusters
DEBUG    18/06 15:22:17   Checking if antismash.detection.hmm_detection should be run
INFO     18/06 15:22:17   Running antismash.detection.hmm_detection
INFO     18/06 15:22:17   HMM detection using strictness: relaxed
DEBUG    18/06 15:22:18   0 rule-based cluster(s) found in record
DEBUG    18/06 15:22:18   0 protoclusters found
DEBUG    18/06 15:22:18   0 subregions found
INFO     18/06 15:22:18   No regions detected, skipping record
INFO     18/06 15:22:18   Analysing record: gnlProkkaGGEFLBJO_81
INFO     18/06 15:22:18   Detecting secondary metabolite clusters
DEBUG    18/06 15:22:18   Checking if antismash.detection.hmm_detection should be run
INFO     18/06 15:22:18   Running antismash.detection.hmm_detection
INFO     18/06 15:22:18   HMM detection using strictness: relaxed
DEBUG    18/06 15:22:18   0 rule-based cluster(s) found in record
DEBUG    18/06 15:22:18   0 protoclusters found
DEBUG    18/06 15:22:18   0 subregions found
INFO     18/06 15:22:18   No regions detected, skipping record
INFO     18/06 15:22:18   Analysing record: gnlProkkaGGEFLBJO_82
INFO     18/06 15:22:18   Detecting secondary metabolite clusters
DEBUG    18/06 15:22:18   Checking if antismash.detection.hmm_detection should be run
INFO     18/06 15:22:18   Running antismash.detection.hmm_detection
INFO     18/06 15:22:18   HMM detection using strictness: relaxed
DEBUG    18/06 15:22:19   0 rule-based cluster(s) found in record
DEBUG    18/06 15:22:19   0 protoclusters found
DEBUG    18/06 15:22:19   0 subregions found
INFO     18/06 15:22:19   No regions detected, skipping record
INFO     18/06 15:22:19   Analysing record: gnlProkkaGGEFLBJO_83
INFO     18/06 15:22:19   Detecting secondary metabolite clusters
DEBUG    18/06 15:22:19   Checking if antismash.detection.hmm_detection should be run
INFO     18/06 15:22:19   Running antismash.detection.hmm_detection
INFO     18/06 15:22:19   HMM detection using strictness: relaxed
DEBUG    18/06 15:22:19   0 rule-based cluster(s) found in record
DEBUG    18/06 15:22:19   0 protoclusters found
DEBUG    18/06 15:22:19   0 subregions found
INFO     18/06 15:22:19   No regions detected, skipping record
INFO     18/06 15:22:19   Analysing record: gnlProkkaGGEFLBJO_84
INFO     18/06 15:22:19   Detecting secondary metabolite clusters
DEBUG    18/06 15:22:19   Checking if antismash.detection.hmm_detection should be run
INFO     18/06 15:22:19   Running antismash.detection.hmm_detection
INFO     18/06 15:22:19   HMM detection using strictness: relaxed
DEBUG    18/06 15:22:20   0 rule-based cluster(s) found in record
DEBUG    18/06 15:22:20   0 protoclusters found
DEBUG    18/06 15:22:20   0 subregions found
INFO     18/06 15:22:20   No regions detected, skipping record
INFO     18/06 15:22:20   Analysing record: gnlProkkaGGEFLBJO_85
INFO     18/06 15:22:20   Detecting secondary metabolite clusters
DEBUG    18/06 15:22:20   Checking if antismash.detection.hmm_detection should be run
INFO     18/06 15:22:20   Running antismash.detection.hmm_detection
INFO     18/06 15:22:20   HMM detection using strictness: relaxed
DEBUG    18/06 15:22:20   0 rule-based cluster(s) found in record
DEBUG    18/06 15:22:20   0 protoclusters found
DEBUG    18/06 15:22:20   0 subregions found
INFO     18/06 15:22:20   No regions detected, skipping record
INFO     18/06 15:22:20   Analysing record: gnlProkkaGGEFLBJO_86
INFO     18/06 15:22:20   Detecting secondary metabolite clusters
DEBUG    18/06 15:22:20   Checking if antismash.detection.hmm_detection should be run
INFO     18/06 15:22:20   Running antismash.detection.hmm_detection
INFO     18/06 15:22:20   HMM detection using strictness: relaxed
DEBUG    18/06 15:22:21   0 rule-based cluster(s) found in record
DEBUG    18/06 15:22:21   0 protoclusters found
DEBUG    18/06 15:22:21   0 subregions found
INFO     18/06 15:22:21   No regions detected, skipping record
INFO     18/06 15:22:21   Analysing record: gnlProkkaGGEFLBJO_87
INFO     18/06 15:22:21   Detecting secondary metabolite clusters
DEBUG    18/06 15:22:21   Checking if antismash.detection.hmm_detection should be run
INFO     18/06 15:22:21   Running antismash.detection.hmm_detection
INFO     18/06 15:22:21   HMM detection using strictness: relaxed
DEBUG    18/06 15:22:21   0 rule-based cluster(s) found in record
DEBUG    18/06 15:22:21   0 protoclusters found
DEBUG    18/06 15:22:21   0 subregions found
INFO     18/06 15:22:21   No regions detected, skipping record
INFO     18/06 15:22:21   Analysing record: gnlProkkaGGEFLBJO_88
INFO     18/06 15:22:21   Detecting secondary metabolite clusters
DEBUG    18/06 15:22:21   Checking if antismash.detection.hmm_detection should be run
INFO     18/06 15:22:21   Running antismash.detection.hmm_detection
INFO     18/06 15:22:21   HMM detection using strictness: relaxed
DEBUG    18/06 15:22:22   0 rule-based cluster(s) found in record
DEBUG    18/06 15:22:22   0 protoclusters found
DEBUG    18/06 15:22:22   0 subregions found
INFO     18/06 15:22:22   No regions detected, skipping record
INFO     18/06 15:22:22   Analysing record: gnlProkkaGGEFLBJO_89
INFO     18/06 15:22:22   Detecting secondary metabolite clusters
DEBUG    18/06 15:22:22   Checking if antismash.detection.hmm_detection should be run
INFO     18/06 15:22:22   Running antismash.detection.hmm_detection
INFO     18/06 15:22:22   HMM detection using strictness: relaxed
DEBUG    18/06 15:22:22   0 rule-based cluster(s) found in record
DEBUG    18/06 15:22:22   0 protoclusters found
DEBUG    18/06 15:22:22   0 subregions found
INFO     18/06 15:22:22   No regions detected, skipping record
INFO     18/06 15:22:22   Analysing record: gnlProkkaGGEFLBJO_90
INFO     18/06 15:22:22   Detecting secondary metabolite clusters
DEBUG    18/06 15:22:22   Checking if antismash.detection.hmm_detection should be run
INFO     18/06 15:22:22   Running antismash.detection.hmm_detection
INFO     18/06 15:22:22   HMM detection using strictness: relaxed
DEBUG    18/06 15:22:23   0 rule-based cluster(s) found in record
DEBUG    18/06 15:22:23   0 protoclusters found
DEBUG    18/06 15:22:23   0 subregions found
INFO     18/06 15:22:23   No regions detected, skipping record
INFO     18/06 15:22:23   Analysing record: gnlProkkaGGEFLBJO_92
INFO     18/06 15:22:23   Detecting secondary metabolite clusters
DEBUG    18/06 15:22:23   Checking if antismash.detection.hmm_detection should be run
INFO     18/06 15:22:23   Running antismash.detection.hmm_detection
INFO     18/06 15:22:23   HMM detection using strictness: relaxed
DEBUG    18/06 15:22:23   0 rule-based cluster(s) found in record
DEBUG    18/06 15:22:23   0 protoclusters found
DEBUG    18/06 15:22:23   0 subregions found
INFO     18/06 15:22:23   No regions detected, skipping record
INFO     18/06 15:22:23   Analysing record: gnlProkkaGGEFLBJO_93
INFO     18/06 15:22:23   Detecting secondary metabolite clusters
DEBUG    18/06 15:22:23   Checking if antismash.detection.hmm_detection should be run
INFO     18/06 15:22:23   Running antismash.detection.hmm_detection
INFO     18/06 15:22:23   HMM detection using strictness: relaxed
DEBUG    18/06 15:22:23   0 rule-based cluster(s) found in record
DEBUG    18/06 15:22:23   0 protoclusters found
DEBUG    18/06 15:22:23   0 subregions found
INFO     18/06 15:22:23   No regions detected, skipping record
INFO     18/06 15:22:23   Analysing record: gnlProkkaGGEFLBJO_94
INFO     18/06 15:22:23   Detecting secondary metabolite clusters
DEBUG    18/06 15:22:23   Checking if antismash.detection.hmm_detection should be run
INFO     18/06 15:22:23   Running antismash.detection.hmm_detection
INFO     18/06 15:22:23   HMM detection using strictness: relaxed
DEBUG    18/06 15:22:24   0 rule-based cluster(s) found in record
DEBUG    18/06 15:22:24   0 protoclusters found
DEBUG    18/06 15:22:24   0 subregions found
INFO     18/06 15:22:24   No regions detected, skipping record
INFO     18/06 15:22:24   Analysing record: gnlProkkaGGEFLBJO_95
INFO     18/06 15:22:24   Detecting secondary metabolite clusters
DEBUG    18/06 15:22:24   Checking if antismash.detection.hmm_detection should be run
INFO     18/06 15:22:24   Running antismash.detection.hmm_detection
INFO     18/06 15:22:24   HMM detection using strictness: relaxed
DEBUG    18/06 15:22:24   0 rule-based cluster(s) found in record
DEBUG    18/06 15:22:24   0 protoclusters found
DEBUG    18/06 15:22:24   0 subregions found
INFO     18/06 15:22:24   No regions detected, skipping record
INFO     18/06 15:22:24   Analysing record: gnlProkkaGGEFLBJO_96
INFO     18/06 15:22:24   Detecting secondary metabolite clusters
DEBUG    18/06 15:22:24   Checking if antismash.detection.hmm_detection should be run
INFO     18/06 15:22:24   Running antismash.detection.hmm_detection
INFO     18/06 15:22:24   HMM detection using strictness: relaxed
DEBUG    18/06 15:22:25   0 rule-based cluster(s) found in record
DEBUG    18/06 15:22:25   0 protoclusters found
DEBUG    18/06 15:22:25   0 subregions found
INFO     18/06 15:22:25   No regions detected, skipping record
INFO     18/06 15:22:25   Analysing record: gnlProkkaGGEFLBJO_97
INFO     18/06 15:22:25   Detecting secondary metabolite clusters
DEBUG    18/06 15:22:25   Checking if antismash.detection.hmm_detection should be run
INFO     18/06 15:22:25   Running antismash.detection.hmm_detection
INFO     18/06 15:22:25   HMM detection using strictness: relaxed
DEBUG    18/06 15:22:25   0 rule-based cluster(s) found in record
DEBUG    18/06 15:22:25   0 protoclusters found
DEBUG    18/06 15:22:25   0 subregions found
INFO     18/06 15:22:25   No regions detected, skipping record
INFO     18/06 15:22:25   Analysing record: gnlProkkaGGEFLBJO_98
INFO     18/06 15:22:25   Detecting secondary metabolite clusters
DEBUG    18/06 15:22:25   Checking if antismash.detection.hmm_detection should be run
INFO     18/06 15:22:25   Running antismash.detection.hmm_detection
INFO     18/06 15:22:25   HMM detection using strictness: relaxed
DEBUG    18/06 15:22:26   0 rule-based cluster(s) found in record
DEBUG    18/06 15:22:26   0 protoclusters found
DEBUG    18/06 15:22:26   0 subregions found
INFO     18/06 15:22:26   No regions detected, skipping record
INFO     18/06 15:22:26   Analysing record: gnlProkkaGGEFLBJO_99
INFO     18/06 15:22:26   Detecting secondary metabolite clusters
DEBUG    18/06 15:22:26   Checking if antismash.detection.hmm_detection should be run
INFO     18/06 15:22:26   Running antismash.detection.hmm_detection
INFO     18/06 15:22:26   HMM detection using strictness: relaxed
DEBUG    18/06 15:22:26   0 rule-based cluster(s) found in record
DEBUG    18/06 15:22:26   0 protoclusters found
DEBUG    18/06 15:22:26   0 subregions found
INFO     18/06 15:22:26   No regions detected, skipping record
INFO     18/06 15:22:26   Analysing record: gnlProkkaGGEFLBJO_100
INFO     18/06 15:22:26   Detecting secondary metabolite clusters
DEBUG    18/06 15:22:26   Checking if antismash.detection.hmm_detection should be run
INFO     18/06 15:22:26   Running antismash.detection.hmm_detection
INFO     18/06 15:22:26   HMM detection using strictness: relaxed
DEBUG    18/06 15:22:27   0 rule-based cluster(s) found in record
DEBUG    18/06 15:22:27   0 protoclusters found
DEBUG    18/06 15:22:27   0 subregions found
INFO     18/06 15:22:27   No regions detected, skipping record
INFO     18/06 15:22:27   Analysing record: gnlProkkaGGEFLBJO_101
INFO     18/06 15:22:27   Detecting secondary metabolite clusters
DEBUG    18/06 15:22:27   Checking if antismash.detection.hmm_detection should be run
INFO     18/06 15:22:27   Running antismash.detection.hmm_detection
INFO     18/06 15:22:27   HMM detection using strictness: relaxed
DEBUG    18/06 15:22:27   0 rule-based cluster(s) found in record
DEBUG    18/06 15:22:27   0 protoclusters found
DEBUG    18/06 15:22:27   0 subregions found
INFO     18/06 15:22:27   No regions detected, skipping record
INFO     18/06 15:22:27   Analysing record: gnlProkkaGGEFLBJO_102
INFO     18/06 15:22:27   Detecting secondary metabolite clusters
DEBUG    18/06 15:22:27   Checking if antismash.detection.hmm_detection should be run
INFO     18/06 15:22:27   Running antismash.detection.hmm_detection
INFO     18/06 15:22:27   HMM detection using strictness: relaxed
DEBUG    18/06 15:22:27   0 rule-based cluster(s) found in record
DEBUG    18/06 15:22:27   0 protoclusters found
DEBUG    18/06 15:22:27   0 subregions found
INFO     18/06 15:22:27   No regions detected, skipping record
INFO     18/06 15:22:27   Analysing record: gnlProkkaGGEFLBJO_103
INFO     18/06 15:22:27   Detecting secondary metabolite clusters
DEBUG    18/06 15:22:27   Checking if antismash.detection.hmm_detection should be run
INFO     18/06 15:22:27   Running antismash.detection.hmm_detection
INFO     18/06 15:22:27   HMM detection using strictness: relaxed
DEBUG    18/06 15:22:28   0 rule-based cluster(s) found in record
DEBUG    18/06 15:22:28   0 protoclusters found
DEBUG    18/06 15:22:28   0 subregions found
INFO     18/06 15:22:28   No regions detected, skipping record
INFO     18/06 15:22:28   Analysing record: gnlProkkaGGEFLBJO_104
INFO     18/06 15:22:28   Detecting secondary metabolite clusters
DEBUG    18/06 15:22:28   Checking if antismash.detection.hmm_detection should be run
INFO     18/06 15:22:28   Running antismash.detection.hmm_detection
INFO     18/06 15:22:28   HMM detection using strictness: relaxed
DEBUG    18/06 15:22:28   0 rule-based cluster(s) found in record
DEBUG    18/06 15:22:28   0 protoclusters found
DEBUG    18/06 15:22:28   0 subregions found
INFO     18/06 15:22:28   No regions detected, skipping record
INFO     18/06 15:22:28   Analysing record: gnlProkkaGGEFLBJO_105
INFO     18/06 15:22:28   Detecting secondary metabolite clusters
DEBUG    18/06 15:22:28   Checking if antismash.detection.hmm_detection should be run
INFO     18/06 15:22:28   Running antismash.detection.hmm_detection
INFO     18/06 15:22:28   HMM detection using strictness: relaxed
DEBUG    18/06 15:22:29   0 rule-based cluster(s) found in record
DEBUG    18/06 15:22:29   0 protoclusters found
DEBUG    18/06 15:22:29   0 subregions found
INFO     18/06 15:22:29   No regions detected, skipping record
INFO     18/06 15:22:29   Writing results
DEBUG    18/06 15:22:29   Writing json results to '/data/antismash/upload/bacteria-2c972334-cdd6-49ac-bf47-c5fc0bc0d918/G1M02.json'
DEBUG    18/06 15:22:29   Record gnlProkkaGGEFLBJO_1 has results for modules: hmm_detection, cluster_hmmer, genefunctions, nrps_pks_domains, tigrfam, active_site_finder, cluster_compare, clusterblast, lanthipeptides, lassopeptides, nrps_pks, pfam2go, rrefinder, sactipeptides, t2pks, terpene, tfbs_finder, thiopeptides
DEBUG    18/06 15:22:29   Converting antismash.detection.hmm_detection results to json
DEBUG    18/06 15:22:29   Converting antismash.detection.cluster_hmmer results to json
DEBUG    18/06 15:22:29   Converting antismash.detection.genefunctions results to json
DEBUG    18/06 15:22:29   Converting antismash.detection.nrps_pks_domains results to json
DEBUG    18/06 15:22:29   Converting antismash.detection.tigrfam results to json
DEBUG    18/06 15:22:29   Converting antismash.modules.active_site_finder results to json
DEBUG    18/06 15:22:29   Converting antismash.modules.cluster_compare results to json
DEBUG    18/06 15:22:29   Converting antismash.modules.clusterblast results to json
DEBUG    18/06 15:22:29   Converting antismash.modules.lanthipeptides results to json
DEBUG    18/06 15:22:29   Converting antismash.modules.lassopeptides results to json
DEBUG    18/06 15:22:29   Converting antismash.modules.nrps_pks results to json
DEBUG    18/06 15:22:29   Converting antismash.modules.pfam2go results to json
DEBUG    18/06 15:22:29   Converting antismash.modules.rrefinder results to json
DEBUG    18/06 15:22:29   Converting antismash.modules.sactipeptides results to json
DEBUG    18/06 15:22:29   Converting antismash.modules.t2pks results to json
DEBUG    18/06 15:22:29   Converting antismash.modules.terpene results to json
DEBUG    18/06 15:22:29   Converting antismash.modules.tfbs_finder results to json
DEBUG    18/06 15:22:29   Converting antismash.modules.thiopeptides results to json
DEBUG    18/06 15:22:29   Converting antismash.modules.tta results to json
DEBUG    18/06 15:22:29   Record gnlProkkaGGEFLBJO_2 has results for modules: hmm_detection
DEBUG    18/06 15:22:29   Converting antismash.detection.hmm_detection results to json
DEBUG    18/06 15:22:29   Record gnlProkkaGGEFLBJO_3 has results for modules: hmm_detection
DEBUG    18/06 15:22:29   Converting antismash.detection.hmm_detection results to json
DEBUG    18/06 15:22:29   Record gnlProkkaGGEFLBJO_4 has results for modules: hmm_detection
DEBUG    18/06 15:22:29   Converting antismash.detection.hmm_detection results to json
DEBUG    18/06 15:22:29   Record gnlProkkaGGEFLBJO_5 has results for modules: hmm_detection
DEBUG    18/06 15:22:29   Converting antismash.detection.hmm_detection results to json
DEBUG    18/06 15:22:29   Record gnlProkkaGGEFLBJO_6 has results for modules: hmm_detection
DEBUG    18/06 15:22:29   Converting antismash.detection.hmm_detection results to json
DEBUG    18/06 15:22:29   Record gnlProkkaGGEFLBJO_7 has results for modules: hmm_detection, cluster_hmmer, genefunctions, nrps_pks_domains, tigrfam, active_site_finder, cluster_compare, clusterblast, lanthipeptides, lassopeptides, nrps_pks, pfam2go, rrefinder, sactipeptides, t2pks, terpene, tfbs_finder, thiopeptides
DEBUG    18/06 15:22:29   Converting antismash.detection.hmm_detection results to json
DEBUG    18/06 15:22:29   Converting antismash.detection.cluster_hmmer results to json
DEBUG    18/06 15:22:29   Converting antismash.detection.genefunctions results to json
DEBUG    18/06 15:22:29   Converting antismash.detection.nrps_pks_domains results to json
DEBUG    18/06 15:22:29   Converting antismash.detection.tigrfam results to json
DEBUG    18/06 15:22:29   Converting antismash.modules.active_site_finder results to json
DEBUG    18/06 15:22:29   Converting antismash.modules.cluster_compare results to json
DEBUG    18/06 15:22:29   Converting antismash.modules.clusterblast results to json
DEBUG    18/06 15:22:29   Converting antismash.modules.lanthipeptides results to json
DEBUG    18/06 15:22:29   Converting antismash.modules.lassopeptides results to json
DEBUG    18/06 15:22:29   Converting antismash.modules.nrps_pks results to json
DEBUG    18/06 15:22:29   Converting antismash.modules.pfam2go results to json
DEBUG    18/06 15:22:29   Converting antismash.modules.rrefinder results to json
DEBUG    18/06 15:22:29   Converting antismash.modules.sactipeptides results to json
DEBUG    18/06 15:22:29   Converting antismash.modules.t2pks results to json
DEBUG    18/06 15:22:29   Converting antismash.modules.terpene results to json
DEBUG    18/06 15:22:29   Converting antismash.modules.tfbs_finder results to json
DEBUG    18/06 15:22:29   Converting antismash.modules.thiopeptides results to json
DEBUG    18/06 15:22:29   Converting antismash.modules.tta results to json
DEBUG    18/06 15:22:29   Record gnlProkkaGGEFLBJO_8 has results for modules: hmm_detection, cluster_hmmer, genefunctions, nrps_pks_domains, tigrfam, active_site_finder, cluster_compare, clusterblast, lanthipeptides, lassopeptides, nrps_pks, pfam2go, rrefinder, sactipeptides, t2pks, terpene, tfbs_finder, thiopeptides
DEBUG    18/06 15:22:29   Converting antismash.detection.hmm_detection results to json
DEBUG    18/06 15:22:29   Converting antismash.detection.cluster_hmmer results to json
DEBUG    18/06 15:22:29   Converting antismash.detection.genefunctions results to json
DEBUG    18/06 15:22:29   Converting antismash.detection.nrps_pks_domains results to json
DEBUG    18/06 15:22:29   Converting antismash.detection.tigrfam results to json
DEBUG    18/06 15:22:29   Converting antismash.modules.active_site_finder results to json
DEBUG    18/06 15:22:29   Converting antismash.modules.cluster_compare results to json
DEBUG    18/06 15:22:29   Converting antismash.modules.clusterblast results to json
DEBUG    18/06 15:22:29   Converting antismash.modules.lanthipeptides results to json
DEBUG    18/06 15:22:29   Converting antismash.modules.lassopeptides results to json
DEBUG    18/06 15:22:29   Converting antismash.modules.nrps_pks results to json
DEBUG    18/06 15:22:29   Converting antismash.modules.pfam2go results to json
DEBUG    18/06 15:22:29   Converting antismash.modules.rrefinder results to json
DEBUG    18/06 15:22:29   Converting antismash.modules.sactipeptides results to json
DEBUG    18/06 15:22:29   Converting antismash.modules.t2pks results to json
DEBUG    18/06 15:22:29   Converting antismash.modules.terpene results to json
DEBUG    18/06 15:22:29   Converting antismash.modules.tfbs_finder results to json
DEBUG    18/06 15:22:29   Converting antismash.modules.thiopeptides results to json
DEBUG    18/06 15:22:29   Converting antismash.modules.tta results to json
DEBUG    18/06 15:22:29   Record gnlProkkaGGEFLBJO_9 has results for modules: hmm_detection, cluster_hmmer, genefunctions, nrps_pks_domains, tigrfam, active_site_finder, cluster_compare, clusterblast, lanthipeptides, lassopeptides, nrps_pks, pfam2go, rrefinder, sactipeptides, t2pks, terpene, tfbs_finder, thiopeptides
DEBUG    18/06 15:22:29   Converting antismash.detection.hmm_detection results to json
DEBUG    18/06 15:22:29   Converting antismash.detection.cluster_hmmer results to json
DEBUG    18/06 15:22:29   Converting antismash.detection.genefunctions results to json
DEBUG    18/06 15:22:29   Converting antismash.detection.nrps_pks_domains results to json
DEBUG    18/06 15:22:29   Converting antismash.detection.tigrfam results to json
DEBUG    18/06 15:22:29   Converting antismash.modules.active_site_finder results to json
DEBUG    18/06 15:22:29   Converting antismash.modules.cluster_compare results to json
DEBUG    18/06 15:22:29   Converting antismash.modules.clusterblast results to json
DEBUG    18/06 15:22:29   Converting antismash.modules.lanthipeptides results to json
DEBUG    18/06 15:22:29   Converting antismash.modules.lassopeptides results to json
DEBUG    18/06 15:22:29   Converting antismash.modules.nrps_pks results to json
DEBUG    18/06 15:22:29   Converting antismash.modules.pfam2go results to json
DEBUG    18/06 15:22:29   Converting antismash.modules.rrefinder results to json
DEBUG    18/06 15:22:29   Converting antismash.modules.sactipeptides results to json
DEBUG    18/06 15:22:29   Converting antismash.modules.t2pks results to json
DEBUG    18/06 15:22:29   Converting antismash.modules.terpene results to json
DEBUG    18/06 15:22:29   Converting antismash.modules.tfbs_finder results to json
DEBUG    18/06 15:22:29   Converting antismash.modules.thiopeptides results to json
DEBUG    18/06 15:22:29   Converting antismash.modules.tta results to json
DEBUG    18/06 15:22:29   Record gnlProkkaGGEFLBJO_10 has results for modules: hmm_detection, cluster_hmmer, genefunctions, nrps_pks_domains, tigrfam, active_site_finder, cluster_compare, clusterblast, lanthipeptides, lassopeptides, nrps_pks, pfam2go, rrefinder, sactipeptides, t2pks, terpene, tfbs_finder, thiopeptides
DEBUG    18/06 15:22:29   Converting antismash.detection.hmm_detection results to json
DEBUG    18/06 15:22:29   Converting antismash.detection.cluster_hmmer results to json
DEBUG    18/06 15:22:29   Converting antismash.detection.genefunctions results to json
DEBUG    18/06 15:22:29   Converting antismash.detection.nrps_pks_domains results to json
DEBUG    18/06 15:22:29   Converting antismash.detection.tigrfam results to json
DEBUG    18/06 15:22:29   Converting antismash.modules.active_site_finder results to json
DEBUG    18/06 15:22:29   Converting antismash.modules.cluster_compare results to json
DEBUG    18/06 15:22:29   Converting antismash.modules.clusterblast results to json
DEBUG    18/06 15:22:29   Converting antismash.modules.lanthipeptides results to json
DEBUG    18/06 15:22:29   Converting antismash.modules.lassopeptides results to json
DEBUG    18/06 15:22:29   Converting antismash.modules.nrps_pks results to json
DEBUG    18/06 15:22:29   Converting antismash.modules.pfam2go results to json
DEBUG    18/06 15:22:29   Converting antismash.modules.rrefinder results to json
DEBUG    18/06 15:22:29   Converting antismash.modules.sactipeptides results to json
DEBUG    18/06 15:22:29   Converting antismash.modules.t2pks results to json
DEBUG    18/06 15:22:29   Converting antismash.modules.terpene results to json
DEBUG    18/06 15:22:29   Converting antismash.modules.tfbs_finder results to json
DEBUG    18/06 15:22:29   Converting antismash.modules.thiopeptides results to json
DEBUG    18/06 15:22:29   Converting antismash.modules.tta results to json
DEBUG    18/06 15:22:29   Record gnlProkkaGGEFLBJO_11 has results for modules: hmm_detection, cluster_hmmer, genefunctions, nrps_pks_domains, tigrfam, active_site_finder, cluster_compare, clusterblast, lanthipeptides, lassopeptides, nrps_pks, pfam2go, rrefinder, sactipeptides, t2pks, terpene, tfbs_finder, thiopeptides
DEBUG    18/06 15:22:29   Converting antismash.detection.hmm_detection results to json
DEBUG    18/06 15:22:29   Converting antismash.detection.cluster_hmmer results to json
DEBUG    18/06 15:22:29   Converting antismash.detection.genefunctions results to json
DEBUG    18/06 15:22:29   Converting antismash.detection.nrps_pks_domains results to json
DEBUG    18/06 15:22:29   Converting antismash.detection.tigrfam results to json
DEBUG    18/06 15:22:29   Converting antismash.modules.active_site_finder results to json
DEBUG    18/06 15:22:29   Converting antismash.modules.cluster_compare results to json
DEBUG    18/06 15:22:29   Converting antismash.modules.clusterblast results to json
DEBUG    18/06 15:22:29   Converting antismash.modules.lanthipeptides results to json
DEBUG    18/06 15:22:29   Converting antismash.modules.lassopeptides results to json
DEBUG    18/06 15:22:29   Converting antismash.modules.nrps_pks results to json
DEBUG    18/06 15:22:29   Converting antismash.modules.pfam2go results to json
DEBUG    18/06 15:22:29   Converting antismash.modules.rrefinder results to json
DEBUG    18/06 15:22:29   Converting antismash.modules.sactipeptides results to json
DEBUG    18/06 15:22:29   Converting antismash.modules.t2pks results to json
DEBUG    18/06 15:22:29   Converting antismash.modules.terpene results to json
DEBUG    18/06 15:22:29   Converting antismash.modules.tfbs_finder results to json
DEBUG    18/06 15:22:29   Converting antismash.modules.thiopeptides results to json
DEBUG    18/06 15:22:29   Converting antismash.modules.tta results to json
DEBUG    18/06 15:22:29   Record gnlProkkaGGEFLBJO_12 has results for modules: hmm_detection
DEBUG    18/06 15:22:29   Converting antismash.detection.hmm_detection results to json
DEBUG    18/06 15:22:29   Record gnlProkkaGGEFLBJO_13 has results for modules: hmm_detection, cluster_hmmer, genefunctions, nrps_pks_domains, tigrfam, active_site_finder, cluster_compare, clusterblast, lanthipeptides, lassopeptides, nrps_pks, pfam2go, rrefinder, sactipeptides, t2pks, terpene, tfbs_finder, thiopeptides
DEBUG    18/06 15:22:29   Converting antismash.detection.hmm_detection results to json
DEBUG    18/06 15:22:29   Converting antismash.detection.cluster_hmmer results to json
DEBUG    18/06 15:22:29   Converting antismash.detection.genefunctions results to json
DEBUG    18/06 15:22:29   Converting antismash.detection.nrps_pks_domains results to json
DEBUG    18/06 15:22:29   Converting antismash.detection.tigrfam results to json
DEBUG    18/06 15:22:29   Converting antismash.modules.active_site_finder results to json
DEBUG    18/06 15:22:29   Converting antismash.modules.cluster_compare results to json
DEBUG    18/06 15:22:29   Converting antismash.modules.clusterblast results to json
DEBUG    18/06 15:22:29   Converting antismash.modules.lanthipeptides results to json
DEBUG    18/06 15:22:29   Converting antismash.modules.lassopeptides results to json
DEBUG    18/06 15:22:29   Converting antismash.modules.nrps_pks results to json
DEBUG    18/06 15:22:29   Converting antismash.modules.pfam2go results to json
DEBUG    18/06 15:22:29   Converting antismash.modules.rrefinder results to json
DEBUG    18/06 15:22:29   Converting antismash.modules.sactipeptides results to json
DEBUG    18/06 15:22:29   Converting antismash.modules.t2pks results to json
DEBUG    18/06 15:22:29   Converting antismash.modules.terpene results to json
DEBUG    18/06 15:22:29   Converting antismash.modules.tfbs_finder results to json
DEBUG    18/06 15:22:29   Converting antismash.modules.thiopeptides results to json
DEBUG    18/06 15:22:29   Converting antismash.modules.tta results to json
DEBUG    18/06 15:22:29   Record gnlProkkaGGEFLBJO_14 has results for modules: hmm_detection, cluster_hmmer, genefunctions, nrps_pks_domains, tigrfam, active_site_finder, cluster_compare, clusterblast, lanthipeptides, lassopeptides, nrps_pks, pfam2go, rrefinder, sactipeptides, t2pks, terpene, tfbs_finder, thiopeptides
DEBUG    18/06 15:22:29   Converting antismash.detection.hmm_detection results to json
DEBUG    18/06 15:22:29   Converting antismash.detection.cluster_hmmer results to json
DEBUG    18/06 15:22:29   Converting antismash.detection.genefunctions results to json
DEBUG    18/06 15:22:29   Converting antismash.detection.nrps_pks_domains results to json
DEBUG    18/06 15:22:29   Converting antismash.detection.tigrfam results to json
DEBUG    18/06 15:22:29   Converting antismash.modules.active_site_finder results to json
DEBUG    18/06 15:22:29   Converting antismash.modules.cluster_compare results to json
DEBUG    18/06 15:22:29   Converting antismash.modules.clusterblast results to json
DEBUG    18/06 15:22:29   Converting antismash.modules.lanthipeptides results to json
DEBUG    18/06 15:22:29   Converting antismash.modules.lassopeptides results to json
DEBUG    18/06 15:22:29   Converting antismash.modules.nrps_pks results to json
DEBUG    18/06 15:22:29   Converting antismash.modules.pfam2go results to json
DEBUG    18/06 15:22:29   Converting antismash.modules.rrefinder results to json
DEBUG    18/06 15:22:29   Converting antismash.modules.sactipeptides results to json
DEBUG    18/06 15:22:29   Converting antismash.modules.t2pks results to json
DEBUG    18/06 15:22:29   Converting antismash.modules.terpene results to json
DEBUG    18/06 15:22:29   Converting antismash.modules.tfbs_finder results to json
DEBUG    18/06 15:22:29   Converting antismash.modules.thiopeptides results to json
DEBUG    18/06 15:22:29   Converting antismash.modules.tta results to json
DEBUG    18/06 15:22:29   Record gnlProkkaGGEFLBJO_15 has results for modules: hmm_detection
DEBUG    18/06 15:22:29   Converting antismash.detection.hmm_detection results to json
DEBUG    18/06 15:22:29   Record gnlProkkaGGEFLBJO_16 has results for modules: hmm_detection
DEBUG    18/06 15:22:29   Converting antismash.detection.hmm_detection results to json
DEBUG    18/06 15:22:29   Record gnlProkkaGGEFLBJO_17 has results for modules: hmm_detection
DEBUG    18/06 15:22:29   Converting antismash.detection.hmm_detection results to json
DEBUG    18/06 15:22:29   Record gnlProkkaGGEFLBJO_18 has results for modules: hmm_detection
DEBUG    18/06 15:22:29   Converting antismash.detection.hmm_detection results to json
DEBUG    18/06 15:22:29   Record gnlProkkaGGEFLBJO_19 has results for modules: hmm_detection, cluster_hmmer, genefunctions, nrps_pks_domains, tigrfam, active_site_finder, cluster_compare, clusterblast, lanthipeptides, lassopeptides, nrps_pks, pfam2go, rrefinder, sactipeptides, t2pks, terpene, tfbs_finder, thiopeptides
DEBUG    18/06 15:22:29   Converting antismash.detection.hmm_detection results to json
DEBUG    18/06 15:22:29   Converting antismash.detection.cluster_hmmer results to json
DEBUG    18/06 15:22:29   Converting antismash.detection.genefunctions results to json
DEBUG    18/06 15:22:29   Converting antismash.detection.nrps_pks_domains results to json
DEBUG    18/06 15:22:29   Converting antismash.detection.tigrfam results to json
DEBUG    18/06 15:22:29   Converting antismash.modules.active_site_finder results to json
DEBUG    18/06 15:22:29   Converting antismash.modules.cluster_compare results to json
DEBUG    18/06 15:22:29   Converting antismash.modules.clusterblast results to json
DEBUG    18/06 15:22:29   Converting antismash.modules.lanthipeptides results to json
DEBUG    18/06 15:22:29   Converting antismash.modules.lassopeptides results to json
DEBUG    18/06 15:22:29   Converting antismash.modules.nrps_pks results to json
DEBUG    18/06 15:22:29   Converting antismash.modules.pfam2go results to json
DEBUG    18/06 15:22:29   Converting antismash.modules.rrefinder results to json
DEBUG    18/06 15:22:29   Converting antismash.modules.sactipeptides results to json
DEBUG    18/06 15:22:29   Converting antismash.modules.t2pks results to json
DEBUG    18/06 15:22:29   Converting antismash.modules.terpene results to json
DEBUG    18/06 15:22:29   Converting antismash.modules.tfbs_finder results to json
DEBUG    18/06 15:22:29   Converting antismash.modules.thiopeptides results to json
DEBUG    18/06 15:22:29   Converting antismash.modules.tta results to json
DEBUG    18/06 15:22:29   Record gnlProkkaGGEFLBJO_20 has results for modules: hmm_detection
DEBUG    18/06 15:22:29   Converting antismash.detection.hmm_detection results to json
DEBUG    18/06 15:22:29   Record gnlProkkaGGEFLBJO_21 has results for modules: hmm_detection
DEBUG    18/06 15:22:29   Converting antismash.detection.hmm_detection results to json
DEBUG    18/06 15:22:29   Record gnlProkkaGGEFLBJO_22 has results for modules: hmm_detection
DEBUG    18/06 15:22:29   Converting antismash.detection.hmm_detection results to json
DEBUG    18/06 15:22:29   Record gnlProkkaGGEFLBJO_23 has results for modules: hmm_detection
DEBUG    18/06 15:22:29   Converting antismash.detection.hmm_detection results to json
DEBUG    18/06 15:22:29   Record gnlProkkaGGEFLBJO_24 has results for modules: hmm_detection
DEBUG    18/06 15:22:29   Converting antismash.detection.hmm_detection results to json
DEBUG    18/06 15:22:29   Record gnlProkkaGGEFLBJO_25 has results for modules: hmm_detection
DEBUG    18/06 15:22:29   Converting antismash.detection.hmm_detection results to json
DEBUG    18/06 15:22:29   Record gnlProkkaGGEFLBJO_26 has results for modules: hmm_detection
DEBUG    18/06 15:22:29   Converting antismash.detection.hmm_detection results to json
DEBUG    18/06 15:22:29   Record gnlProkkaGGEFLBJO_27 has results for modules: hmm_detection
DEBUG    18/06 15:22:29   Converting antismash.detection.hmm_detection results to json
DEBUG    18/06 15:22:29   Record gnlProkkaGGEFLBJO_28 has results for modules: hmm_detection
DEBUG    18/06 15:22:29   Converting antismash.detection.hmm_detection results to json
DEBUG    18/06 15:22:29   Record gnlProkkaGGEFLBJO_29 has results for modules: hmm_detection
DEBUG    18/06 15:22:29   Converting antismash.detection.hmm_detection results to json
DEBUG    18/06 15:22:29   Record gnlProkkaGGEFLBJO_30 has results for modules: hmm_detection
DEBUG    18/06 15:22:29   Converting antismash.detection.hmm_detection results to json
DEBUG    18/06 15:22:29   Record gnlProkkaGGEFLBJO_31 has results for modules: hmm_detection
DEBUG    18/06 15:22:29   Converting antismash.detection.hmm_detection results to json
DEBUG    18/06 15:22:29   Record gnlProkkaGGEFLBJO_32 has results for modules: hmm_detection, cluster_hmmer, genefunctions, nrps_pks_domains, tigrfam, active_site_finder, cluster_compare, clusterblast, lanthipeptides, lassopeptides, nrps_pks, pfam2go, rrefinder, sactipeptides, t2pks, terpene, tfbs_finder, thiopeptides
DEBUG    18/06 15:22:29   Converting antismash.detection.hmm_detection results to json
DEBUG    18/06 15:22:29   Converting antismash.detection.cluster_hmmer results to json
DEBUG    18/06 15:22:29   Converting antismash.detection.genefunctions results to json
DEBUG    18/06 15:22:29   Converting antismash.detection.nrps_pks_domains results to json
DEBUG    18/06 15:22:29   Converting antismash.detection.tigrfam results to json
DEBUG    18/06 15:22:29   Converting antismash.modules.active_site_finder results to json
DEBUG    18/06 15:22:29   Converting antismash.modules.cluster_compare results to json
DEBUG    18/06 15:22:29   Converting antismash.modules.clusterblast results to json
DEBUG    18/06 15:22:29   Converting antismash.modules.lanthipeptides results to json
DEBUG    18/06 15:22:29   Converting antismash.modules.lassopeptides results to json
DEBUG    18/06 15:22:29   Converting antismash.modules.nrps_pks results to json
DEBUG    18/06 15:22:29   Converting antismash.modules.pfam2go results to json
DEBUG    18/06 15:22:29   Converting antismash.modules.rrefinder results to json
DEBUG    18/06 15:22:29   Converting antismash.modules.sactipeptides results to json
DEBUG    18/06 15:22:29   Converting antismash.modules.t2pks results to json
DEBUG    18/06 15:22:29   Converting antismash.modules.terpene results to json
DEBUG    18/06 15:22:29   Converting antismash.modules.tfbs_finder results to json
DEBUG    18/06 15:22:29   Converting antismash.modules.thiopeptides results to json
DEBUG    18/06 15:22:29   Converting antismash.modules.tta results to json
DEBUG    18/06 15:22:29   Record gnlProkkaGGEFLBJO_33 has results for modules: hmm_detection
DEBUG    18/06 15:22:29   Converting antismash.detection.hmm_detection results to json
DEBUG    18/06 15:22:29   Record gnlProkkaGGEFLBJO_34 has results for modules: hmm_detection
DEBUG    18/06 15:22:29   Converting antismash.detection.hmm_detection results to json
DEBUG    18/06 15:22:29   Record gnlProkkaGGEFLBJO_35 has results for modules: hmm_detection, cluster_hmmer, genefunctions, nrps_pks_domains, tigrfam, active_site_finder, cluster_compare, clusterblast, lanthipeptides, lassopeptides, nrps_pks, pfam2go, rrefinder, sactipeptides, t2pks, terpene, tfbs_finder, thiopeptides
DEBUG    18/06 15:22:29   Converting antismash.detection.hmm_detection results to json
DEBUG    18/06 15:22:29   Converting antismash.detection.cluster_hmmer results to json
DEBUG    18/06 15:22:29   Converting antismash.detection.genefunctions results to json
DEBUG    18/06 15:22:29   Converting antismash.detection.nrps_pks_domains results to json
DEBUG    18/06 15:22:29   Converting antismash.detection.tigrfam results to json
DEBUG    18/06 15:22:29   Converting antismash.modules.active_site_finder results to json
DEBUG    18/06 15:22:29   Converting antismash.modules.cluster_compare results to json
DEBUG    18/06 15:22:29   Converting antismash.modules.clusterblast results to json
DEBUG    18/06 15:22:29   Converting antismash.modules.lanthipeptides results to json
DEBUG    18/06 15:22:29   Converting antismash.modules.lassopeptides results to json
DEBUG    18/06 15:22:29   Converting antismash.modules.nrps_pks results to json
DEBUG    18/06 15:22:29   Converting antismash.modules.pfam2go results to json
DEBUG    18/06 15:22:29   Converting antismash.modules.rrefinder results to json
DEBUG    18/06 15:22:29   Converting antismash.modules.sactipeptides results to json
DEBUG    18/06 15:22:29   Converting antismash.modules.t2pks results to json
DEBUG    18/06 15:22:29   Converting antismash.modules.terpene results to json
DEBUG    18/06 15:22:29   Converting antismash.modules.tfbs_finder results to json
DEBUG    18/06 15:22:29   Converting antismash.modules.thiopeptides results to json
DEBUG    18/06 15:22:29   Converting antismash.modules.tta results to json
DEBUG    18/06 15:22:29   Record gnlProkkaGGEFLBJO_36 has results for modules: hmm_detection
DEBUG    18/06 15:22:29   Converting antismash.detection.hmm_detection results to json
DEBUG    18/06 15:22:29   Record gnlProkkaGGEFLBJO_37 has results for modules: hmm_detection
DEBUG    18/06 15:22:29   Converting antismash.detection.hmm_detection results to json
DEBUG    18/06 15:22:29   Record gnlProkkaGGEFLBJO_38 has results for modules: hmm_detection
DEBUG    18/06 15:22:29   Converting antismash.detection.hmm_detection results to json
DEBUG    18/06 15:22:29   Record gnlProkkaGGEFLBJO_39 has results for modules: hmm_detection
DEBUG    18/06 15:22:29   Converting antismash.detection.hmm_detection results to json
DEBUG    18/06 15:22:29   Record gnlProkkaGGEFLBJO_40 has results for modules: hmm_detection
DEBUG    18/06 15:22:29   Converting antismash.detection.hmm_detection results to json
DEBUG    18/06 15:22:29   Record gnlProkkaGGEFLBJO_41 has results for modules: hmm_detection
DEBUG    18/06 15:22:29   Converting antismash.detection.hmm_detection results to json
DEBUG    18/06 15:22:29   Record gnlProkkaGGEFLBJO_42 has results for modules: hmm_detection
DEBUG    18/06 15:22:29   Converting antismash.detection.hmm_detection results to json
DEBUG    18/06 15:22:29   Record gnlProkkaGGEFLBJO_43 has results for modules: hmm_detection
DEBUG    18/06 15:22:29   Converting antismash.detection.hmm_detection results to json
DEBUG    18/06 15:22:29   Record gnlProkkaGGEFLBJO_44 has results for modules: hmm_detection
DEBUG    18/06 15:22:29   Converting antismash.detection.hmm_detection results to json
DEBUG    18/06 15:22:29   Record gnlProkkaGGEFLBJO_45 has results for modules: hmm_detection
DEBUG    18/06 15:22:29   Converting antismash.detection.hmm_detection results to json
DEBUG    18/06 15:22:29   Record gnlProkkaGGEFLBJO_46 has results for modules: hmm_detection
DEBUG    18/06 15:22:29   Converting antismash.detection.hmm_detection results to json
DEBUG    18/06 15:22:29   Record gnlProkkaGGEFLBJO_47 has results for modules: hmm_detection
DEBUG    18/06 15:22:29   Converting antismash.detection.hmm_detection results to json
DEBUG    18/06 15:22:29   Record gnlProkkaGGEFLBJO_48 has results for modules: hmm_detection
DEBUG    18/06 15:22:29   Converting antismash.detection.hmm_detection results to json
DEBUG    18/06 15:22:29   Record gnlProkkaGGEFLBJO_49 has results for modules: hmm_detection
DEBUG    18/06 15:22:29   Converting antismash.detection.hmm_detection results to json
DEBUG    18/06 15:22:29   Record gnlProkkaGGEFLBJO_50 has results for modules: hmm_detection
DEBUG    18/06 15:22:29   Converting antismash.detection.hmm_detection results to json
DEBUG    18/06 15:22:29   Record gnlProkkaGGEFLBJO_51 has results for modules: hmm_detection
DEBUG    18/06 15:22:29   Converting antismash.detection.hmm_detection results to json
DEBUG    18/06 15:22:29   Record gnlProkkaGGEFLBJO_52 has results for modules: hmm_detection
DEBUG    18/06 15:22:29   Converting antismash.detection.hmm_detection results to json
DEBUG    18/06 15:22:29   Record gnlProkkaGGEFLBJO_53 has results for modules: hmm_detection
DEBUG    18/06 15:22:29   Converting antismash.detection.hmm_detection results to json
DEBUG    18/06 15:22:29   Record gnlProkkaGGEFLBJO_54 has results for modules: hmm_detection
DEBUG    18/06 15:22:29   Converting antismash.detection.hmm_detection results to json
DEBUG    18/06 15:22:29   Record gnlProkkaGGEFLBJO_55 has results for modules: hmm_detection
DEBUG    18/06 15:22:29   Converting antismash.detection.hmm_detection results to json
DEBUG    18/06 15:22:29   Record gnlProkkaGGEFLBJO_56 has results for modules: hmm_detection
DEBUG    18/06 15:22:29   Converting antismash.detection.hmm_detection results to json
DEBUG    18/06 15:22:29   Record gnlProkkaGGEFLBJO_57 has results for modules: hmm_detection
DEBUG    18/06 15:22:29   Converting antismash.detection.hmm_detection results to json
DEBUG    18/06 15:22:29   Record gnlProkkaGGEFLBJO_58 has results for modules: hmm_detection
DEBUG    18/06 15:22:29   Converting antismash.detection.hmm_detection results to json
DEBUG    18/06 15:22:29   Record gnlProkkaGGEFLBJO_59 has results for modules: hmm_detection
DEBUG    18/06 15:22:29   Converting antismash.detection.hmm_detection results to json
DEBUG    18/06 15:22:29   Record gnlProkkaGGEFLBJO_60 has results for modules: hmm_detection
DEBUG    18/06 15:22:29   Converting antismash.detection.hmm_detection results to json
DEBUG    18/06 15:22:29   Record gnlProkkaGGEFLBJO_61 has results for modules: hmm_detection
DEBUG    18/06 15:22:29   Converting antismash.detection.hmm_detection results to json
DEBUG    18/06 15:22:29   Record gnlProkkaGGEFLBJO_62 has results for modules: hmm_detection
DEBUG    18/06 15:22:29   Converting antismash.detection.hmm_detection results to json
DEBUG    18/06 15:22:29   Record gnlProkkaGGEFLBJO_63 has results for modules: hmm_detection
DEBUG    18/06 15:22:29   Converting antismash.detection.hmm_detection results to json
DEBUG    18/06 15:22:29   Record gnlProkkaGGEFLBJO_64 has results for modules: hmm_detection
DEBUG    18/06 15:22:29   Converting antismash.detection.hmm_detection results to json
DEBUG    18/06 15:22:29   Record gnlProkkaGGEFLBJO_65 has results for modules: hmm_detection
DEBUG    18/06 15:22:29   Converting antismash.detection.hmm_detection results to json
DEBUG    18/06 15:22:29   Record gnlProkkaGGEFLBJO_66 has results for modules: hmm_detection
DEBUG    18/06 15:22:29   Converting antismash.detection.hmm_detection results to json
DEBUG    18/06 15:22:29   Record gnlProkkaGGEFLBJO_67 has results for modules: hmm_detection
DEBUG    18/06 15:22:29   Converting antismash.detection.hmm_detection results to json
DEBUG    18/06 15:22:29   Record gnlProkkaGGEFLBJO_68 has results for modules: hmm_detection
DEBUG    18/06 15:22:29   Converting antismash.detection.hmm_detection results to json
DEBUG    18/06 15:22:29   Record gnlProkkaGGEFLBJO_69 has results for modules: hmm_detection
DEBUG    18/06 15:22:29   Converting antismash.detection.hmm_detection results to json
DEBUG    18/06 15:22:29   Record gnlProkkaGGEFLBJO_70 has results for modules: hmm_detection
DEBUG    18/06 15:22:29   Converting antismash.detection.hmm_detection results to json
DEBUG    18/06 15:22:29   Record gnlProkkaGGEFLBJO_71 has results for modules: hmm_detection
DEBUG    18/06 15:22:29   Converting antismash.detection.hmm_detection results to json
DEBUG    18/06 15:22:29   Record gnlProkkaGGEFLBJO_72 has results for modules: hmm_detection
DEBUG    18/06 15:22:29   Converting antismash.detection.hmm_detection results to json
DEBUG    18/06 15:22:29   Record gnlProkkaGGEFLBJO_73 has results for modules: hmm_detection
DEBUG    18/06 15:22:29   Converting antismash.detection.hmm_detection results to json
DEBUG    18/06 15:22:29   Record gnlProkkaGGEFLBJO_74 has results for modules: hmm_detection
DEBUG    18/06 15:22:29   Converting antismash.detection.hmm_detection results to json
DEBUG    18/06 15:22:29   Record gnlProkkaGGEFLBJO_75 has results for modules: hmm_detection
DEBUG    18/06 15:22:29   Converting antismash.detection.hmm_detection results to json
DEBUG    18/06 15:22:29   Record gnlProkkaGGEFLBJO_76 has results for modules: hmm_detection
DEBUG    18/06 15:22:29   Converting antismash.detection.hmm_detection results to json
DEBUG    18/06 15:22:29   Record gnlProkkaGGEFLBJO_77 has results for modules: hmm_detection
DEBUG    18/06 15:22:29   Converting antismash.detection.hmm_detection results to json
DEBUG    18/06 15:22:29   Record gnlProkkaGGEFLBJO_78 has results for modules: hmm_detection
DEBUG    18/06 15:22:29   Converting antismash.detection.hmm_detection results to json
DEBUG    18/06 15:22:29   Record gnlProkkaGGEFLBJO_79 has results for modules: hmm_detection
DEBUG    18/06 15:22:29   Converting antismash.detection.hmm_detection results to json
DEBUG    18/06 15:22:29   Record gnlProkkaGGEFLBJO_80 has results for modules: hmm_detection
DEBUG    18/06 15:22:29   Converting antismash.detection.hmm_detection results to json
DEBUG    18/06 15:22:29   Record gnlProkkaGGEFLBJO_81 has results for modules: hmm_detection
DEBUG    18/06 15:22:29   Converting antismash.detection.hmm_detection results to json
DEBUG    18/06 15:22:29   Record gnlProkkaGGEFLBJO_82 has results for modules: hmm_detection
DEBUG    18/06 15:22:29   Converting antismash.detection.hmm_detection results to json
DEBUG    18/06 15:22:29   Record gnlProkkaGGEFLBJO_83 has results for modules: hmm_detection
DEBUG    18/06 15:22:29   Converting antismash.detection.hmm_detection results to json
DEBUG    18/06 15:22:29   Record gnlProkkaGGEFLBJO_84 has results for modules: hmm_detection
DEBUG    18/06 15:22:29   Converting antismash.detection.hmm_detection results to json
DEBUG    18/06 15:22:29   Record gnlProkkaGGEFLBJO_85 has results for modules: hmm_detection
DEBUG    18/06 15:22:29   Converting antismash.detection.hmm_detection results to json
DEBUG    18/06 15:22:29   Record gnlProkkaGGEFLBJO_86 has results for modules: hmm_detection
DEBUG    18/06 15:22:29   Converting antismash.detection.hmm_detection results to json
DEBUG    18/06 15:22:29   Record gnlProkkaGGEFLBJO_87 has results for modules: hmm_detection
DEBUG    18/06 15:22:29   Converting antismash.detection.hmm_detection results to json
DEBUG    18/06 15:22:29   Record gnlProkkaGGEFLBJO_88 has results for modules: hmm_detection
DEBUG    18/06 15:22:29   Converting antismash.detection.hmm_detection results to json
DEBUG    18/06 15:22:29   Record gnlProkkaGGEFLBJO_89 has results for modules: hmm_detection
DEBUG    18/06 15:22:29   Converting antismash.detection.hmm_detection results to json
DEBUG    18/06 15:22:29   Record gnlProkkaGGEFLBJO_90 has results for modules: hmm_detection
DEBUG    18/06 15:22:29   Converting antismash.detection.hmm_detection results to json
DEBUG    18/06 15:22:29   Record gnlProkkaGGEFLBJO_92 has results for modules: hmm_detection
DEBUG    18/06 15:22:29   Converting antismash.detection.hmm_detection results to json
DEBUG    18/06 15:22:29   Record gnlProkkaGGEFLBJO_93 has results for modules: hmm_detection
DEBUG    18/06 15:22:29   Converting antismash.detection.hmm_detection results to json
DEBUG    18/06 15:22:29   Record gnlProkkaGGEFLBJO_94 has results for modules: hmm_detection
DEBUG    18/06 15:22:29   Converting antismash.detection.hmm_detection results to json
DEBUG    18/06 15:22:29   Record gnlProkkaGGEFLBJO_95 has results for modules: hmm_detection
DEBUG    18/06 15:22:29   Converting antismash.detection.hmm_detection results to json
DEBUG    18/06 15:22:29   Record gnlProkkaGGEFLBJO_96 has results for modules: hmm_detection
DEBUG    18/06 15:22:29   Converting antismash.detection.hmm_detection results to json
DEBUG    18/06 15:22:29   Record gnlProkkaGGEFLBJO_97 has results for modules: hmm_detection
DEBUG    18/06 15:22:29   Converting antismash.detection.hmm_detection results to json
DEBUG    18/06 15:22:29   Record gnlProkkaGGEFLBJO_98 has results for modules: hmm_detection
DEBUG    18/06 15:22:29   Converting antismash.detection.hmm_detection results to json
DEBUG    18/06 15:22:29   Record gnlProkkaGGEFLBJO_99 has results for modules: hmm_detection
DEBUG    18/06 15:22:29   Converting antismash.detection.hmm_detection results to json
DEBUG    18/06 15:22:29   Record gnlProkkaGGEFLBJO_100 has results for modules: hmm_detection
DEBUG    18/06 15:22:29   Converting antismash.detection.hmm_detection results to json
DEBUG    18/06 15:22:29   Record gnlProkkaGGEFLBJO_101 has results for modules: hmm_detection
DEBUG    18/06 15:22:29   Converting antismash.detection.hmm_detection results to json
DEBUG    18/06 15:22:29   Record gnlProkkaGGEFLBJO_102 has results for modules: hmm_detection
DEBUG    18/06 15:22:29   Converting antismash.detection.hmm_detection results to json
DEBUG    18/06 15:22:29   Record gnlProkkaGGEFLBJO_103 has results for modules: hmm_detection
DEBUG    18/06 15:22:29   Converting antismash.detection.hmm_detection results to json
DEBUG    18/06 15:22:29   Record gnlProkkaGGEFLBJO_104 has results for modules: hmm_detection
DEBUG    18/06 15:22:29   Converting antismash.detection.hmm_detection results to json
DEBUG    18/06 15:22:29   Record gnlProkkaGGEFLBJO_105 has results for modules: hmm_detection
DEBUG    18/06 15:22:29   Converting antismash.detection.hmm_detection results to json
DEBUG    18/06 15:22:29   Annotating record gnlProkkaGGEFLBJO_1 with results from: hmm_detection, cluster_hmmer, genefunctions, nrps_pks_domains, tigrfam, active_site_finder, cluster_compare, clusterblast, lanthipeptides, lassopeptides, nrps_pks, pfam2go, rrefinder, sactipeptides, t2pks, terpene, tfbs_finder, thiopeptides, tta
DEBUG    18/06 15:22:29    Adding results from antismash.modules.active_site_finder
DEBUG    18/06 15:22:29    Adding results from antismash.modules.cluster_compare
DEBUG    18/06 15:22:29    Adding results from antismash.modules.clusterblast
DEBUG    18/06 15:22:29    Adding results from antismash.modules.lanthipeptides
DEBUG    18/06 15:22:29    Adding results from antismash.modules.lassopeptides
DEBUG    18/06 15:22:29    Adding results from antismash.modules.nrps_pks
DEBUG    18/06 15:22:29    Adding results from antismash.modules.pfam2go
DEBUG    18/06 15:22:29    Adding results from antismash.modules.rrefinder
DEBUG    18/06 15:22:29    Adding results from antismash.modules.sactipeptides
DEBUG    18/06 15:22:29    Adding results from antismash.modules.t2pks
DEBUG    18/06 15:22:29    Adding results from antismash.modules.terpene
DEBUG    18/06 15:22:29    Adding results from antismash.modules.tfbs_finder
DEBUG    18/06 15:22:29    Adding results from antismash.modules.thiopeptides
DEBUG    18/06 15:22:29    Adding results from antismash.modules.tta
DEBUG    18/06 15:22:29   Not annotating skipped record gnlProkkaGGEFLBJO_2: No regions detected
DEBUG    18/06 15:22:29   Not annotating skipped record gnlProkkaGGEFLBJO_3: No regions detected
DEBUG    18/06 15:22:29   Not annotating skipped record gnlProkkaGGEFLBJO_4: No regions detected
DEBUG    18/06 15:22:29   Not annotating skipped record gnlProkkaGGEFLBJO_5: No regions detected
DEBUG    18/06 15:22:29   Not annotating skipped record gnlProkkaGGEFLBJO_6: No regions detected
DEBUG    18/06 15:22:29   Annotating record gnlProkkaGGEFLBJO_7 with results from: hmm_detection, cluster_hmmer, genefunctions, nrps_pks_domains, tigrfam, active_site_finder, cluster_compare, clusterblast, lanthipeptides, lassopeptides, nrps_pks, pfam2go, rrefinder, sactipeptides, t2pks, terpene, tfbs_finder, thiopeptides, tta
DEBUG    18/06 15:22:29    Adding results from antismash.modules.active_site_finder
DEBUG    18/06 15:22:29    Adding results from antismash.modules.cluster_compare
DEBUG    18/06 15:22:29    Adding results from antismash.modules.clusterblast
DEBUG    18/06 15:22:29    Adding results from antismash.modules.lanthipeptides
DEBUG    18/06 15:22:29    Adding results from antismash.modules.lassopeptides
DEBUG    18/06 15:22:29    Adding results from antismash.modules.nrps_pks
DEBUG    18/06 15:22:29    Adding results from antismash.modules.pfam2go
DEBUG    18/06 15:22:29    Adding results from antismash.modules.rrefinder
DEBUG    18/06 15:22:29    Adding results from antismash.modules.sactipeptides
DEBUG    18/06 15:22:29    Adding results from antismash.modules.t2pks
DEBUG    18/06 15:22:29    Adding results from antismash.modules.terpene
DEBUG    18/06 15:22:29    Adding results from antismash.modules.tfbs_finder
DEBUG    18/06 15:22:29    Adding results from antismash.modules.thiopeptides
DEBUG    18/06 15:22:29    Adding results from antismash.modules.tta
DEBUG    18/06 15:22:29   Annotating record gnlProkkaGGEFLBJO_8 with results from: hmm_detection, cluster_hmmer, genefunctions, nrps_pks_domains, tigrfam, active_site_finder, cluster_compare, clusterblast, lanthipeptides, lassopeptides, nrps_pks, pfam2go, rrefinder, sactipeptides, t2pks, terpene, tfbs_finder, thiopeptides, tta
DEBUG    18/06 15:22:29    Adding results from antismash.modules.active_site_finder
DEBUG    18/06 15:22:29    Adding results from antismash.modules.cluster_compare
DEBUG    18/06 15:22:29    Adding results from antismash.modules.clusterblast
DEBUG    18/06 15:22:29    Adding results from antismash.modules.lanthipeptides
DEBUG    18/06 15:22:29    Adding results from antismash.modules.lassopeptides
DEBUG    18/06 15:22:29    Adding results from antismash.modules.nrps_pks
DEBUG    18/06 15:22:29    Adding results from antismash.modules.pfam2go
DEBUG    18/06 15:22:29    Adding results from antismash.modules.rrefinder
DEBUG    18/06 15:22:29    Adding results from antismash.modules.sactipeptides
DEBUG    18/06 15:22:29    Adding results from antismash.modules.t2pks
DEBUG    18/06 15:22:29    Adding results from antismash.modules.terpene
DEBUG    18/06 15:22:29    Adding results from antismash.modules.tfbs_finder
DEBUG    18/06 15:22:29    Adding results from antismash.modules.thiopeptides
DEBUG    18/06 15:22:29    Adding results from antismash.modules.tta
DEBUG    18/06 15:22:29   Annotating record gnlProkkaGGEFLBJO_9 with results from: hmm_detection, cluster_hmmer, genefunctions, nrps_pks_domains, tigrfam, active_site_finder, cluster_compare, clusterblast, lanthipeptides, lassopeptides, nrps_pks, pfam2go, rrefinder, sactipeptides, t2pks, terpene, tfbs_finder, thiopeptides, tta
DEBUG    18/06 15:22:29    Adding results from antismash.modules.active_site_finder
DEBUG    18/06 15:22:29    Adding results from antismash.modules.cluster_compare
DEBUG    18/06 15:22:29    Adding results from antismash.modules.clusterblast
DEBUG    18/06 15:22:29    Adding results from antismash.modules.lanthipeptides
DEBUG    18/06 15:22:29    Adding results from antismash.modules.lassopeptides
DEBUG    18/06 15:22:29    Adding results from antismash.modules.nrps_pks
DEBUG    18/06 15:22:29    Adding results from antismash.modules.pfam2go
DEBUG    18/06 15:22:29    Adding results from antismash.modules.rrefinder
DEBUG    18/06 15:22:29    Adding results from antismash.modules.sactipeptides
DEBUG    18/06 15:22:29    Adding results from antismash.modules.t2pks
DEBUG    18/06 15:22:29    Adding results from antismash.modules.terpene
DEBUG    18/06 15:22:29    Adding results from antismash.modules.tfbs_finder
DEBUG    18/06 15:22:29    Adding results from antismash.modules.thiopeptides
DEBUG    18/06 15:22:29    Adding results from antismash.modules.tta
DEBUG    18/06 15:22:29   Annotating record gnlProkkaGGEFLBJO_10 with results from: hmm_detection, cluster_hmmer, genefunctions, nrps_pks_domains, tigrfam, active_site_finder, cluster_compare, clusterblast, lanthipeptides, lassopeptides, nrps_pks, pfam2go, rrefinder, sactipeptides, t2pks, terpene, tfbs_finder, thiopeptides, tta
DEBUG    18/06 15:22:29    Adding results from antismash.modules.active_site_finder
DEBUG    18/06 15:22:29    Adding results from antismash.modules.cluster_compare
DEBUG    18/06 15:22:29    Adding results from antismash.modules.clusterblast
DEBUG    18/06 15:22:29    Adding results from antismash.modules.lanthipeptides
DEBUG    18/06 15:22:29    Adding results from antismash.modules.lassopeptides
DEBUG    18/06 15:22:29    Adding results from antismash.modules.nrps_pks
DEBUG    18/06 15:22:29    Adding results from antismash.modules.pfam2go
DEBUG    18/06 15:22:29    Adding results from antismash.modules.rrefinder
DEBUG    18/06 15:22:29    Adding results from antismash.modules.sactipeptides
DEBUG    18/06 15:22:29    Adding results from antismash.modules.t2pks
DEBUG    18/06 15:22:29    Adding results from antismash.modules.terpene
DEBUG    18/06 15:22:29    Adding results from antismash.modules.tfbs_finder
DEBUG    18/06 15:22:29    Adding results from antismash.modules.thiopeptides
DEBUG    18/06 15:22:29    Adding results from antismash.modules.tta
DEBUG    18/06 15:22:29   Annotating record gnlProkkaGGEFLBJO_11 with results from: hmm_detection, cluster_hmmer, genefunctions, nrps_pks_domains, tigrfam, active_site_finder, cluster_compare, clusterblast, lanthipeptides, lassopeptides, nrps_pks, pfam2go, rrefinder, sactipeptides, t2pks, terpene, tfbs_finder, thiopeptides, tta
DEBUG    18/06 15:22:29    Adding results from antismash.modules.active_site_finder
DEBUG    18/06 15:22:29    Adding results from antismash.modules.cluster_compare
DEBUG    18/06 15:22:29    Adding results from antismash.modules.clusterblast
DEBUG    18/06 15:22:29    Adding results from antismash.modules.lanthipeptides
DEBUG    18/06 15:22:29    Adding results from antismash.modules.lassopeptides
DEBUG    18/06 15:22:29    Adding results from antismash.modules.nrps_pks
DEBUG    18/06 15:22:29    Adding results from antismash.modules.pfam2go
DEBUG    18/06 15:22:29    Adding results from antismash.modules.rrefinder
DEBUG    18/06 15:22:29    Adding results from antismash.modules.sactipeptides
DEBUG    18/06 15:22:29    Adding results from antismash.modules.t2pks
DEBUG    18/06 15:22:29    Adding results from antismash.modules.terpene
DEBUG    18/06 15:22:29    Adding results from antismash.modules.tfbs_finder
DEBUG    18/06 15:22:29    Adding results from antismash.modules.thiopeptides
DEBUG    18/06 15:22:29    Adding results from antismash.modules.tta
DEBUG    18/06 15:22:29   Not annotating skipped record gnlProkkaGGEFLBJO_12: No regions detected
DEBUG    18/06 15:22:29   Annotating record gnlProkkaGGEFLBJO_13 with results from: hmm_detection, cluster_hmmer, genefunctions, nrps_pks_domains, tigrfam, active_site_finder, cluster_compare, clusterblast, lanthipeptides, lassopeptides, nrps_pks, pfam2go, rrefinder, sactipeptides, t2pks, terpene, tfbs_finder, thiopeptides, tta
DEBUG    18/06 15:22:29    Adding results from antismash.modules.active_site_finder
DEBUG    18/06 15:22:29    Adding results from antismash.modules.cluster_compare
DEBUG    18/06 15:22:29    Adding results from antismash.modules.clusterblast
DEBUG    18/06 15:22:29    Adding results from antismash.modules.lanthipeptides
DEBUG    18/06 15:22:29    Adding results from antismash.modules.lassopeptides
DEBUG    18/06 15:22:29    Adding results from antismash.modules.nrps_pks
DEBUG    18/06 15:22:29    Adding results from antismash.modules.pfam2go
DEBUG    18/06 15:22:29    Adding results from antismash.modules.rrefinder
DEBUG    18/06 15:22:29    Adding results from antismash.modules.sactipeptides
DEBUG    18/06 15:22:29    Adding results from antismash.modules.t2pks
DEBUG    18/06 15:22:29    Adding results from antismash.modules.terpene
DEBUG    18/06 15:22:29    Adding results from antismash.modules.tfbs_finder
DEBUG    18/06 15:22:29    Adding results from antismash.modules.thiopeptides
DEBUG    18/06 15:22:29    Adding results from antismash.modules.tta
DEBUG    18/06 15:22:29   Annotating record gnlProkkaGGEFLBJO_14 with results from: hmm_detection, cluster_hmmer, genefunctions, nrps_pks_domains, tigrfam, active_site_finder, cluster_compare, clusterblast, lanthipeptides, lassopeptides, nrps_pks, pfam2go, rrefinder, sactipeptides, t2pks, terpene, tfbs_finder, thiopeptides, tta
DEBUG    18/06 15:22:29    Adding results from antismash.modules.active_site_finder
DEBUG    18/06 15:22:29    Adding results from antismash.modules.cluster_compare
DEBUG    18/06 15:22:29    Adding results from antismash.modules.clusterblast
DEBUG    18/06 15:22:29    Adding results from antismash.modules.lanthipeptides
DEBUG    18/06 15:22:29    Adding results from antismash.modules.lassopeptides
DEBUG    18/06 15:22:29    Adding results from antismash.modules.nrps_pks
DEBUG    18/06 15:22:29    Adding results from antismash.modules.pfam2go
DEBUG    18/06 15:22:29    Adding results from antismash.modules.rrefinder
DEBUG    18/06 15:22:29    Adding results from antismash.modules.sactipeptides
DEBUG    18/06 15:22:29    Adding results from antismash.modules.t2pks
DEBUG    18/06 15:22:29    Adding results from antismash.modules.terpene
DEBUG    18/06 15:22:29    Adding results from antismash.modules.tfbs_finder
DEBUG    18/06 15:22:29    Adding results from antismash.modules.thiopeptides
DEBUG    18/06 15:22:29    Adding results from antismash.modules.tta
DEBUG    18/06 15:22:29   Not annotating skipped record gnlProkkaGGEFLBJO_15: No regions detected
DEBUG    18/06 15:22:29   Not annotating skipped record gnlProkkaGGEFLBJO_16: No regions detected
DEBUG    18/06 15:22:29   Not annotating skipped record gnlProkkaGGEFLBJO_17: No regions detected
DEBUG    18/06 15:22:29   Not annotating skipped record gnlProkkaGGEFLBJO_18: No regions detected
DEBUG    18/06 15:22:29   Annotating record gnlProkkaGGEFLBJO_19 with results from: hmm_detection, cluster_hmmer, genefunctions, nrps_pks_domains, tigrfam, active_site_finder, cluster_compare, clusterblast, lanthipeptides, lassopeptides, nrps_pks, pfam2go, rrefinder, sactipeptides, t2pks, terpene, tfbs_finder, thiopeptides, tta
DEBUG    18/06 15:22:29    Adding results from antismash.modules.active_site_finder
DEBUG    18/06 15:22:29    Adding results from antismash.modules.cluster_compare
DEBUG    18/06 15:22:29    Adding results from antismash.modules.clusterblast
DEBUG    18/06 15:22:29    Adding results from antismash.modules.lanthipeptides
DEBUG    18/06 15:22:29    Adding results from antismash.modules.lassopeptides
DEBUG    18/06 15:22:29    Adding results from antismash.modules.nrps_pks
DEBUG    18/06 15:22:29    Adding results from antismash.modules.pfam2go
DEBUG    18/06 15:22:29    Adding results from antismash.modules.rrefinder
DEBUG    18/06 15:22:29    Adding results from antismash.modules.sactipeptides
DEBUG    18/06 15:22:29    Adding results from antismash.modules.t2pks
DEBUG    18/06 15:22:29    Adding results from antismash.modules.terpene
DEBUG    18/06 15:22:29    Adding results from antismash.modules.tfbs_finder
DEBUG    18/06 15:22:29    Adding results from antismash.modules.thiopeptides
DEBUG    18/06 15:22:29    Adding results from antismash.modules.tta
DEBUG    18/06 15:22:29   Not annotating skipped record gnlProkkaGGEFLBJO_20: No regions detected
DEBUG    18/06 15:22:29   Not annotating skipped record gnlProkkaGGEFLBJO_21: No regions detected
DEBUG    18/06 15:22:29   Not annotating skipped record gnlProkkaGGEFLBJO_22: No regions detected
DEBUG    18/06 15:22:29   Not annotating skipped record gnlProkkaGGEFLBJO_23: No regions detected
DEBUG    18/06 15:22:29   Not annotating skipped record gnlProkkaGGEFLBJO_24: No regions detected
DEBUG    18/06 15:22:29   Not annotating skipped record gnlProkkaGGEFLBJO_25: No regions detected
DEBUG    18/06 15:22:29   Not annotating skipped record gnlProkkaGGEFLBJO_26: No regions detected
DEBUG    18/06 15:22:29   Not annotating skipped record gnlProkkaGGEFLBJO_27: No regions detected
DEBUG    18/06 15:22:29   Not annotating skipped record gnlProkkaGGEFLBJO_28: No regions detected
DEBUG    18/06 15:22:29   Not annotating skipped record gnlProkkaGGEFLBJO_29: No regions detected
DEBUG    18/06 15:22:29   Not annotating skipped record gnlProkkaGGEFLBJO_30: No regions detected
DEBUG    18/06 15:22:29   Not annotating skipped record gnlProkkaGGEFLBJO_31: No regions detected
DEBUG    18/06 15:22:29   Annotating record gnlProkkaGGEFLBJO_32 with results from: hmm_detection, cluster_hmmer, genefunctions, nrps_pks_domains, tigrfam, active_site_finder, cluster_compare, clusterblast, lanthipeptides, lassopeptides, nrps_pks, pfam2go, rrefinder, sactipeptides, t2pks, terpene, tfbs_finder, thiopeptides, tta
DEBUG    18/06 15:22:29    Adding results from antismash.modules.active_site_finder
DEBUG    18/06 15:22:29    Adding results from antismash.modules.cluster_compare
DEBUG    18/06 15:22:29    Adding results from antismash.modules.clusterblast
DEBUG    18/06 15:22:29    Adding results from antismash.modules.lanthipeptides
DEBUG    18/06 15:22:29    Adding results from antismash.modules.lassopeptides
DEBUG    18/06 15:22:29    Adding results from antismash.modules.nrps_pks
DEBUG    18/06 15:22:29    Adding results from antismash.modules.pfam2go
DEBUG    18/06 15:22:29    Adding results from antismash.modules.rrefinder
DEBUG    18/06 15:22:29    Adding results from antismash.modules.sactipeptides
DEBUG    18/06 15:22:29    Adding results from antismash.modules.t2pks
DEBUG    18/06 15:22:29    Adding results from antismash.modules.terpene
DEBUG    18/06 15:22:29    Adding results from antismash.modules.tfbs_finder
DEBUG    18/06 15:22:29    Adding results from antismash.modules.thiopeptides
DEBUG    18/06 15:22:29    Adding results from antismash.modules.tta
DEBUG    18/06 15:22:29   Not annotating skipped record gnlProkkaGGEFLBJO_33: No regions detected
DEBUG    18/06 15:22:29   Not annotating skipped record gnlProkkaGGEFLBJO_34: No regions detected
DEBUG    18/06 15:22:29   Annotating record gnlProkkaGGEFLBJO_35 with results from: hmm_detection, cluster_hmmer, genefunctions, nrps_pks_domains, tigrfam, active_site_finder, cluster_compare, clusterblast, lanthipeptides, lassopeptides, nrps_pks, pfam2go, rrefinder, sactipeptides, t2pks, terpene, tfbs_finder, thiopeptides, tta
DEBUG    18/06 15:22:29    Adding results from antismash.modules.active_site_finder
DEBUG    18/06 15:22:29    Adding results from antismash.modules.cluster_compare
DEBUG    18/06 15:22:29    Adding results from antismash.modules.clusterblast
DEBUG    18/06 15:22:29    Adding results from antismash.modules.lanthipeptides
DEBUG    18/06 15:22:29    Adding results from antismash.modules.lassopeptides
DEBUG    18/06 15:22:29    Adding results from antismash.modules.nrps_pks
DEBUG    18/06 15:22:29    Adding results from antismash.modules.pfam2go
DEBUG    18/06 15:22:29    Adding results from antismash.modules.rrefinder
DEBUG    18/06 15:22:29    Adding results from antismash.modules.sactipeptides
DEBUG    18/06 15:22:29    Adding results from antismash.modules.t2pks
DEBUG    18/06 15:22:29    Adding results from antismash.modules.terpene
DEBUG    18/06 15:22:29    Adding results from antismash.modules.tfbs_finder
DEBUG    18/06 15:22:29    Adding results from antismash.modules.thiopeptides
DEBUG    18/06 15:22:29    Adding results from antismash.modules.tta
DEBUG    18/06 15:22:29   Not annotating skipped record gnlProkkaGGEFLBJO_36: No regions detected
DEBUG    18/06 15:22:29   Not annotating skipped record gnlProkkaGGEFLBJO_37: No regions detected
DEBUG    18/06 15:22:29   Not annotating skipped record gnlProkkaGGEFLBJO_38: No regions detected
DEBUG    18/06 15:22:29   Not annotating skipped record gnlProkkaGGEFLBJO_39: No regions detected
DEBUG    18/06 15:22:29   Not annotating skipped record gnlProkkaGGEFLBJO_40: No regions detected
DEBUG    18/06 15:22:29   Not annotating skipped record gnlProkkaGGEFLBJO_41: No regions detected
DEBUG    18/06 15:22:29   Not annotating skipped record gnlProkkaGGEFLBJO_42: No regions detected
DEBUG    18/06 15:22:29   Not annotating skipped record gnlProkkaGGEFLBJO_43: No regions detected
DEBUG    18/06 15:22:29   Not annotating skipped record gnlProkkaGGEFLBJO_44: No regions detected
DEBUG    18/06 15:22:29   Not annotating skipped record gnlProkkaGGEFLBJO_45: No regions detected
DEBUG    18/06 15:22:29   Not annotating skipped record gnlProkkaGGEFLBJO_46: No regions detected
DEBUG    18/06 15:22:29   Not annotating skipped record gnlProkkaGGEFLBJO_47: No regions detected
DEBUG    18/06 15:22:29   Not annotating skipped record gnlProkkaGGEFLBJO_48: No regions detected
DEBUG    18/06 15:22:29   Not annotating skipped record gnlProkkaGGEFLBJO_49: No regions detected
DEBUG    18/06 15:22:29   Not annotating skipped record gnlProkkaGGEFLBJO_50: No regions detected
DEBUG    18/06 15:22:29   Not annotating skipped record gnlProkkaGGEFLBJO_51: No regions detected
DEBUG    18/06 15:22:29   Not annotating skipped record gnlProkkaGGEFLBJO_52: No regions detected
DEBUG    18/06 15:22:29   Not annotating skipped record gnlProkkaGGEFLBJO_53: No regions detected
DEBUG    18/06 15:22:29   Not annotating skipped record gnlProkkaGGEFLBJO_54: No regions detected
DEBUG    18/06 15:22:29   Not annotating skipped record gnlProkkaGGEFLBJO_55: No regions detected
DEBUG    18/06 15:22:29   Not annotating skipped record gnlProkkaGGEFLBJO_56: No regions detected
DEBUG    18/06 15:22:29   Not annotating skipped record gnlProkkaGGEFLBJO_57: No regions detected
DEBUG    18/06 15:22:29   Not annotating skipped record gnlProkkaGGEFLBJO_58: No regions detected
DEBUG    18/06 15:22:29   Not annotating skipped record gnlProkkaGGEFLBJO_59: No regions detected
DEBUG    18/06 15:22:29   Not annotating skipped record gnlProkkaGGEFLBJO_60: No regions detected
DEBUG    18/06 15:22:29   Not annotating skipped record gnlProkkaGGEFLBJO_61: No regions detected
DEBUG    18/06 15:22:29   Not annotating skipped record gnlProkkaGGEFLBJO_62: No regions detected
DEBUG    18/06 15:22:29   Not annotating skipped record gnlProkkaGGEFLBJO_63: No regions detected
DEBUG    18/06 15:22:29   Not annotating skipped record gnlProkkaGGEFLBJO_64: No regions detected
DEBUG    18/06 15:22:29   Not annotating skipped record gnlProkkaGGEFLBJO_65: No regions detected
DEBUG    18/06 15:22:29   Not annotating skipped record gnlProkkaGGEFLBJO_66: No regions detected
DEBUG    18/06 15:22:29   Not annotating skipped record gnlProkkaGGEFLBJO_67: No regions detected
DEBUG    18/06 15:22:29   Not annotating skipped record gnlProkkaGGEFLBJO_68: No regions detected
DEBUG    18/06 15:22:29   Not annotating skipped record gnlProkkaGGEFLBJO_69: No regions detected
DEBUG    18/06 15:22:29   Not annotating skipped record gnlProkkaGGEFLBJO_70: No regions detected
DEBUG    18/06 15:22:29   Not annotating skipped record gnlProkkaGGEFLBJO_71: No regions detected
DEBUG    18/06 15:22:29   Not annotating skipped record gnlProkkaGGEFLBJO_72: No regions detected
DEBUG    18/06 15:22:29   Not annotating skipped record gnlProkkaGGEFLBJO_73: No regions detected
DEBUG    18/06 15:22:29   Not annotating skipped record gnlProkkaGGEFLBJO_74: No regions detected
DEBUG    18/06 15:22:29   Not annotating skipped record gnlProkkaGGEFLBJO_75: No regions detected
DEBUG    18/06 15:22:29   Not annotating skipped record gnlProkkaGGEFLBJO_76: No regions detected
DEBUG    18/06 15:22:29   Not annotating skipped record gnlProkkaGGEFLBJO_77: No regions detected
DEBUG    18/06 15:22:29   Not annotating skipped record gnlProkkaGGEFLBJO_78: No regions detected
DEBUG    18/06 15:22:29   Not annotating skipped record gnlProkkaGGEFLBJO_79: No regions detected
DEBUG    18/06 15:22:29   Not annotating skipped record gnlProkkaGGEFLBJO_80: No regions detected
DEBUG    18/06 15:22:29   Not annotating skipped record gnlProkkaGGEFLBJO_81: No regions detected
DEBUG    18/06 15:22:29   Not annotating skipped record gnlProkkaGGEFLBJO_82: No regions detected
DEBUG    18/06 15:22:29   Not annotating skipped record gnlProkkaGGEFLBJO_83: No regions detected
DEBUG    18/06 15:22:29   Not annotating skipped record gnlProkkaGGEFLBJO_84: No regions detected
DEBUG    18/06 15:22:29   Not annotating skipped record gnlProkkaGGEFLBJO_85: No regions detected
DEBUG    18/06 15:22:29   Not annotating skipped record gnlProkkaGGEFLBJO_86: No regions detected
DEBUG    18/06 15:22:29   Not annotating skipped record gnlProkkaGGEFLBJO_87: No regions detected
DEBUG    18/06 15:22:29   Not annotating skipped record gnlProkkaGGEFLBJO_88: No regions detected
DEBUG    18/06 15:22:29   Not annotating skipped record gnlProkkaGGEFLBJO_89: No regions detected
DEBUG    18/06 15:22:29   Not annotating skipped record gnlProkkaGGEFLBJO_90: No regions detected
DEBUG    18/06 15:22:29   Not annotating skipped record gnlProkkaGGEFLBJO_91: No genes found
DEBUG    18/06 15:22:29   Not annotating skipped record gnlProkkaGGEFLBJO_92: No regions detected
DEBUG    18/06 15:22:29   Not annotating skipped record gnlProkkaGGEFLBJO_93: No regions detected
DEBUG    18/06 15:22:29   Not annotating skipped record gnlProkkaGGEFLBJO_94: No regions detected
DEBUG    18/06 15:22:29   Not annotating skipped record gnlProkkaGGEFLBJO_95: No regions detected
DEBUG    18/06 15:22:29   Not annotating skipped record gnlProkkaGGEFLBJO_96: No regions detected
DEBUG    18/06 15:22:29   Not annotating skipped record gnlProkkaGGEFLBJO_97: No regions detected
DEBUG    18/06 15:22:29   Not annotating skipped record gnlProkkaGGEFLBJO_98: No regions detected
DEBUG    18/06 15:22:29   Not annotating skipped record gnlProkkaGGEFLBJO_99: No regions detected
DEBUG    18/06 15:22:29   Not annotating skipped record gnlProkkaGGEFLBJO_100: No regions detected
DEBUG    18/06 15:22:29   Not annotating skipped record gnlProkkaGGEFLBJO_101: No regions detected
DEBUG    18/06 15:22:29   Not annotating skipped record gnlProkkaGGEFLBJO_102: No regions detected
DEBUG    18/06 15:22:29   Not annotating skipped record gnlProkkaGGEFLBJO_103: No regions detected
DEBUG    18/06 15:22:29   Not annotating skipped record gnlProkkaGGEFLBJO_104: No regions detected
DEBUG    18/06 15:22:29   Not annotating skipped record gnlProkkaGGEFLBJO_105: No regions detected
DEBUG    18/06 15:22:29   Writing non-HTML output files
DEBUG    18/06 15:22:29    Writing relevant output files for antismash.detection.hmm_detection
DEBUG    18/06 15:22:29    Writing relevant output files for antismash.detection.cluster_hmmer
DEBUG    18/06 15:22:29    Writing relevant output files for antismash.detection.genefunctions
DEBUG    18/06 15:22:29    Writing relevant output files for antismash.detection.nrps_pks_domains
DEBUG    18/06 15:22:29    Writing relevant output files for antismash.detection.tigrfam
DEBUG    18/06 15:22:29    Writing relevant output files for antismash.modules.active_site_finder
DEBUG    18/06 15:22:29    Writing relevant output files for antismash.modules.cluster_compare
DEBUG    18/06 15:22:29    Writing relevant output files for antismash.modules.clusterblast
DEBUG    18/06 15:22:29    Writing relevant output files for antismash.modules.lanthipeptides
DEBUG    18/06 15:22:29    Writing relevant output files for antismash.modules.lassopeptides
DEBUG    18/06 15:22:29    Writing relevant output files for antismash.modules.nrps_pks
DEBUG    18/06 15:22:29    Writing relevant output files for antismash.modules.pfam2go
DEBUG    18/06 15:22:29    Writing relevant output files for antismash.modules.rrefinder
DEBUG    18/06 15:22:29    Writing relevant output files for antismash.modules.sactipeptides
DEBUG    18/06 15:22:29    Writing relevant output files for antismash.modules.t2pks
DEBUG    18/06 15:22:29    Writing relevant output files for antismash.modules.terpene
DEBUG    18/06 15:22:29    Writing relevant output files for antismash.modules.tfbs_finder
DEBUG    18/06 15:22:29    Writing relevant output files for antismash.modules.thiopeptides
DEBUG    18/06 15:22:29    Writing relevant output files for antismash.modules.tta
DEBUG    18/06 15:22:29    Writing relevant output files for antismash.detection.hmm_detection
DEBUG    18/06 15:22:29    Writing relevant output files for antismash.detection.hmm_detection
DEBUG    18/06 15:22:29    Writing relevant output files for antismash.detection.hmm_detection
DEBUG    18/06 15:22:29    Writing relevant output files for antismash.detection.hmm_detection
DEBUG    18/06 15:22:29    Writing relevant output files for antismash.detection.hmm_detection
DEBUG    18/06 15:22:29    Writing relevant output files for antismash.detection.hmm_detection
DEBUG    18/06 15:22:29    Writing relevant output files for antismash.detection.cluster_hmmer
DEBUG    18/06 15:22:29    Writing relevant output files for antismash.detection.genefunctions
DEBUG    18/06 15:22:29    Writing relevant output files for antismash.detection.nrps_pks_domains
DEBUG    18/06 15:22:29    Writing relevant output files for antismash.detection.tigrfam
DEBUG    18/06 15:22:29    Writing relevant output files for antismash.modules.active_site_finder
DEBUG    18/06 15:22:29    Writing relevant output files for antismash.modules.cluster_compare
DEBUG    18/06 15:22:29    Writing relevant output files for antismash.modules.clusterblast
DEBUG    18/06 15:22:29    Writing relevant output files for antismash.modules.lanthipeptides
DEBUG    18/06 15:22:29    Writing relevant output files for antismash.modules.lassopeptides
DEBUG    18/06 15:22:29    Writing relevant output files for antismash.modules.nrps_pks
DEBUG    18/06 15:22:29    Writing relevant output files for antismash.modules.pfam2go
DEBUG    18/06 15:22:29    Writing relevant output files for antismash.modules.rrefinder
DEBUG    18/06 15:22:29    Writing relevant output files for antismash.modules.sactipeptides
DEBUG    18/06 15:22:29    Writing relevant output files for antismash.modules.t2pks
DEBUG    18/06 15:22:29    Writing relevant output files for antismash.modules.terpene
DEBUG    18/06 15:22:29    Writing relevant output files for antismash.modules.tfbs_finder
DEBUG    18/06 15:22:29    Writing relevant output files for antismash.modules.thiopeptides
DEBUG    18/06 15:22:29    Writing relevant output files for antismash.modules.tta
DEBUG    18/06 15:22:29    Writing relevant output files for antismash.detection.hmm_detection
DEBUG    18/06 15:22:29    Writing relevant output files for antismash.detection.cluster_hmmer
DEBUG    18/06 15:22:29    Writing relevant output files for antismash.detection.genefunctions
DEBUG    18/06 15:22:29    Writing relevant output files for antismash.detection.nrps_pks_domains
DEBUG    18/06 15:22:29    Writing relevant output files for antismash.detection.tigrfam
DEBUG    18/06 15:22:29    Writing relevant output files for antismash.modules.active_site_finder
DEBUG    18/06 15:22:29    Writing relevant output files for antismash.modules.cluster_compare
DEBUG    18/06 15:22:29    Writing relevant output files for antismash.modules.clusterblast
DEBUG    18/06 15:22:29    Writing relevant output files for antismash.modules.lanthipeptides
DEBUG    18/06 15:22:29    Writing relevant output files for antismash.modules.lassopeptides
DEBUG    18/06 15:22:29    Writing relevant output files for antismash.modules.nrps_pks
DEBUG    18/06 15:22:29    Writing relevant output files for antismash.modules.pfam2go
DEBUG    18/06 15:22:29    Writing relevant output files for antismash.modules.rrefinder
DEBUG    18/06 15:22:29    Writing relevant output files for antismash.modules.sactipeptides
DEBUG    18/06 15:22:29    Writing relevant output files for antismash.modules.t2pks
DEBUG    18/06 15:22:29    Writing relevant output files for antismash.modules.terpene
DEBUG    18/06 15:22:29    Writing relevant output files for antismash.modules.tfbs_finder
DEBUG    18/06 15:22:29    Writing relevant output files for antismash.modules.thiopeptides
DEBUG    18/06 15:22:29    Writing relevant output files for antismash.modules.tta
DEBUG    18/06 15:22:29    Writing relevant output files for antismash.detection.hmm_detection
DEBUG    18/06 15:22:29    Writing relevant output files for antismash.detection.cluster_hmmer
DEBUG    18/06 15:22:29    Writing relevant output files for antismash.detection.genefunctions
DEBUG    18/06 15:22:29    Writing relevant output files for antismash.detection.nrps_pks_domains
DEBUG    18/06 15:22:29    Writing relevant output files for antismash.detection.tigrfam
DEBUG    18/06 15:22:29    Writing relevant output files for antismash.modules.active_site_finder
DEBUG    18/06 15:22:29    Writing relevant output files for antismash.modules.cluster_compare
DEBUG    18/06 15:22:29    Writing relevant output files for antismash.modules.clusterblast
DEBUG    18/06 15:22:29    Writing relevant output files for antismash.modules.lanthipeptides
DEBUG    18/06 15:22:29    Writing relevant output files for antismash.modules.lassopeptides
DEBUG    18/06 15:22:29    Writing relevant output files for antismash.modules.nrps_pks
DEBUG    18/06 15:22:29    Writing relevant output files for antismash.modules.pfam2go
DEBUG    18/06 15:22:29    Writing relevant output files for antismash.modules.rrefinder
DEBUG    18/06 15:22:29    Writing relevant output files for antismash.modules.sactipeptides
DEBUG    18/06 15:22:29    Writing relevant output files for antismash.modules.t2pks
DEBUG    18/06 15:22:29    Writing relevant output files for antismash.modules.terpene
DEBUG    18/06 15:22:29    Writing relevant output files for antismash.modules.tfbs_finder
DEBUG    18/06 15:22:29    Writing relevant output files for antismash.modules.thiopeptides
DEBUG    18/06 15:22:29    Writing relevant output files for antismash.modules.tta
DEBUG    18/06 15:22:29    Writing relevant output files for antismash.detection.hmm_detection
DEBUG    18/06 15:22:29    Writing relevant output files for antismash.detection.cluster_hmmer
DEBUG    18/06 15:22:29    Writing relevant output files for antismash.detection.genefunctions
DEBUG    18/06 15:22:29    Writing relevant output files for antismash.detection.nrps_pks_domains
DEBUG    18/06 15:22:29    Writing relevant output files for antismash.detection.tigrfam
DEBUG    18/06 15:22:29    Writing relevant output files for antismash.modules.active_site_finder
DEBUG    18/06 15:22:29    Writing relevant output files for antismash.modules.cluster_compare
DEBUG    18/06 15:22:29    Writing relevant output files for antismash.modules.clusterblast
DEBUG    18/06 15:22:29    Writing relevant output files for antismash.modules.lanthipeptides
DEBUG    18/06 15:22:29    Writing relevant output files for antismash.modules.lassopeptides
DEBUG    18/06 15:22:29    Writing relevant output files for antismash.modules.nrps_pks
DEBUG    18/06 15:22:29    Writing relevant output files for antismash.modules.pfam2go
DEBUG    18/06 15:22:29    Writing relevant output files for antismash.modules.rrefinder
DEBUG    18/06 15:22:29    Writing relevant output files for antismash.modules.sactipeptides
DEBUG    18/06 15:22:29    Writing relevant output files for antismash.modules.t2pks
DEBUG    18/06 15:22:29    Writing relevant output files for antismash.modules.terpene
DEBUG    18/06 15:22:29    Writing relevant output files for antismash.modules.tfbs_finder
DEBUG    18/06 15:22:29    Writing relevant output files for antismash.modules.thiopeptides
DEBUG    18/06 15:22:29    Writing relevant output files for antismash.modules.tta
DEBUG    18/06 15:22:29    Writing relevant output files for antismash.detection.hmm_detection
DEBUG    18/06 15:22:29    Writing relevant output files for antismash.detection.cluster_hmmer
DEBUG    18/06 15:22:29    Writing relevant output files for antismash.detection.genefunctions
DEBUG    18/06 15:22:29    Writing relevant output files for antismash.detection.nrps_pks_domains
DEBUG    18/06 15:22:29    Writing relevant output files for antismash.detection.tigrfam
DEBUG    18/06 15:22:29    Writing relevant output files for antismash.modules.active_site_finder
DEBUG    18/06 15:22:29    Writing relevant output files for antismash.modules.cluster_compare
DEBUG    18/06 15:22:29    Writing relevant output files for antismash.modules.clusterblast
DEBUG    18/06 15:22:29    Writing relevant output files for antismash.modules.lanthipeptides
DEBUG    18/06 15:22:29    Writing relevant output files for antismash.modules.lassopeptides
DEBUG    18/06 15:22:29    Writing relevant output files for antismash.modules.nrps_pks
DEBUG    18/06 15:22:29    Writing relevant output files for antismash.modules.pfam2go
DEBUG    18/06 15:22:29    Writing relevant output files for antismash.modules.rrefinder
DEBUG    18/06 15:22:29    Writing relevant output files for antismash.modules.sactipeptides
DEBUG    18/06 15:22:29    Writing relevant output files for antismash.modules.t2pks
DEBUG    18/06 15:22:29    Writing relevant output files for antismash.modules.terpene
DEBUG    18/06 15:22:29    Writing relevant output files for antismash.modules.tfbs_finder
DEBUG    18/06 15:22:29    Writing relevant output files for antismash.modules.thiopeptides
DEBUG    18/06 15:22:29    Writing relevant output files for antismash.modules.tta
DEBUG    18/06 15:22:29    Writing relevant output files for antismash.detection.hmm_detection
DEBUG    18/06 15:22:29    Writing relevant output files for antismash.detection.hmm_detection
DEBUG    18/06 15:22:29    Writing relevant output files for antismash.detection.cluster_hmmer
DEBUG    18/06 15:22:29    Writing relevant output files for antismash.detection.genefunctions
DEBUG    18/06 15:22:29    Writing relevant output files for antismash.detection.nrps_pks_domains
DEBUG    18/06 15:22:29    Writing relevant output files for antismash.detection.tigrfam
DEBUG    18/06 15:22:29    Writing relevant output files for antismash.modules.active_site_finder
DEBUG    18/06 15:22:29    Writing relevant output files for antismash.modules.cluster_compare
DEBUG    18/06 15:22:29    Writing relevant output files for antismash.modules.clusterblast
DEBUG    18/06 15:22:29    Writing relevant output files for antismash.modules.lanthipeptides
DEBUG    18/06 15:22:29    Writing relevant output files for antismash.modules.lassopeptides
DEBUG    18/06 15:22:29    Writing relevant output files for antismash.modules.nrps_pks
DEBUG    18/06 15:22:29    Writing relevant output files for antismash.modules.pfam2go
DEBUG    18/06 15:22:29    Writing relevant output files for antismash.modules.rrefinder
DEBUG    18/06 15:22:29    Writing relevant output files for antismash.modules.sactipeptides
DEBUG    18/06 15:22:29    Writing relevant output files for antismash.modules.t2pks
DEBUG    18/06 15:22:29    Writing relevant output files for antismash.modules.terpene
DEBUG    18/06 15:22:29    Writing relevant output files for antismash.modules.tfbs_finder
DEBUG    18/06 15:22:29    Writing relevant output files for antismash.modules.thiopeptides
DEBUG    18/06 15:22:29    Writing relevant output files for antismash.modules.tta
DEBUG    18/06 15:22:29    Writing relevant output files for antismash.detection.hmm_detection
DEBUG    18/06 15:22:29    Writing relevant output files for antismash.detection.cluster_hmmer
DEBUG    18/06 15:22:29    Writing relevant output files for antismash.detection.genefunctions
DEBUG    18/06 15:22:29    Writing relevant output files for antismash.detection.nrps_pks_domains
DEBUG    18/06 15:22:29    Writing relevant output files for antismash.detection.tigrfam
DEBUG    18/06 15:22:29    Writing relevant output files for antismash.modules.active_site_finder
DEBUG    18/06 15:22:29    Writing relevant output files for antismash.modules.cluster_compare
DEBUG    18/06 15:22:29    Writing relevant output files for antismash.modules.clusterblast
DEBUG    18/06 15:22:30    Writing relevant output files for antismash.modules.lanthipeptides
DEBUG    18/06 15:22:30    Writing relevant output files for antismash.modules.lassopeptides
DEBUG    18/06 15:22:30    Writing relevant output files for antismash.modules.nrps_pks
DEBUG    18/06 15:22:30    Writing relevant output files for antismash.modules.pfam2go
DEBUG    18/06 15:22:30    Writing relevant output files for antismash.modules.rrefinder
DEBUG    18/06 15:22:30    Writing relevant output files for antismash.modules.sactipeptides
DEBUG    18/06 15:22:30    Writing relevant output files for antismash.modules.t2pks
DEBUG    18/06 15:22:30    Writing relevant output files for antismash.modules.terpene
DEBUG    18/06 15:22:30    Writing relevant output files for antismash.modules.tfbs_finder
DEBUG    18/06 15:22:30    Writing relevant output files for antismash.modules.thiopeptides
DEBUG    18/06 15:22:30    Writing relevant output files for antismash.modules.tta
DEBUG    18/06 15:22:30    Writing relevant output files for antismash.detection.hmm_detection
DEBUG    18/06 15:22:30    Writing relevant output files for antismash.detection.hmm_detection
DEBUG    18/06 15:22:30    Writing relevant output files for antismash.detection.hmm_detection
DEBUG    18/06 15:22:30    Writing relevant output files for antismash.detection.hmm_detection
DEBUG    18/06 15:22:30    Writing relevant output files for antismash.detection.hmm_detection
DEBUG    18/06 15:22:30    Writing relevant output files for antismash.detection.cluster_hmmer
DEBUG    18/06 15:22:30    Writing relevant output files for antismash.detection.genefunctions
DEBUG    18/06 15:22:30    Writing relevant output files for antismash.detection.nrps_pks_domains
DEBUG    18/06 15:22:30    Writing relevant output files for antismash.detection.tigrfam
DEBUG    18/06 15:22:30    Writing relevant output files for antismash.modules.active_site_finder
DEBUG    18/06 15:22:30    Writing relevant output files for antismash.modules.cluster_compare
DEBUG    18/06 15:22:30    Writing relevant output files for antismash.modules.clusterblast
DEBUG    18/06 15:22:30    Writing relevant output files for antismash.modules.lanthipeptides
DEBUG    18/06 15:22:30    Writing relevant output files for antismash.modules.lassopeptides
DEBUG    18/06 15:22:30    Writing relevant output files for antismash.modules.nrps_pks
DEBUG    18/06 15:22:30    Writing relevant output files for antismash.modules.pfam2go
DEBUG    18/06 15:22:30    Writing relevant output files for antismash.modules.rrefinder
DEBUG    18/06 15:22:30    Writing relevant output files for antismash.modules.sactipeptides
DEBUG    18/06 15:22:30    Writing relevant output files for antismash.modules.t2pks
DEBUG    18/06 15:22:30    Writing relevant output files for antismash.modules.terpene
DEBUG    18/06 15:22:30    Writing relevant output files for antismash.modules.tfbs_finder
DEBUG    18/06 15:22:30    Writing relevant output files for antismash.modules.thiopeptides
DEBUG    18/06 15:22:30    Writing relevant output files for antismash.modules.tta
DEBUG    18/06 15:22:30    Writing relevant output files for antismash.detection.hmm_detection
DEBUG    18/06 15:22:30    Writing relevant output files for antismash.detection.hmm_detection
DEBUG    18/06 15:22:30    Writing relevant output files for antismash.detection.hmm_detection
DEBUG    18/06 15:22:30    Writing relevant output files for antismash.detection.hmm_detection
DEBUG    18/06 15:22:30    Writing relevant output files for antismash.detection.hmm_detection
DEBUG    18/06 15:22:30    Writing relevant output files for antismash.detection.hmm_detection
DEBUG    18/06 15:22:30    Writing relevant output files for antismash.detection.hmm_detection
DEBUG    18/06 15:22:30    Writing relevant output files for antismash.detection.hmm_detection
DEBUG    18/06 15:22:30    Writing relevant output files for antismash.detection.hmm_detection
DEBUG    18/06 15:22:30    Writing relevant output files for antismash.detection.hmm_detection
DEBUG    18/06 15:22:30    Writing relevant output files for antismash.detection.hmm_detection
DEBUG    18/06 15:22:30    Writing relevant output files for antismash.detection.hmm_detection
DEBUG    18/06 15:22:30    Writing relevant output files for antismash.detection.hmm_detection
DEBUG    18/06 15:22:30    Writing relevant output files for antismash.detection.cluster_hmmer
DEBUG    18/06 15:22:30    Writing relevant output files for antismash.detection.genefunctions
DEBUG    18/06 15:22:30    Writing relevant output files for antismash.detection.nrps_pks_domains
DEBUG    18/06 15:22:30    Writing relevant output files for antismash.detection.tigrfam
DEBUG    18/06 15:22:30    Writing relevant output files for antismash.modules.active_site_finder
DEBUG    18/06 15:22:30    Writing relevant output files for antismash.modules.cluster_compare
DEBUG    18/06 15:22:30    Writing relevant output files for antismash.modules.clusterblast
DEBUG    18/06 15:22:30    Writing relevant output files for antismash.modules.lanthipeptides
DEBUG    18/06 15:22:30    Writing relevant output files for antismash.modules.lassopeptides
DEBUG    18/06 15:22:30    Writing relevant output files for antismash.modules.nrps_pks
DEBUG    18/06 15:22:30    Writing relevant output files for antismash.modules.pfam2go
DEBUG    18/06 15:22:30    Writing relevant output files for antismash.modules.rrefinder
DEBUG    18/06 15:22:30    Writing relevant output files for antismash.modules.sactipeptides
DEBUG    18/06 15:22:30    Writing relevant output files for antismash.modules.t2pks
DEBUG    18/06 15:22:30    Writing relevant output files for antismash.modules.terpene
DEBUG    18/06 15:22:30    Writing relevant output files for antismash.modules.tfbs_finder
DEBUG    18/06 15:22:30    Writing relevant output files for antismash.modules.thiopeptides
DEBUG    18/06 15:22:30    Writing relevant output files for antismash.modules.tta
DEBUG    18/06 15:22:30    Writing relevant output files for antismash.detection.hmm_detection
DEBUG    18/06 15:22:30    Writing relevant output files for antismash.detection.hmm_detection
DEBUG    18/06 15:22:30    Writing relevant output files for antismash.detection.hmm_detection
DEBUG    18/06 15:22:30    Writing relevant output files for antismash.detection.cluster_hmmer
DEBUG    18/06 15:22:30    Writing relevant output files for antismash.detection.genefunctions
DEBUG    18/06 15:22:30    Writing relevant output files for antismash.detection.nrps_pks_domains
DEBUG    18/06 15:22:30    Writing relevant output files for antismash.detection.tigrfam
DEBUG    18/06 15:22:30    Writing relevant output files for antismash.modules.active_site_finder
DEBUG    18/06 15:22:30    Writing relevant output files for antismash.modules.cluster_compare
DEBUG    18/06 15:22:30    Writing relevant output files for antismash.modules.clusterblast
DEBUG    18/06 15:22:30    Writing relevant output files for antismash.modules.lanthipeptides
DEBUG    18/06 15:22:30    Writing relevant output files for antismash.modules.lassopeptides
DEBUG    18/06 15:22:30    Writing relevant output files for antismash.modules.nrps_pks
DEBUG    18/06 15:22:30    Writing relevant output files for antismash.modules.pfam2go
DEBUG    18/06 15:22:30    Writing relevant output files for antismash.modules.rrefinder
DEBUG    18/06 15:22:30    Writing relevant output files for antismash.modules.sactipeptides
DEBUG    18/06 15:22:30    Writing relevant output files for antismash.modules.t2pks
DEBUG    18/06 15:22:30    Writing relevant output files for antismash.modules.terpene
DEBUG    18/06 15:22:30    Writing relevant output files for antismash.modules.tfbs_finder
DEBUG    18/06 15:22:30    Writing relevant output files for antismash.modules.thiopeptides
DEBUG    18/06 15:22:30    Writing relevant output files for antismash.modules.tta
DEBUG    18/06 15:22:30    Writing relevant output files for antismash.detection.hmm_detection
DEBUG    18/06 15:22:30    Writing relevant output files for antismash.detection.hmm_detection
DEBUG    18/06 15:22:30    Writing relevant output files for antismash.detection.hmm_detection
DEBUG    18/06 15:22:30    Writing relevant output files for antismash.detection.hmm_detection
DEBUG    18/06 15:22:30    Writing relevant output files for antismash.detection.hmm_detection
DEBUG    18/06 15:22:30    Writing relevant output files for antismash.detection.hmm_detection
DEBUG    18/06 15:22:30    Writing relevant output files for antismash.detection.hmm_detection
DEBUG    18/06 15:22:30    Writing relevant output files for antismash.detection.hmm_detection
DEBUG    18/06 15:22:30    Writing relevant output files for antismash.detection.hmm_detection
DEBUG    18/06 15:22:30    Writing relevant output files for antismash.detection.hmm_detection
DEBUG    18/06 15:22:30    Writing relevant output files for antismash.detection.hmm_detection
DEBUG    18/06 15:22:30    Writing relevant output files for antismash.detection.hmm_detection
DEBUG    18/06 15:22:30    Writing relevant output files for antismash.detection.hmm_detection
DEBUG    18/06 15:22:30    Writing relevant output files for antismash.detection.hmm_detection
DEBUG    18/06 15:22:30    Writing relevant output files for antismash.detection.hmm_detection
DEBUG    18/06 15:22:30    Writing relevant output files for antismash.detection.hmm_detection
DEBUG    18/06 15:22:30    Writing relevant output files for antismash.detection.hmm_detection
DEBUG    18/06 15:22:30    Writing relevant output files for antismash.detection.hmm_detection
DEBUG    18/06 15:22:30    Writing relevant output files for antismash.detection.hmm_detection
DEBUG    18/06 15:22:30    Writing relevant output files for antismash.detection.hmm_detection
DEBUG    18/06 15:22:30    Writing relevant output files for antismash.detection.hmm_detection
DEBUG    18/06 15:22:30    Writing relevant output files for antismash.detection.hmm_detection
DEBUG    18/06 15:22:30    Writing relevant output files for antismash.detection.hmm_detection
DEBUG    18/06 15:22:30    Writing relevant output files for antismash.detection.hmm_detection
DEBUG    18/06 15:22:30    Writing relevant output files for antismash.detection.hmm_detection
DEBUG    18/06 15:22:30    Writing relevant output files for antismash.detection.hmm_detection
DEBUG    18/06 15:22:30    Writing relevant output files for antismash.detection.hmm_detection
DEBUG    18/06 15:22:30    Writing relevant output files for antismash.detection.hmm_detection
DEBUG    18/06 15:22:30    Writing relevant output files for antismash.detection.hmm_detection
DEBUG    18/06 15:22:30    Writing relevant output files for antismash.detection.hmm_detection
DEBUG    18/06 15:22:30    Writing relevant output files for antismash.detection.hmm_detection
DEBUG    18/06 15:22:30    Writing relevant output files for antismash.detection.hmm_detection
DEBUG    18/06 15:22:30    Writing relevant output files for antismash.detection.hmm_detection
DEBUG    18/06 15:22:30    Writing relevant output files for antismash.detection.hmm_detection
DEBUG    18/06 15:22:30    Writing relevant output files for antismash.detection.hmm_detection
DEBUG    18/06 15:22:30    Writing relevant output files for antismash.detection.hmm_detection
DEBUG    18/06 15:22:30    Writing relevant output files for antismash.detection.hmm_detection
DEBUG    18/06 15:22:30    Writing relevant output files for antismash.detection.hmm_detection
DEBUG    18/06 15:22:30    Writing relevant output files for antismash.detection.hmm_detection
DEBUG    18/06 15:22:30    Writing relevant output files for antismash.detection.hmm_detection
DEBUG    18/06 15:22:30    Writing relevant output files for antismash.detection.hmm_detection
DEBUG    18/06 15:22:30    Writing relevant output files for antismash.detection.hmm_detection
DEBUG    18/06 15:22:30    Writing relevant output files for antismash.detection.hmm_detection
DEBUG    18/06 15:22:30    Writing relevant output files for antismash.detection.hmm_detection
DEBUG    18/06 15:22:30    Writing relevant output files for antismash.detection.hmm_detection
DEBUG    18/06 15:22:30    Writing relevant output files for antismash.detection.hmm_detection
DEBUG    18/06 15:22:30    Writing relevant output files for antismash.detection.hmm_detection
DEBUG    18/06 15:22:30    Writing relevant output files for antismash.detection.hmm_detection
DEBUG    18/06 15:22:30    Writing relevant output files for antismash.detection.hmm_detection
DEBUG    18/06 15:22:30    Writing relevant output files for antismash.detection.hmm_detection
DEBUG    18/06 15:22:30    Writing relevant output files for antismash.detection.hmm_detection
DEBUG    18/06 15:22:30    Writing relevant output files for antismash.detection.hmm_detection
DEBUG    18/06 15:22:30    Writing relevant output files for antismash.detection.hmm_detection
DEBUG    18/06 15:22:30    Writing relevant output files for antismash.detection.hmm_detection
DEBUG    18/06 15:22:30    Writing relevant output files for antismash.detection.hmm_detection
DEBUG    18/06 15:22:30    Writing relevant output files for antismash.detection.hmm_detection
DEBUG    18/06 15:22:30    Writing relevant output files for antismash.detection.hmm_detection
DEBUG    18/06 15:22:30    Writing relevant output files for antismash.detection.hmm_detection
DEBUG    18/06 15:22:30    Writing relevant output files for antismash.detection.hmm_detection
DEBUG    18/06 15:22:30    Writing relevant output files for antismash.detection.hmm_detection
DEBUG    18/06 15:22:30    Writing relevant output files for antismash.detection.hmm_detection
DEBUG    18/06 15:22:30    Writing relevant output files for antismash.detection.hmm_detection
DEBUG    18/06 15:22:30    Writing relevant output files for antismash.detection.hmm_detection
DEBUG    18/06 15:22:30    Writing relevant output files for antismash.detection.hmm_detection
DEBUG    18/06 15:22:30    Writing relevant output files for antismash.detection.hmm_detection
DEBUG    18/06 15:22:30    Writing relevant output files for antismash.detection.hmm_detection
DEBUG    18/06 15:22:30    Writing relevant output files for antismash.detection.hmm_detection
DEBUG    18/06 15:22:30    Writing relevant output files for antismash.detection.hmm_detection
DEBUG    18/06 15:22:30    Writing relevant output files for antismash.detection.hmm_detection
DEBUG    18/06 15:22:30   Creating results page
DEBUG    18/06 15:22:30   Results page using antismash.js from local copy: /databases/as-js/0.16/antismash.js
DEBUG    18/06 15:22:39   Writing cluster-specific genbank files
DEBUG    18/06 15:22:39   Writing final genbank file to '/data/antismash/upload/bacteria-2c972334-cdd6-49ac-bf47-c5fc0bc0d918/G1M02.gbk'
DEBUG    18/06 15:22:40   Zipping output to '/data/antismash/upload/bacteria-2c972334-cdd6-49ac-bf47-c5fc0bc0d918/G1M02.zip'
