INFO     18/06 14:56:59   antiSMASH version: 8.0.4
INFO     18/06 14:56:59   diamond using executable: /usr/bin/diamond-aligner (2.1.3)
INFO     18/06 14:56:59   hmmpfam2 using executable: /usr/bin/hmm2pfam (2.3.2)
INFO     18/06 14:56:59   fasttree using executable: /usr/bin/fasttree
INFO     18/06 14:56:59   hmmsearch using executable: /usr/bin/hmmsearch (3.3.2)
INFO     18/06 14:56:59   hmmpress using executable: /usr/bin/hmmpress (3.3.2)
INFO     18/06 14:56:59   hmmscan using executable: /usr/bin/hmmscan (3.3.2)
INFO     18/06 14:56:59   prodigal using executable: /usr/bin/prodigal (V2.6.3)
INFO     18/06 14:56:59   blastp using executable: /usr/bin/blastp (2.12.0+)
INFO     18/06 14:56:59   makeblastdb using executable: /usr/bin/makeblastdb (2.12.0+)
DEBUG    18/06 14:56:59   Checking prerequisites for antismash.detection.hmm_detection
DEBUG    18/06 14:56:59   Found file '/usr/local/lib/python3.11/dist-packages/antismash/detection/hmm_detection/data/bgc_seeds.hmm'
DEBUG    18/06 14:56:59   Found file '/usr/local/lib/python3.11/dist-packages/antismash/detection/hmm_detection/data/bgc_seeds.hmm'
DEBUG    18/06 14:56:59   Found file '/usr/local/lib/python3.11/dist-packages/antismash/detection/hmm_detection/data/bgc_seeds.hmm.h3f'
DEBUG    18/06 14:56:59   Found file '/usr/local/lib/python3.11/dist-packages/antismash/detection/hmm_detection/data/bgc_seeds.hmm.h3i'
DEBUG    18/06 14:56:59   Found file '/usr/local/lib/python3.11/dist-packages/antismash/detection/hmm_detection/data/bgc_seeds.hmm.h3m'
DEBUG    18/06 14:56:59   Found file '/usr/local/lib/python3.11/dist-packages/antismash/detection/hmm_detection/data/bgc_seeds.hmm.h3p'
DEBUG    18/06 14:56:59   Checking prerequisites for antismash.detection.cluster_hmmer
DEBUG    18/06 14:56:59   Found file '/databases/pfam/35.0/Pfam-A.hmm'
DEBUG    18/06 14:56:59   Found file '/databases/pfam/35.0/Pfam-A.hmm.h3f'
DEBUG    18/06 14:56:59   Found file '/databases/pfam/35.0/Pfam-A.hmm.h3i'
DEBUG    18/06 14:56:59   Found file '/databases/pfam/35.0/Pfam-A.hmm.h3m'
DEBUG    18/06 14:56:59   Found file '/databases/pfam/35.0/Pfam-A.hmm.h3p'
DEBUG    18/06 14:56:59   Checking prerequisites for antismash.detection.genefunctions
DEBUG    18/06 14:56:59   Found file '/databases/resfam/Resfams.hmm'
DEBUG    18/06 14:56:59   Found file '/usr/local/lib/python3.11/dist-packages/antismash/detection/genefunctions/tools/data/extras.hmm.h3f'
DEBUG    18/06 14:56:59   Found file '/usr/local/lib/python3.11/dist-packages/antismash/detection/genefunctions/tools/data/extras.hmm.h3i'
DEBUG    18/06 14:56:59   Found file '/usr/local/lib/python3.11/dist-packages/antismash/detection/genefunctions/tools/data/extras.hmm.h3m'
DEBUG    18/06 14:56:59   Found file '/usr/local/lib/python3.11/dist-packages/antismash/detection/genefunctions/tools/data/extras.hmm.h3p'
DEBUG    18/06 14:56:59   Found file '/usr/local/lib/python3.11/dist-packages/antismash/detection/genefunctions/tools/halogenases/data/FDH.hmm'
DEBUG    18/06 14:56:59   Found file '/usr/local/lib/python3.11/dist-packages/antismash/detection/genefunctions/tools/halogenases/data/FDH.hmm.h3f'
DEBUG    18/06 14:56:59   Found file '/usr/local/lib/python3.11/dist-packages/antismash/detection/genefunctions/tools/halogenases/data/FDH.hmm.h3i'
DEBUG    18/06 14:56:59   Found file '/usr/local/lib/python3.11/dist-packages/antismash/detection/genefunctions/tools/halogenases/data/FDH.hmm.h3m'
DEBUG    18/06 14:56:59   Found file '/usr/local/lib/python3.11/dist-packages/antismash/detection/genefunctions/tools/halogenases/data/FDH.hmm.h3p'
DEBUG    18/06 14:56:59   Found file '/databases/mite/1.3/metadata.json'
DEBUG    18/06 14:56:59   Found file '/databases/mite/1.3/mite.fasta'
DEBUG    18/06 14:56:59   Found file '/databases/mite/1.3/mite.db.dmnd'
DEBUG    18/06 14:56:59   Found file '/databases/mite/1.3/mite.db.dmnd'
DEBUG    18/06 14:56:59   Found file '/usr/local/lib/python3.11/dist-packages/antismash/detection/genefunctions/tools/data/smcogs.hmm.h3f'
DEBUG    18/06 14:56:59   Found file '/usr/local/lib/python3.11/dist-packages/antismash/detection/genefunctions/tools/data/smcogs.hmm.h3i'
DEBUG    18/06 14:56:59   Found file '/usr/local/lib/python3.11/dist-packages/antismash/detection/genefunctions/tools/data/smcogs.hmm.h3m'
DEBUG    18/06 14:56:59   Found file '/usr/local/lib/python3.11/dist-packages/antismash/detection/genefunctions/tools/data/smcogs.hmm.h3p'
DEBUG    18/06 14:56:59   Found file '/databases/resfam/Resfams.hmm.h3f'
DEBUG    18/06 14:56:59   Found file '/databases/resfam/Resfams.hmm.h3i'
DEBUG    18/06 14:56:59   Found file '/databases/resfam/Resfams.hmm.h3m'
DEBUG    18/06 14:56:59   Found file '/databases/resfam/Resfams.hmm.h3p'
DEBUG    18/06 14:56:59   Checking prerequisites for antismash.detection.nrps_pks_domains
DEBUG    18/06 14:56:59   Found file '/usr/local/lib/python3.11/dist-packages/antismash/detection/nrps_pks_domains/data/abmotifs.hmm.h3f'
DEBUG    18/06 14:56:59   Found file '/usr/local/lib/python3.11/dist-packages/antismash/detection/nrps_pks_domains/data/abmotifs.hmm.h3i'
DEBUG    18/06 14:56:59   Found file '/usr/local/lib/python3.11/dist-packages/antismash/detection/nrps_pks_domains/data/abmotifs.hmm.h3m'
DEBUG    18/06 14:56:59   Found file '/usr/local/lib/python3.11/dist-packages/antismash/detection/nrps_pks_domains/data/abmotifs.hmm.h3p'
DEBUG    18/06 14:56:59   Found file '/usr/local/lib/python3.11/dist-packages/antismash/detection/nrps_pks_domains/data/dockingdomains.hmm.h3f'
DEBUG    18/06 14:56:59   Found file '/usr/local/lib/python3.11/dist-packages/antismash/detection/nrps_pks_domains/data/dockingdomains.hmm.h3i'
DEBUG    18/06 14:56:59   Found file '/usr/local/lib/python3.11/dist-packages/antismash/detection/nrps_pks_domains/data/dockingdomains.hmm.h3m'
DEBUG    18/06 14:56:59   Found file '/usr/local/lib/python3.11/dist-packages/antismash/detection/nrps_pks_domains/data/dockingdomains.hmm.h3p'
DEBUG    18/06 14:56:59   Found file '/usr/local/lib/python3.11/dist-packages/antismash/detection/nrps_pks_domains/data/ksdomains.hmm.h3f'
DEBUG    18/06 14:56:59   Found file '/usr/local/lib/python3.11/dist-packages/antismash/detection/nrps_pks_domains/data/ksdomains.hmm.h3i'
DEBUG    18/06 14:56:59   Found file '/usr/local/lib/python3.11/dist-packages/antismash/detection/nrps_pks_domains/data/ksdomains.hmm.h3m'
DEBUG    18/06 14:56:59   Found file '/usr/local/lib/python3.11/dist-packages/antismash/detection/nrps_pks_domains/data/ksdomains.hmm.h3p'
DEBUG    18/06 14:56:59   Found file '/usr/local/lib/python3.11/dist-packages/antismash/detection/nrps_pks_domains/data/nrpspksdomains.hmm.h3f'
DEBUG    18/06 14:56:59   Found file '/usr/local/lib/python3.11/dist-packages/antismash/detection/nrps_pks_domains/data/nrpspksdomains.hmm.h3i'
DEBUG    18/06 14:56:59   Found file '/usr/local/lib/python3.11/dist-packages/antismash/detection/nrps_pks_domains/data/nrpspksdomains.hmm.h3m'
DEBUG    18/06 14:56:59   Found file '/usr/local/lib/python3.11/dist-packages/antismash/detection/nrps_pks_domains/data/nrpspksdomains.hmm.h3p'
DEBUG    18/06 14:56:59   Found file '/databases/nrps_pks/transATor/2023.02.23/transATor.hmm.h3f'
DEBUG    18/06 14:56:59   Found file '/databases/nrps_pks/transATor/2023.02.23/transATor.hmm.h3i'
DEBUG    18/06 14:56:59   Found file '/databases/nrps_pks/transATor/2023.02.23/transATor.hmm.h3m'
DEBUG    18/06 14:56:59   Found file '/databases/nrps_pks/transATor/2023.02.23/transATor.hmm.h3p'
DEBUG    18/06 14:56:59   Checking prerequisites for antismash.detection.tigrfam
DEBUG    18/06 14:56:59   Found file '/databases/tigrfam/TIGRFam.hmm'
DEBUG    18/06 14:56:59   Found file '/databases/tigrfam/TIGRFam.hmm.h3f'
DEBUG    18/06 14:56:59   Found file '/databases/tigrfam/TIGRFam.hmm.h3i'
DEBUG    18/06 14:56:59   Found file '/databases/tigrfam/TIGRFam.hmm.h3m'
DEBUG    18/06 14:56:59   Found file '/databases/tigrfam/TIGRFam.hmm.h3p'
DEBUG    18/06 14:56:59   Checking prerequisites for antismash.modules.active_site_finder
DEBUG    18/06 14:56:59   Found file '/usr/local/lib/python3.11/dist-packages/antismash/modules/active_site_finder/data/PKSI-KR.hmm2'
DEBUG    18/06 14:56:59   Found file '/usr/local/lib/python3.11/dist-packages/antismash/modules/active_site_finder/data/PKSI-KS_N.hmm2'
DEBUG    18/06 14:56:59   Found file '/usr/local/lib/python3.11/dist-packages/antismash/modules/active_site_finder/data/PKSI-KS_C.hmm2'
DEBUG    18/06 14:56:59   Found file '/usr/local/lib/python3.11/dist-packages/antismash/modules/active_site_finder/data/PKSI-AT.hmm2'
DEBUG    18/06 14:56:59   Found file '/usr/local/lib/python3.11/dist-packages/antismash/modules/active_site_finder/data/PKSI-ACP.hmm2'
DEBUG    18/06 14:56:59   Found file '/usr/local/lib/python3.11/dist-packages/antismash/modules/active_site_finder/data/PKSI-DH.hmm2'
DEBUG    18/06 14:56:59   Found file '/usr/local/lib/python3.11/dist-packages/antismash/modules/active_site_finder/data/Thioesterase.hmm2'
DEBUG    18/06 14:56:59   Found file '/usr/local/lib/python3.11/dist-packages/antismash/modules/active_site_finder/data/PKSI-ER.hmm2'
DEBUG    18/06 14:56:59   Found file '/usr/local/lib/python3.11/dist-packages/antismash/modules/active_site_finder/data/p450.hmm2'
DEBUG    18/06 14:56:59   Checking prerequisites for antismash.modules.cluster_compare
DEBUG    18/06 14:56:59   Found file '/databases/clustercompare/mibig/4.0/data.json'
DEBUG    18/06 14:56:59   Found file '/databases/clustercompare/mibig/4.0/proteins.fasta'
DEBUG    18/06 14:56:59   Found file '/databases/clustercompare/mibig/4.0/proteins.dmnd'
DEBUG    18/06 14:56:59   Found file '/databases/clustercompare/mibig/4.0/proteins.dmnd'
DEBUG    18/06 14:56:59   Checking prerequisites for antismash.modules.clusterblast
DEBUG    18/06 14:56:59   Found file '/databases/knownclusterblast/4.0/clusters.txt'
DEBUG    18/06 14:56:59   Found file '/databases/knownclusterblast/4.0/proteins.fasta'
DEBUG    18/06 14:56:59   Found file '/databases/knownclusterblast/4.0/proteins.dmnd'
DEBUG    18/06 14:56:59   Found file '/databases/knownclusterblast/4.0/proteins.dmnd'
DEBUG    18/06 14:56:59   Found file '/databases/clusterblast/clusters.txt'
DEBUG    18/06 14:56:59   Found file '/databases/clusterblast/proteins.fasta'
DEBUG    18/06 14:56:59   Found file '/databases/clusterblast/proteins.dmnd'
DEBUG    18/06 14:56:59   Found file '/databases/clusterblast/proteins.dmnd'
DEBUG    18/06 14:56:59   Found file '/usr/local/lib/python3.11/dist-packages/antismash/modules/clusterblast/data/sub/proteins.fasta'
DEBUG    18/06 14:56:59   Found file '/usr/local/lib/python3.11/dist-packages/antismash/modules/clusterblast/data/sub/proteins.fasta.phr'
DEBUG    18/06 14:56:59   Found file '/usr/local/lib/python3.11/dist-packages/antismash/modules/clusterblast/data/sub/proteins.fasta.pin'
DEBUG    18/06 14:56:59   Found file '/usr/local/lib/python3.11/dist-packages/antismash/modules/clusterblast/data/sub/proteins.fasta.psq'
DEBUG    18/06 14:56:59   Found file '/usr/local/lib/python3.11/dist-packages/antismash/modules/clusterblast/data/sub/clusters.txt'
DEBUG    18/06 14:56:59   Checking prerequisites for antismash.modules.lanthipeptides
DEBUG    18/06 14:56:59   Found file '/databases/comparippson/asdb/4.0/cores.fa.pdb'
DEBUG    18/06 14:56:59   Found file '/databases/comparippson/asdb/4.0/cores.fa.phr'
DEBUG    18/06 14:56:59   Found file '/databases/comparippson/asdb/4.0/cores.fa.pin'
DEBUG    18/06 14:56:59   Found file '/databases/comparippson/asdb/4.0/cores.fa.pot'
DEBUG    18/06 14:56:59   Found file '/databases/comparippson/asdb/4.0/cores.fa.psq'
DEBUG    18/06 14:56:59   Found file '/databases/comparippson/asdb/4.0/cores.fa.ptf'
DEBUG    18/06 14:56:59   Found file '/databases/comparippson/asdb/4.0/cores.fa.pto'
DEBUG    18/06 14:56:59   Found file '/databases/comparippson/mibig/4.0/cores.fa.pdb'
DEBUG    18/06 14:56:59   Found file '/databases/comparippson/mibig/4.0/cores.fa.phr'
DEBUG    18/06 14:56:59   Found file '/databases/comparippson/mibig/4.0/cores.fa.pin'
DEBUG    18/06 14:56:59   Found file '/databases/comparippson/mibig/4.0/cores.fa.pot'
DEBUG    18/06 14:56:59   Found file '/databases/comparippson/mibig/4.0/cores.fa.psq'
DEBUG    18/06 14:56:59   Found file '/databases/comparippson/mibig/4.0/cores.fa.ptf'
DEBUG    18/06 14:56:59   Found file '/databases/comparippson/mibig/4.0/cores.fa.pto'
DEBUG    18/06 14:56:59   Checking prerequisites for antismash.modules.lassopeptides
DEBUG    18/06 14:56:59   Checking prerequisites for antismash.modules.nrps_pks
DEBUG    18/06 14:56:59   Found existing cache for /usr/local/lib/python3.11/dist-packages/antismash/modules/nrps_pks/data/terminals/cterm.fasta
DEBUG    18/06 14:56:59   Found existing cache for /usr/local/lib/python3.11/dist-packages/antismash/modules/nrps_pks/data/terminals/nterm.fasta
DEBUG    18/06 14:56:59   Found existing cache for /usr/local/lib/python3.11/dist-packages/antismash/modules/nrps_pks/at_analysis/data/AT_domains_muscle.fasta
DEBUG    18/06 14:56:59   Found existing cache for /usr/local/lib/python3.11/dist-packages/antismash/modules/nrps_pks/c_analysis/data/Rausch_C_203.fa
DEBUG    18/06 14:56:59   Found existing cache for /usr/local/lib/python3.11/dist-packages/antismash/modules/nrps_pks/kr_analysis/data/KRdomains_muscle.fasta
DEBUG    18/06 14:56:59   Found existing cache for /usr/local/lib/python3.11/dist-packages/antismash/modules/nrps_pks/minowa/data/AT_domains_muscle.fasta
DEBUG    18/06 14:56:59   Found existing cache for /usr/local/lib/python3.11/dist-packages/antismash/modules/nrps_pks/minowa/data/CAL_domains_muscle.fasta
DEBUG    18/06 14:56:59   Checking prerequisites for antismash.modules.pfam2go
DEBUG    18/06 14:56:59   Found file '/usr/local/lib/python3.11/dist-packages/antismash/modules/pfam2go/data/pfam2go.txt'
DEBUG    18/06 14:56:59   Checking prerequisites for antismash.modules.rrefinder
DEBUG    18/06 14:56:59   Found file '/usr/local/lib/python3.11/dist-packages/antismash/modules/rrefinder/data/RREFam.hmm.h3f'
DEBUG    18/06 14:56:59   Found file '/usr/local/lib/python3.11/dist-packages/antismash/modules/rrefinder/data/RREFam.hmm.h3i'
DEBUG    18/06 14:56:59   Found file '/usr/local/lib/python3.11/dist-packages/antismash/modules/rrefinder/data/RREFam.hmm.h3m'
DEBUG    18/06 14:56:59   Found file '/usr/local/lib/python3.11/dist-packages/antismash/modules/rrefinder/data/RREFam.hmm.h3p'
DEBUG    18/06 14:56:59   Checking prerequisites for antismash.modules.sactipeptides
DEBUG    18/06 14:56:59   Checking prerequisites for antismash.modules.t2pks
DEBUG    18/06 14:56:59   Found file '/usr/local/lib/python3.11/dist-packages/antismash/modules/t2pks/data/KSIII.fasta'
DEBUG    18/06 14:56:59   Found file '/usr/local/lib/python3.11/dist-packages/antismash/modules/t2pks/data/KSIII.phr'
DEBUG    18/06 14:56:59   Found file '/usr/local/lib/python3.11/dist-packages/antismash/modules/t2pks/data/KSIII.pin'
DEBUG    18/06 14:56:59   Found file '/usr/local/lib/python3.11/dist-packages/antismash/modules/t2pks/data/KSIII.psq'
DEBUG    18/06 14:56:59   Found file '/usr/local/lib/python3.11/dist-packages/antismash/modules/t2pks/data/AT.fasta'
DEBUG    18/06 14:56:59   Found file '/usr/local/lib/python3.11/dist-packages/antismash/modules/t2pks/data/AT.phr'
DEBUG    18/06 14:56:59   Found file '/usr/local/lib/python3.11/dist-packages/antismash/modules/t2pks/data/AT.pin'
DEBUG    18/06 14:56:59   Found file '/usr/local/lib/python3.11/dist-packages/antismash/modules/t2pks/data/AT.psq'
DEBUG    18/06 14:56:59   Found file '/usr/local/lib/python3.11/dist-packages/antismash/modules/t2pks/data/LIG.fasta'
DEBUG    18/06 14:56:59   Found file '/usr/local/lib/python3.11/dist-packages/antismash/modules/t2pks/data/LIG.phr'
DEBUG    18/06 14:56:59   Found file '/usr/local/lib/python3.11/dist-packages/antismash/modules/t2pks/data/LIG.pin'
DEBUG    18/06 14:56:59   Found file '/usr/local/lib/python3.11/dist-packages/antismash/modules/t2pks/data/LIG.psq'
DEBUG    18/06 14:56:59   Found file '/usr/local/lib/python3.11/dist-packages/antismash/modules/t2pks/data/t2pks.hmm.h3f'
DEBUG    18/06 14:56:59   Found file '/usr/local/lib/python3.11/dist-packages/antismash/modules/t2pks/data/t2pks.hmm.h3i'
DEBUG    18/06 14:56:59   Found file '/usr/local/lib/python3.11/dist-packages/antismash/modules/t2pks/data/t2pks.hmm.h3m'
DEBUG    18/06 14:56:59   Found file '/usr/local/lib/python3.11/dist-packages/antismash/modules/t2pks/data/t2pks.hmm.h3p'
DEBUG    18/06 14:56:59   Checking prerequisites for antismash.modules.terpene
DEBUG    18/06 14:56:59   Found file '/usr/local/lib/python3.11/dist-packages/antismash/modules/terpene/data/all_profiles.hmm'
DEBUG    18/06 14:56:59   Found file '/usr/local/lib/python3.11/dist-packages/antismash/modules/terpene/data/all_profiles.hmm.h3f'
DEBUG    18/06 14:56:59   Found file '/usr/local/lib/python3.11/dist-packages/antismash/modules/terpene/data/all_profiles.hmm.h3i'
DEBUG    18/06 14:56:59   Found file '/usr/local/lib/python3.11/dist-packages/antismash/modules/terpene/data/all_profiles.hmm.h3m'
DEBUG    18/06 14:56:59   Found file '/usr/local/lib/python3.11/dist-packages/antismash/modules/terpene/data/all_profiles.hmm.h3p'
DEBUG    18/06 14:56:59   Checking prerequisites for antismash.modules.tfbs_finder
DEBUG    18/06 14:56:59   Found file '/usr/local/lib/python3.11/dist-packages/antismash/modules/tfbs_finder/data/PWMs.json'
DEBUG    18/06 14:56:59   Checking prerequisites for antismash.modules.thiopeptides
DEBUG    18/06 14:56:59   Found file '/usr/local/lib/python3.11/dist-packages/antismash/modules/thiopeptides/data/thiopep3.hmm.h3f'
DEBUG    18/06 14:56:59   Found file '/usr/local/lib/python3.11/dist-packages/antismash/modules/thiopeptides/data/thiopep3.hmm.h3i'
DEBUG    18/06 14:56:59   Found file '/usr/local/lib/python3.11/dist-packages/antismash/modules/thiopeptides/data/thiopep3.hmm.h3m'
DEBUG    18/06 14:56:59   Found file '/usr/local/lib/python3.11/dist-packages/antismash/modules/thiopeptides/data/thiopep3.hmm.h3p'
DEBUG    18/06 14:57:00   Checking prerequisites for antismash.modules.tta
DEBUG    18/06 14:57:00   Checking prerequisites for antismash.outputs.html
DEBUG    18/06 14:57:00   Found file '/usr/local/lib/python3.11/dist-packages/antismash/outputs/html/css/bacteria.css'
DEBUG    18/06 14:57:00   Found file '/usr/local/lib/python3.11/dist-packages/antismash/outputs/html/css/fungi.css'
DEBUG    18/06 14:57:00   Found file '/usr/local/lib/python3.11/dist-packages/antismash/outputs/html/css/plants.css'
DEBUG    18/06 14:57:00   Checking prerequisites for antismash.support.genefinding
DEBUG    18/06 14:57:00   Checking options for antismash.detection.hmm_detection
DEBUG    18/06 14:57:00   Checking options for antismash.detection.cluster_hmmer
DEBUG    18/06 14:57:00   Found file '/databases/pfam/35.0/Pfam-A.hmm'
DEBUG    18/06 14:57:00   Found file '/databases/pfam/35.0/Pfam-A.hmm.h3f'
DEBUG    18/06 14:57:00   Found file '/databases/pfam/35.0/Pfam-A.hmm.h3i'
DEBUG    18/06 14:57:00   Found file '/databases/pfam/35.0/Pfam-A.hmm.h3m'
DEBUG    18/06 14:57:00   Found file '/databases/pfam/35.0/Pfam-A.hmm.h3p'
DEBUG    18/06 14:57:00   Checking options for antismash.detection.genefunctions
DEBUG    18/06 14:57:00   Checking options for antismash.detection.nrps_pks_domains
DEBUG    18/06 14:57:00   Checking options for antismash.detection.tigrfam
DEBUG    18/06 14:57:00   Checking options for antismash.modules.active_site_finder
DEBUG    18/06 14:57:00   Checking options for antismash.modules.cluster_compare
DEBUG    18/06 14:57:00   Checking options for antismash.modules.clusterblast
DEBUG    18/06 14:57:00   Checking options for antismash.modules.lanthipeptides
DEBUG    18/06 14:57:00   Checking options for antismash.modules.lassopeptides
DEBUG    18/06 14:57:00   Checking options for antismash.modules.nrps_pks
DEBUG    18/06 14:57:00   Checking options for antismash.modules.pfam2go
DEBUG    18/06 14:57:00   Checking options for antismash.modules.rrefinder
DEBUG    18/06 14:57:00   Checking options for antismash.modules.sactipeptides
DEBUG    18/06 14:57:00   Checking options for antismash.modules.t2pks
DEBUG    18/06 14:57:00   Checking options for antismash.modules.terpene
DEBUG    18/06 14:57:00   Checking options for antismash.modules.tfbs_finder
DEBUG    18/06 14:57:00   Checking options for antismash.modules.thiopeptides
DEBUG    18/06 14:57:00   Checking options for antismash.modules.tta
DEBUG    18/06 14:57:00   Checking options for antismash.outputs.html
DEBUG    18/06 14:57:00   Checking options for antismash.support.genefinding
INFO     18/06 14:57:00   Parsing input sequence '/input/C3M06_short.fasta'
DEBUG    18/06 14:57:00   Stripping antiSMASH features and annotations from record: C3M06_1
DEBUG    18/06 14:57:00   Stripping antiSMASH features and annotations from record: C3M06_2
DEBUG    18/06 14:57:00   Stripping antiSMASH features and annotations from record: C3M06_3
DEBUG    18/06 14:57:00   Stripping antiSMASH features and annotations from record: C3M06_4
DEBUG    18/06 14:57:00   Stripping antiSMASH features and annotations from record: C3M06_5
DEBUG    18/06 14:57:00   Stripping antiSMASH features and annotations from record: C3M06_6
DEBUG    18/06 14:57:00   Stripping antiSMASH features and annotations from record: C3M06_7
DEBUG    18/06 14:57:00   Stripping antiSMASH features and annotations from record: C3M06_8
DEBUG    18/06 14:57:00   Stripping antiSMASH features and annotations from record: C3M06_9
DEBUG    18/06 14:57:00   Stripping antiSMASH features and annotations from record: C3M06_10
DEBUG    18/06 14:57:00   Stripping antiSMASH features and annotations from record: C3M06_11
DEBUG    18/06 14:57:00   Stripping antiSMASH features and annotations from record: C3M06_12
DEBUG    18/06 14:57:00   Stripping antiSMASH features and annotations from record: C3M06_13
DEBUG    18/06 14:57:00   Stripping antiSMASH features and annotations from record: C3M06_14
DEBUG    18/06 14:57:00   Stripping antiSMASH features and annotations from record: C3M06_15
DEBUG    18/06 14:57:00   Stripping antiSMASH features and annotations from record: C3M06_16
DEBUG    18/06 14:57:00   Stripping antiSMASH features and annotations from record: C3M06_17
DEBUG    18/06 14:57:00   Stripping antiSMASH features and annotations from record: C3M06_18
DEBUG    18/06 14:57:00   Stripping antiSMASH features and annotations from record: C3M06_19
DEBUG    18/06 14:57:00   Stripping antiSMASH features and annotations from record: C3M06_20
DEBUG    18/06 14:57:00   Stripping antiSMASH features and annotations from record: C3M06_21
DEBUG    18/06 14:57:00   Stripping antiSMASH features and annotations from record: C3M06_22
DEBUG    18/06 14:57:00   Stripping antiSMASH features and annotations from record: C3M06_23
DEBUG    18/06 14:57:00   Stripping antiSMASH features and annotations from record: C3M06_24
DEBUG    18/06 14:57:00   Stripping antiSMASH features and annotations from record: C3M06_25
DEBUG    18/06 14:57:00   Stripping antiSMASH features and annotations from record: C3M06_26
DEBUG    18/06 14:57:00   Stripping antiSMASH features and annotations from record: C3M06_27
DEBUG    18/06 14:57:00   Stripping antiSMASH features and annotations from record: C3M06_28
DEBUG    18/06 14:57:00   Stripping antiSMASH features and annotations from record: C3M06_29
DEBUG    18/06 14:57:00   Stripping antiSMASH features and annotations from record: C3M06_30
DEBUG    18/06 14:57:00   Stripping antiSMASH features and annotations from record: C3M06_31
DEBUG    18/06 14:57:00   Stripping antiSMASH features and annotations from record: C3M06_32
DEBUG    18/06 14:57:00   Stripping antiSMASH features and annotations from record: C3M06_33
DEBUG    18/06 14:57:00   Stripping antiSMASH features and annotations from record: C3M06_34
DEBUG    18/06 14:57:00   Stripping antiSMASH features and annotations from record: C3M06_35
DEBUG    18/06 14:57:00   Stripping antiSMASH features and annotations from record: C3M06_36
DEBUG    18/06 14:57:00   Stripping antiSMASH features and annotations from record: C3M06_37
DEBUG    18/06 14:57:00   Stripping antiSMASH features and annotations from record: C3M06_38
DEBUG    18/06 14:57:00   Stripping antiSMASH features and annotations from record: C3M06_39
DEBUG    18/06 14:57:00   Stripping antiSMASH features and annotations from record: C3M06_40
DEBUG    18/06 14:57:00   Stripping antiSMASH features and annotations from record: C3M06_41
DEBUG    18/06 14:57:00   Stripping antiSMASH features and annotations from record: C3M06_42
DEBUG    18/06 14:57:00   Stripping antiSMASH features and annotations from record: C3M06_43
DEBUG    18/06 14:57:00   Stripping antiSMASH features and annotations from record: C3M06_44
DEBUG    18/06 14:57:00   Stripping antiSMASH features and annotations from record: C3M06_45
DEBUG    18/06 14:57:00   Stripping antiSMASH features and annotations from record: C3M06_46
DEBUG    18/06 14:57:00   Stripping antiSMASH features and annotations from record: C3M06_47
DEBUG    18/06 14:57:00   Stripping antiSMASH features and annotations from record: C3M06_48
DEBUG    18/06 14:57:00   Stripping antiSMASH features and annotations from record: C3M06_49
DEBUG    18/06 14:57:00   Stripping antiSMASH features and annotations from record: C3M06_50
DEBUG    18/06 14:57:00   Stripping antiSMASH features and annotations from record: C3M06_51
DEBUG    18/06 14:57:00   Stripping antiSMASH features and annotations from record: C3M06_52
DEBUG    18/06 14:57:00   Stripping antiSMASH features and annotations from record: C3M06_53
DEBUG    18/06 14:57:00   Stripping antiSMASH features and annotations from record: C3M06_54
DEBUG    18/06 14:57:00   Stripping antiSMASH features and annotations from record: C3M06_55
DEBUG    18/06 14:57:00   Stripping antiSMASH features and annotations from record: C3M06_56
DEBUG    18/06 14:57:00   Stripping antiSMASH features and annotations from record: C3M06_57
DEBUG    18/06 14:57:00   Stripping antiSMASH features and annotations from record: C3M06_58
DEBUG    18/06 14:57:00   Stripping antiSMASH features and annotations from record: C3M06_59
DEBUG    18/06 14:57:00   Stripping antiSMASH features and annotations from record: C3M06_60
DEBUG    18/06 14:57:00   Stripping antiSMASH features and annotations from record: C3M06_61
DEBUG    18/06 14:57:00   Stripping antiSMASH features and annotations from record: C3M06_62
DEBUG    18/06 14:57:00   Stripping antiSMASH features and annotations from record: C3M06_63
DEBUG    18/06 14:57:00   Stripping antiSMASH features and annotations from record: C3M06_64
DEBUG    18/06 14:57:00   Stripping antiSMASH features and annotations from record: C3M06_65
DEBUG    18/06 14:57:00   Stripping antiSMASH features and annotations from record: C3M06_66
DEBUG    18/06 14:57:00   Stripping antiSMASH features and annotations from record: C3M06_67
DEBUG    18/06 14:57:00   Stripping antiSMASH features and annotations from record: C3M06_68
DEBUG    18/06 14:57:00   Stripping antiSMASH features and annotations from record: C3M06_69
DEBUG    18/06 14:57:00   Stripping antiSMASH features and annotations from record: C3M06_70
DEBUG    18/06 14:57:00   Stripping antiSMASH features and annotations from record: C3M06_71
DEBUG    18/06 14:57:00   Stripping antiSMASH features and annotations from record: C3M06_72
DEBUG    18/06 14:57:00   Stripping antiSMASH features and annotations from record: C3M06_73
DEBUG    18/06 14:57:00   Stripping antiSMASH features and annotations from record: C3M06_74
DEBUG    18/06 14:57:00   Stripping antiSMASH features and annotations from record: C3M06_75
DEBUG    18/06 14:57:00   Stripping antiSMASH features and annotations from record: C3M06_76
DEBUG    18/06 14:57:00   Stripping antiSMASH features and annotations from record: C3M06_77
DEBUG    18/06 14:57:00   Stripping antiSMASH features and annotations from record: C3M06_78
DEBUG    18/06 14:57:00   Stripping antiSMASH features and annotations from record: C3M06_79
DEBUG    18/06 14:57:00   Stripping antiSMASH features and annotations from record: C3M06_80
DEBUG    18/06 14:57:00   Stripping antiSMASH features and annotations from record: C3M06_81
DEBUG    18/06 14:57:00   Stripping antiSMASH features and annotations from record: C3M06_82
DEBUG    18/06 14:57:00   Stripping antiSMASH features and annotations from record: C3M06_83
DEBUG    18/06 14:57:00   Stripping antiSMASH features and annotations from record: C3M06_84
DEBUG    18/06 14:57:00   Stripping antiSMASH features and annotations from record: C3M06_85
DEBUG    18/06 14:57:00   Stripping antiSMASH features and annotations from record: C3M06_86
DEBUG    18/06 14:57:00   Stripping antiSMASH features and annotations from record: C3M06_87
DEBUG    18/06 14:57:00   Stripping antiSMASH features and annotations from record: C3M06_88
DEBUG    18/06 14:57:00   Stripping antiSMASH features and annotations from record: C3M06_89
DEBUG    18/06 14:57:00   Stripping antiSMASH features and annotations from record: C3M06_90
DEBUG    18/06 14:57:00   Stripping antiSMASH features and annotations from record: C3M06_91
DEBUG    18/06 14:57:00   Stripping antiSMASH features and annotations from record: C3M06_92
DEBUG    18/06 14:57:00   Stripping antiSMASH features and annotations from record: C3M06_93
DEBUG    18/06 14:57:00   Stripping antiSMASH features and annotations from record: C3M06_94
DEBUG    18/06 14:57:00   Stripping antiSMASH features and annotations from record: C3M06_95
DEBUG    18/06 14:57:00   Stripping antiSMASH features and annotations from record: C3M06_96
DEBUG    18/06 14:57:00   Stripping antiSMASH features and annotations from record: C3M06_97
DEBUG    18/06 14:57:00   Stripping antiSMASH features and annotations from record: C3M06_98
DEBUG    18/06 14:57:00   Stripping antiSMASH features and annotations from record: C3M06_99
DEBUG    18/06 14:57:00   Stripping antiSMASH features and annotations from record: C3M06_100
DEBUG    18/06 14:57:00   Stripping antiSMASH features and annotations from record: C3M06_101
DEBUG    18/06 14:57:00   Stripping antiSMASH features and annotations from record: C3M06_102
DEBUG    18/06 14:57:00   Stripping antiSMASH features and annotations from record: C3M06_103
DEBUG    18/06 14:57:00   Stripping antiSMASH features and annotations from record: C3M06_104
DEBUG    18/06 14:57:00   Stripping antiSMASH features and annotations from record: C3M06_105
DEBUG    18/06 14:57:00   Stripping antiSMASH features and annotations from record: C3M06_106
DEBUG    18/06 14:57:00   Converting records from biopython to secmet
DEBUG    18/06 14:57:00   Removing existing region genbank files
DEBUG    18/06 14:57:00   Reusing output directory: /data/antismash/upload/bacteria-75ce95a5-47f2-492b-b2d4-d57dd483cbab
DEBUG    18/06 14:57:00   Preprocessing 106 sequences
DEBUG    18/06 14:57:00   Sanitising record ids and sequences
DEBUG    18/06 14:57:00   Removing sequences smaller than 1000 bases
DEBUG    18/06 14:57:00   Ensuring records have CDS features with all required information
INFO     18/06 14:57:00   No CDS features found in record 'C3M06_1', running gene finding.
DEBUG    18/06 14:57:00   Running prodigal based genefinding
INFO     18/06 14:57:00   No CDS features found in record 'C3M06_8', running gene finding.
DEBUG    18/06 14:57:00   Running prodigal based genefinding
INFO     18/06 14:57:00   No CDS features found in record 'C3M06_22', running gene finding.
INFO     18/06 14:57:00   No CDS features found in record 'C3M06_15', running gene finding.
DEBUG    18/06 14:57:00   Running prodigal based genefinding
DEBUG    18/06 14:57:00   Running prodigal based genefinding
DEBUG    18/06 14:57:00   prodigal found 1 CDS features
INFO     18/06 14:57:00   No CDS features found in record 'C3M06_2', running gene finding.
DEBUG    18/06 14:57:00   Running prodigal based genefinding
DEBUG    18/06 14:57:00   prodigal found 28 CDS features
INFO     18/06 14:57:00   No CDS features found in record 'C3M06_23', running gene finding.
DEBUG    18/06 14:57:00   Running prodigal based genefinding
DEBUG    18/06 14:57:00   prodigal found 27 CDS features
INFO     18/06 14:57:00   No CDS features found in record 'C3M06_24', running gene finding.
DEBUG    18/06 14:57:00   Running prodigal based genefinding
DEBUG    18/06 14:57:00   prodigal found 6 CDS features
INFO     18/06 14:57:00   No CDS features found in record 'C3M06_9', running gene finding.
DEBUG    18/06 14:57:00   Running prodigal based genefinding
DEBUG    18/06 14:57:01   prodigal found 49 CDS features
INFO     18/06 14:57:01   No CDS features found in record 'C3M06_10', running gene finding.
DEBUG    18/06 14:57:01   Running prodigal based genefinding
DEBUG    18/06 14:57:01   prodigal found 18 CDS features
INFO     18/06 14:57:01   No CDS features found in record 'C3M06_25', running gene finding.
DEBUG    18/06 14:57:01   Running prodigal based genefinding
DEBUG    18/06 14:57:01   prodigal found 5 CDS features
INFO     18/06 14:57:01   No CDS features found in record 'C3M06_11', running gene finding.
DEBUG    18/06 14:57:01   Running prodigal based genefinding
DEBUG    18/06 14:57:01   prodigal found 2 CDS features
INFO     18/06 14:57:01   No CDS features found in record 'C3M06_26', running gene finding.
DEBUG    18/06 14:57:01   Running prodigal based genefinding
DEBUG    18/06 14:57:01   prodigal found 16 CDS features
INFO     18/06 14:57:01   No CDS features found in record 'C3M06_16', running gene finding.
DEBUG    18/06 14:57:01   Running prodigal based genefinding
DEBUG    18/06 14:57:01   prodigal found 31 CDS features
INFO     18/06 14:57:01   No CDS features found in record 'C3M06_12', running gene finding.
DEBUG    18/06 14:57:01   Running prodigal based genefinding
DEBUG    18/06 14:57:01   prodigal found 131 CDS features
INFO     18/06 14:57:01   No CDS features found in record 'C3M06_3', running gene finding.
DEBUG    18/06 14:57:01   Running prodigal based genefinding
DEBUG    18/06 14:57:01   prodigal found 2 CDS features
INFO     18/06 14:57:01   No CDS features found in record 'C3M06_4', running gene finding.
DEBUG    18/06 14:57:01   Running prodigal based genefinding
DEBUG    18/06 14:57:01   prodigal found 40 CDS features
INFO     18/06 14:57:01   No CDS features found in record 'C3M06_13', running gene finding.
DEBUG    18/06 14:57:01   Running prodigal based genefinding
DEBUG    18/06 14:57:01   prodigal found 47 CDS features
INFO     18/06 14:57:01   No CDS features found in record 'C3M06_17', running gene finding.
DEBUG    18/06 14:57:01   Running prodigal based genefinding
DEBUG    18/06 14:57:01   prodigal found 3 CDS features
INFO     18/06 14:57:01   No CDS features found in record 'C3M06_18', running gene finding.
DEBUG    18/06 14:57:01   Running prodigal based genefinding
DEBUG    18/06 14:57:01   prodigal found 15 CDS features
INFO     18/06 14:57:01   No CDS features found in record 'C3M06_14', running gene finding.
DEBUG    18/06 14:57:01   Running prodigal based genefinding
DEBUG    18/06 14:57:01   prodigal found 12 CDS features
INFO     18/06 14:57:01   No CDS features found in record 'C3M06_27', running gene finding.
DEBUG    18/06 14:57:01   prodigal found 7 CDS features
DEBUG    18/06 14:57:01   Running prodigal based genefinding
INFO     18/06 14:57:01   No CDS features found in record 'C3M06_19', running gene finding.
DEBUG    18/06 14:57:01   Running prodigal based genefinding
DEBUG    18/06 14:57:01   prodigal found 4 CDS features
INFO     18/06 14:57:01   No CDS features found in record 'C3M06_28', running gene finding.
DEBUG    18/06 14:57:01   Running prodigal based genefinding
DEBUG    18/06 14:57:01   prodigal found 6 CDS features
INFO     18/06 14:57:01   No CDS features found in record 'C3M06_20', running gene finding.
DEBUG    18/06 14:57:01   Running prodigal based genefinding
DEBUG    18/06 14:57:01   prodigal found 36 CDS features
DEBUG    18/06 14:57:01   prodigal found 78 CDS features
INFO     18/06 14:57:01   No CDS features found in record 'C3M06_29', running gene finding.
DEBUG    18/06 14:57:01   Running prodigal based genefinding
INFO     18/06 14:57:01   No CDS features found in record 'C3M06_36', running gene finding.
DEBUG    18/06 14:57:01   Running prodigal based genefinding
DEBUG    18/06 14:57:01   prodigal found 29 CDS features
INFO     18/06 14:57:01   No CDS features found in record 'C3M06_37', running gene finding.
DEBUG    18/06 14:57:01   Running prodigal based genefinding
DEBUG    18/06 14:57:01   prodigal found 49 CDS features
INFO     18/06 14:57:01   No CDS features found in record 'C3M06_21', running gene finding.
DEBUG    18/06 14:57:01   Running prodigal based genefinding
DEBUG    18/06 14:57:01   prodigal found 3 CDS features
INFO     18/06 14:57:01   No CDS features found in record 'C3M06_38', running gene finding.
DEBUG    18/06 14:57:01   Running prodigal based genefinding
DEBUG    18/06 14:57:01   prodigal found 10 CDS features
INFO     18/06 14:57:01   No CDS features found in record 'C3M06_30', running gene finding.
DEBUG    18/06 14:57:01   Running prodigal based genefinding
DEBUG    18/06 14:57:02   prodigal found 84 CDS features
INFO     18/06 14:57:02   No CDS features found in record 'C3M06_43', running gene finding.
DEBUG    18/06 14:57:02   Running prodigal based genefinding
DEBUG    18/06 14:57:02   prodigal found 209 CDS features
INFO     18/06 14:57:02   No CDS features found in record 'C3M06_5', running gene finding.
DEBUG    18/06 14:57:02   Running prodigal based genefinding
DEBUG    18/06 14:57:02   prodigal found 14 CDS features
INFO     18/06 14:57:02   No CDS features found in record 'C3M06_44', running gene finding.
DEBUG    18/06 14:57:02   Running prodigal based genefinding
DEBUG    18/06 14:57:02   prodigal found 169 CDS features
INFO     18/06 14:57:02   No CDS features found in record 'C3M06_39', running gene finding.
DEBUG    18/06 14:57:02   Running prodigal based genefinding
DEBUG    18/06 14:57:02   prodigal found 9 CDS features
INFO     18/06 14:57:02   No CDS features found in record 'C3M06_45', running gene finding.
DEBUG    18/06 14:57:02   Running prodigal based genefinding
DEBUG    18/06 14:57:02   prodigal found 75 CDS features
INFO     18/06 14:57:02   No CDS features found in record 'C3M06_6', running gene finding.
DEBUG    18/06 14:57:02   Running prodigal based genefinding
DEBUG    18/06 14:57:02   prodigal found 60 CDS features
INFO     18/06 14:57:02   No CDS features found in record 'C3M06_31', running gene finding.
DEBUG    18/06 14:57:02   Running prodigal based genefinding
DEBUG    18/06 14:57:02   prodigal found 1 CDS features
INFO     18/06 14:57:02   No CDS features found in record 'C3M06_7', running gene finding.
DEBUG    18/06 14:57:02   Running prodigal based genefinding
DEBUG    18/06 14:57:02   prodigal found 59 CDS features
INFO     18/06 14:57:02   No CDS features found in record 'C3M06_46', running gene finding.
DEBUG    18/06 14:57:02   Running prodigal based genefinding
DEBUG    18/06 14:57:02   prodigal found 77 CDS features
INFO     18/06 14:57:02   No CDS features found in record 'C3M06_32', running gene finding.
DEBUG    18/06 14:57:02   Running prodigal based genefinding
DEBUG    18/06 14:57:02   prodigal found 89 CDS features
INFO     18/06 14:57:02   No CDS features found in record 'C3M06_40', running gene finding.
DEBUG    18/06 14:57:02   Running prodigal based genefinding
DEBUG    18/06 14:57:02   prodigal found 2 CDS features
INFO     18/06 14:57:02   No CDS features found in record 'C3M06_33', running gene finding.
DEBUG    18/06 14:57:02   Running prodigal based genefinding
DEBUG    18/06 14:57:02   prodigal found 5 CDS features
INFO     18/06 14:57:02   No CDS features found in record 'C3M06_47', running gene finding.
DEBUG    18/06 14:57:02   Running prodigal based genefinding
DEBUG    18/06 14:57:02   prodigal found 2 CDS features
INFO     18/06 14:57:02   No CDS features found in record 'C3M06_41', running gene finding.
DEBUG    18/06 14:57:02   Running prodigal based genefinding
DEBUG    18/06 14:57:02   prodigal found 12 CDS features
INFO     18/06 14:57:02   No CDS features found in record 'C3M06_34', running gene finding.
DEBUG    18/06 14:57:02   Running prodigal based genefinding
DEBUG    18/06 14:57:02   prodigal found 41 CDS features
INFO     18/06 14:57:02   No CDS features found in record 'C3M06_35', running gene finding.
DEBUG    18/06 14:57:02   Running prodigal based genefinding
DEBUG    18/06 14:57:02   prodigal found 173 CDS features
INFO     18/06 14:57:02   No CDS features found in record 'C3M06_50', running gene finding.
DEBUG    18/06 14:57:02   Running prodigal based genefinding
DEBUG    18/06 14:57:03   prodigal found 52 CDS features
INFO     18/06 14:57:03   No CDS features found in record 'C3M06_57', running gene finding.
DEBUG    18/06 14:57:03   Running prodigal based genefinding
DEBUG    18/06 14:57:03   prodigal found 24 CDS features
INFO     18/06 14:57:03   No CDS features found in record 'C3M06_51', running gene finding.
DEBUG    18/06 14:57:03   Running prodigal based genefinding
DEBUG    18/06 14:57:03   prodigal found 2 CDS features
INFO     18/06 14:57:03   No CDS features found in record 'C3M06_52', running gene finding.
DEBUG    18/06 14:57:03   Running prodigal based genefinding
DEBUG    18/06 14:57:03   prodigal found 206 CDS features
INFO     18/06 14:57:03   No CDS features found in record 'C3M06_42', running gene finding.
DEBUG    18/06 14:57:03   Running prodigal based genefinding
DEBUG    18/06 14:57:03   prodigal found 11 CDS features
INFO     18/06 14:57:03   No CDS features found in record 'C3M06_53', running gene finding.
DEBUG    18/06 14:57:03   Running prodigal based genefinding
DEBUG    18/06 14:57:03   prodigal found 16 CDS features
INFO     18/06 14:57:03   No CDS features found in record 'C3M06_58', running gene finding.
DEBUG    18/06 14:57:03   Running prodigal based genefinding
DEBUG    18/06 14:57:03   prodigal found 45 CDS features
INFO     18/06 14:57:03   No CDS features found in record 'C3M06_54', running gene finding.
DEBUG    18/06 14:57:03   Running prodigal based genefinding
DEBUG    18/06 14:57:03   prodigal found 6 CDS features
INFO     18/06 14:57:03   No CDS features found in record 'C3M06_55', running gene finding.
DEBUG    18/06 14:57:03   Running prodigal based genefinding
DEBUG    18/06 14:57:03   prodigal found 2 CDS features
INFO     18/06 14:57:03   No CDS features found in record 'C3M06_56', running gene finding.
DEBUG    18/06 14:57:03   Running prodigal based genefinding
DEBUG    18/06 14:57:03   prodigal found 102 CDS features
INFO     18/06 14:57:03   No CDS features found in record 'C3M06_64', running gene finding.
DEBUG    18/06 14:57:03   Running prodigal based genefinding
DEBUG    18/06 14:57:03   prodigal found 64 CDS features
INFO     18/06 14:57:03   No CDS features found in record 'C3M06_65', running gene finding.
DEBUG    18/06 14:57:03   Running prodigal based genefinding
DEBUG    18/06 14:57:03   prodigal found 19 CDS features
INFO     18/06 14:57:03   No CDS features found in record 'C3M06_59', running gene finding.
DEBUG    18/06 14:57:03   Running prodigal based genefinding
DEBUG    18/06 14:57:03   prodigal found 270 CDS features
INFO     18/06 14:57:03   No CDS features found in record 'C3M06_48', running gene finding.
DEBUG    18/06 14:57:03   Running prodigal based genefinding
DEBUG    18/06 14:57:03   prodigal found 35 CDS features
INFO     18/06 14:57:03   No CDS features found in record 'C3M06_66', running gene finding.
DEBUG    18/06 14:57:03   Running prodigal based genefinding
DEBUG    18/06 14:57:03   prodigal found 38 CDS features
INFO     18/06 14:57:03   No CDS features found in record 'C3M06_60', running gene finding.
DEBUG    18/06 14:57:03   Running prodigal based genefinding
DEBUG    18/06 14:57:04   prodigal found 4 CDS features
INFO     18/06 14:57:04   No CDS features found in record 'C3M06_61', running gene finding.
DEBUG    18/06 14:57:04   Running prodigal based genefinding
DEBUG    18/06 14:57:04   prodigal found 5 CDS features
INFO     18/06 14:57:04   No CDS features found in record 'C3M06_67', running gene finding.
DEBUG    18/06 14:57:04   Running prodigal based genefinding
DEBUG    18/06 14:57:04   prodigal found 14 CDS features
INFO     18/06 14:57:04   No CDS features found in record 'C3M06_68', running gene finding.
DEBUG    18/06 14:57:04   Running prodigal based genefinding
DEBUG    18/06 14:57:04   prodigal found 9 CDS features
INFO     18/06 14:57:04   No CDS features found in record 'C3M06_62', running gene finding.
DEBUG    18/06 14:57:04   Running prodigal based genefinding
DEBUG    18/06 14:57:04   prodigal found 157 CDS features
INFO     18/06 14:57:04   No CDS features found in record 'C3M06_71', running gene finding.
DEBUG    18/06 14:57:04   Running prodigal based genefinding
DEBUG    18/06 14:57:04   prodigal found 7 CDS features
INFO     18/06 14:57:04   No CDS features found in record 'C3M06_69', running gene finding.
DEBUG    18/06 14:57:04   Running prodigal based genefinding
DEBUG    18/06 14:57:04   prodigal found 3 CDS features
INFO     18/06 14:57:04   No CDS features found in record 'C3M06_63', running gene finding.
DEBUG    18/06 14:57:04   Running prodigal based genefinding
DEBUG    18/06 14:57:04   prodigal found 3 CDS features
INFO     18/06 14:57:04   No CDS features found in record 'C3M06_72', running gene finding.
DEBUG    18/06 14:57:04   Running prodigal based genefinding
DEBUG    18/06 14:57:04   prodigal found 125 CDS features
INFO     18/06 14:57:04   No CDS features found in record 'C3M06_49', running gene finding.
DEBUG    18/06 14:57:04   Running prodigal based genefinding
DEBUG    18/06 14:57:04   prodigal found 7 CDS features
INFO     18/06 14:57:04   No CDS features found in record 'C3M06_78', running gene finding.
DEBUG    18/06 14:57:04   Running prodigal based genefinding
DEBUG    18/06 14:57:04   prodigal found 2 CDS features
INFO     18/06 14:57:04   No CDS features found in record 'C3M06_85', running gene finding.
DEBUG    18/06 14:57:04   Running prodigal based genefinding
DEBUG    18/06 14:57:04   prodigal found 69 CDS features
INFO     18/06 14:57:04   No CDS features found in record 'C3M06_70', running gene finding.
DEBUG    18/06 14:57:04   Running prodigal based genefinding
DEBUG    18/06 14:57:04   prodigal found 3 CDS features
INFO     18/06 14:57:04   No CDS features found in record 'C3M06_86', running gene finding.
DEBUG    18/06 14:57:04   Running prodigal based genefinding
DEBUG    18/06 14:57:04   prodigal found 5 CDS features
DEBUG    18/06 14:57:04   prodigal found 3 CDS features
INFO     18/06 14:57:04   No CDS features found in record 'C3M06_87', running gene finding.
DEBUG    18/06 14:57:04   Running prodigal based genefinding
INFO     18/06 14:57:04   No CDS features found in record 'C3M06_92', running gene finding.
DEBUG    18/06 14:57:04   Running prodigal based genefinding
DEBUG    18/06 14:57:04   prodigal found 3 CDS features
INFO     18/06 14:57:04   No CDS features found in record 'C3M06_93', running gene finding.
DEBUG    18/06 14:57:04   Running prodigal based genefinding
DEBUG    18/06 14:57:04   prodigal found 9 CDS features
INFO     18/06 14:57:04   No CDS features found in record 'C3M06_88', running gene finding.
DEBUG    18/06 14:57:04   Running prodigal based genefinding
DEBUG    18/06 14:57:04   prodigal found 5 CDS features
INFO     18/06 14:57:04   No CDS features found in record 'C3M06_89', running gene finding.
DEBUG    18/06 14:57:04   Running prodigal based genefinding
DEBUG    18/06 14:57:04   prodigal found 2 CDS features
INFO     18/06 14:57:04   No CDS features found in record 'C3M06_90', running gene finding.
DEBUG    18/06 14:57:04   Running prodigal based genefinding
DEBUG    18/06 14:57:04   prodigal found 174 CDS features
INFO     18/06 14:57:04   No CDS features found in record 'C3M06_79', running gene finding.
DEBUG    18/06 14:57:04   Running prodigal based genefinding
DEBUG    18/06 14:57:04   prodigal found 128 CDS features
INFO     18/06 14:57:04   No CDS features found in record 'C3M06_94', running gene finding.
DEBUG    18/06 14:57:04   Running prodigal based genefinding
DEBUG    18/06 14:57:04   prodigal found 27 CDS features
INFO     18/06 14:57:04   No CDS features found in record 'C3M06_80', running gene finding.
DEBUG    18/06 14:57:04   Running prodigal based genefinding
DEBUG    18/06 14:57:04   prodigal found 7 CDS features
INFO     18/06 14:57:04   No CDS features found in record 'C3M06_95', running gene finding.
DEBUG    18/06 14:57:04   Running prodigal based genefinding
DEBUG    18/06 14:57:04   prodigal found 1 CDS features
INFO     18/06 14:57:04   No CDS features found in record 'C3M06_96', running gene finding.
DEBUG    18/06 14:57:04   Running prodigal based genefinding
DEBUG    18/06 14:57:04   prodigal found 98 CDS features
INFO     18/06 14:57:04   No CDS features found in record 'C3M06_91', running gene finding.
DEBUG    18/06 14:57:04   Running prodigal based genefinding
DEBUG    18/06 14:57:04   prodigal found 2 CDS features
INFO     18/06 14:57:04   No CDS features found in record 'C3M06_97', running gene finding.
DEBUG    18/06 14:57:04   Running prodigal based genefinding
DEBUG    18/06 14:57:05   prodigal found 53 CDS features
INFO     18/06 14:57:05   No CDS features found in record 'C3M06_81', running gene finding.
DEBUG    18/06 14:57:05   Running prodigal based genefinding
DEBUG    18/06 14:57:05   prodigal found 40 CDS features
INFO     18/06 14:57:05   No CDS features found in record 'C3M06_98', running gene finding.
DEBUG    18/06 14:57:05   Running prodigal based genefinding
DEBUG    18/06 14:57:05   prodigal found 52 CDS features
INFO     18/06 14:57:05   No CDS features found in record 'C3M06_82', running gene finding.
DEBUG    18/06 14:57:05   Running prodigal based genefinding
DEBUG    18/06 14:57:05   prodigal found 16 CDS features
INFO     18/06 14:57:05   No CDS features found in record 'C3M06_99', running gene finding.
DEBUG    18/06 14:57:05   Running prodigal based genefinding
DEBUG    18/06 14:57:05   prodigal found 109 CDS features
INFO     18/06 14:57:05   No CDS features found in record 'C3M06_106', running gene finding.
DEBUG    18/06 14:57:05   Running prodigal based genefinding
DEBUG    18/06 14:57:05   prodigal found 4 CDS features
INFO     18/06 14:57:05   No CDS features found in record 'C3M06_100', running gene finding.
DEBUG    18/06 14:57:05   Running prodigal based genefinding
DEBUG    18/06 14:57:05   prodigal found 2 CDS features
DEBUG    18/06 14:57:05   prodigal found 378 CDS features
INFO     18/06 14:57:05   No CDS features found in record 'C3M06_73', running gene finding.
DEBUG    18/06 14:57:05   Running prodigal based genefinding
DEBUG    18/06 14:57:05   prodigal found 57 CDS features
INFO     18/06 14:57:05   No CDS features found in record 'C3M06_83', running gene finding.
DEBUG    18/06 14:57:05   Running prodigal based genefinding
DEBUG    18/06 14:57:05   prodigal found 64 CDS features
INFO     18/06 14:57:05   No CDS features found in record 'C3M06_101', running gene finding.
DEBUG    18/06 14:57:05   Running prodigal based genefinding
DEBUG    18/06 14:57:05   prodigal found 8 CDS features
INFO     18/06 14:57:05   No CDS features found in record 'C3M06_84', running gene finding.
DEBUG    18/06 14:57:05   Running prodigal based genefinding
DEBUG    18/06 14:57:05   prodigal found 31 CDS features
DEBUG    18/06 14:57:05   prodigal found 16 CDS features
INFO     18/06 14:57:05   No CDS features found in record 'C3M06_102', running gene finding.
DEBUG    18/06 14:57:05   Running prodigal based genefinding
DEBUG    18/06 14:57:05   prodigal found 161 CDS features
INFO     18/06 14:57:05   No CDS features found in record 'C3M06_74', running gene finding.
DEBUG    18/06 14:57:05   Running prodigal based genefinding
DEBUG    18/06 14:57:05   prodigal found 3 CDS features
INFO     18/06 14:57:05   No CDS features found in record 'C3M06_75', running gene finding.
DEBUG    18/06 14:57:05   Running prodigal based genefinding
DEBUG    18/06 14:57:05   prodigal found 62 CDS features
INFO     18/06 14:57:05   No CDS features found in record 'C3M06_103', running gene finding.
DEBUG    18/06 14:57:05   Running prodigal based genefinding
DEBUG    18/06 14:57:06   prodigal found 69 CDS features
INFO     18/06 14:57:06   No CDS features found in record 'C3M06_76', running gene finding.
DEBUG    18/06 14:57:06   Running prodigal based genefinding
DEBUG    18/06 14:57:06   prodigal found 9 CDS features
INFO     18/06 14:57:06   No CDS features found in record 'C3M06_104', running gene finding.
DEBUG    18/06 14:57:06   Running prodigal based genefinding
DEBUG    18/06 14:57:06   prodigal found 75 CDS features
INFO     18/06 14:57:06   No CDS features found in record 'C3M06_77', running gene finding.
DEBUG    18/06 14:57:06   Running prodigal based genefinding
DEBUG    18/06 14:57:06   prodigal found 52 CDS features
INFO     18/06 14:57:06   No CDS features found in record 'C3M06_105', running gene finding.
DEBUG    18/06 14:57:06   Running prodigal based genefinding
DEBUG    18/06 14:57:06   prodigal found 4 CDS features
DEBUG    18/06 14:57:06   prodigal found 116 CDS features
INFO     18/06 14:57:06   Analysing record: C3M06_1
INFO     18/06 14:57:06   Detecting secondary metabolite clusters
DEBUG    18/06 14:57:06   Checking if antismash.detection.hmm_detection should be run
INFO     18/06 14:57:06   Running antismash.detection.hmm_detection
INFO     18/06 14:57:06   HMM detection using strictness: relaxed
DEBUG    18/06 14:57:07   0 rule-based cluster(s) found in record
DEBUG    18/06 14:57:07   0 protoclusters found
DEBUG    18/06 14:57:07   0 subregions found
INFO     18/06 14:57:07   No regions detected, skipping record
INFO     18/06 14:57:07   Analysing record: C3M06_2
INFO     18/06 14:57:07   Detecting secondary metabolite clusters
DEBUG    18/06 14:57:07   Checking if antismash.detection.hmm_detection should be run
INFO     18/06 14:57:07   Running antismash.detection.hmm_detection
INFO     18/06 14:57:07   HMM detection using strictness: relaxed
DEBUG    18/06 14:57:09   0 rule-based cluster(s) found in record
DEBUG    18/06 14:57:09   0 protoclusters found
DEBUG    18/06 14:57:09   0 subregions found
INFO     18/06 14:57:09   No regions detected, skipping record
INFO     18/06 14:57:09   Analysing record: C3M06_3
INFO     18/06 14:57:09   Detecting secondary metabolite clusters
DEBUG    18/06 14:57:09   Checking if antismash.detection.hmm_detection should be run
INFO     18/06 14:57:09   Running antismash.detection.hmm_detection
INFO     18/06 14:57:09   HMM detection using strictness: relaxed
DEBUG    18/06 14:57:10   0 rule-based cluster(s) found in record
DEBUG    18/06 14:57:10   0 protoclusters found
DEBUG    18/06 14:57:10   0 subregions found
INFO     18/06 14:57:10   No regions detected, skipping record
INFO     18/06 14:57:10   Analysing record: C3M06_4
INFO     18/06 14:57:10   Detecting secondary metabolite clusters
DEBUG    18/06 14:57:10   Checking if antismash.detection.hmm_detection should be run
INFO     18/06 14:57:10   Running antismash.detection.hmm_detection
INFO     18/06 14:57:10   HMM detection using strictness: relaxed
DEBUG    18/06 14:57:13   3 rule-based cluster(s) found in record
DEBUG    18/06 14:57:14   3 protoclusters found
DEBUG    18/06 14:57:14   0 subregions found
INFO     18/06 14:57:14   2 region(s) detected in record
DEBUG    18/06 14:57:14   Checking if antismash.detection.cluster_hmmer should be run
INFO     18/06 14:57:14   Running antismash.detection.cluster_hmmer
INFO     18/06 14:57:14   Running cluster PFAM search
DEBUG    18/06 14:57:35   Building name mapping for HMMer database Pfam-A.hmm
DEBUG    18/06 14:57:41   Building cutoff mapping for HMMer database /databases/pfam/35.0/Pfam-A.hmm
DEBUG    18/06 14:57:45   Adding detection results from antismash.detection.cluster_hmmer to record
DEBUG    18/06 14:57:45   Checking if antismash.detection.genefunctions should be run
INFO     18/06 14:57:45   Running antismash.detection.genefunctions
DEBUG    18/06 14:57:49   Adding detection results from antismash.detection.genefunctions to record
DEBUG    18/06 14:57:49   annotating CDS features with extras info: 0 CDSes
DEBUG    18/06 14:57:49   annotating CDS features with halogenases info: 0 CDSes
DEBUG    18/06 14:57:49   annotating CDS features with MITE info: 0 CDSes
DEBUG    18/06 14:57:49   annotating CDS features with resist info: 0 CDSes
DEBUG    18/06 14:57:49   annotating CDS features with smcogs info: 25 CDSes
DEBUG    18/06 14:57:49   Checking if antismash.detection.nrps_pks_domains should be run
INFO     18/06 14:57:49   Running antismash.detection.nrps_pks_domains
DEBUG    18/06 14:57:49   Marking NRPS/PKS CDS features and domains in clusters
DEBUG    18/06 14:57:49   Adding detection results from antismash.detection.nrps_pks_domains to record
DEBUG    18/06 14:57:49   Checking if antismash.detection.tigrfam should be run
INFO     18/06 14:57:49   Running antismash.detection.tigrfam
INFO     18/06 14:57:49   Running TIGRFam search
DEBUG    18/06 14:57:57   Building name mapping for HMMer database TIGRFam.hmm
DEBUG    18/06 14:57:59   Adding detection results from antismash.detection.tigrfam to record
DEBUG    18/06 14:57:59   Checking if antismash.modules.active_site_finder should be run
INFO     18/06 14:57:59   Running antismash.modules.active_site_finder
DEBUG    18/06 14:57:59   Checking if antismash.modules.cluster_compare should be run
INFO     18/06 14:57:59   Running antismash.modules.cluster_compare
DEBUG    18/06 14:57:59   Loading comparison database: MIBiG
DEBUG    18/06 14:58:00   Comparison database loaded
INFO     18/06 14:58:00   Comparing regions to reference database
DEBUG    18/06 14:58:04   Checking if antismash.modules.clusterblast should be run
INFO     18/06 14:58:04   Running antismash.modules.clusterblast
INFO     18/06 14:58:04   Running ClusterBlast
INFO     18/06 14:58:04   ClusterBlast: Loading gene cluster database into memory...
INFO     18/06 14:58:07   ClusterBlast: Loading gene cluster database proteins into memory...
INFO     18/06 14:58:38   Comparing regions to reference database
INFO     18/06 14:59:15   Running subcluster search
INFO     18/06 14:59:15   SubClusterBlast: Loading gene cluster database into memory...
INFO     18/06 14:59:15   SubClusterBlast: Loading gene cluster database proteins into memory...
INFO     18/06 14:59:16   Running known cluster search
INFO     18/06 14:59:16   KnownClusterBlast: Loading gene cluster database into memory...
INFO     18/06 14:59:16   KnownClusterBlast: Loading gene cluster database proteins into memory...
DEBUG    18/06 14:59:17   Running DIAMOND knowncluster searches..
INFO     18/06 14:59:17   Comparing regions to reference database
DEBUG    18/06 14:59:22   Checking if antismash.modules.lanthipeptides should be run
INFO     18/06 14:59:22   Running antismash.modules.lanthipeptides
DEBUG    18/06 14:59:22   Lanthipeptide module marked 0 motifs
DEBUG    18/06 14:59:22   Checking if antismash.modules.lassopeptides should be run
INFO     18/06 14:59:22   Running antismash.modules.lassopeptides
DEBUG    18/06 14:59:23   Lassopeptide module marked 0 motifs
DEBUG    18/06 14:59:23   Checking if antismash.modules.nrps_pks should be run
INFO     18/06 14:59:23   Running antismash.modules.nrps_pks
INFO     18/06 14:59:23   Predicting NRPS C domain activity using active site motifs
INFO     18/06 14:59:23   Predicting PKS AT domain substrate specificities by Yadav et al. PKS signature sequences
INFO     18/06 14:59:23   Predicting PKS AT domain substrate specificities by Minowa et al. method
INFO     18/06 14:59:24   Predicting CAL domain substrate specificities by Minowa et al. method
INFO     18/06 14:59:24   Predicting PKS KR activity and stereochemistry using KR fingerprints from Starcevic et al.
DEBUG    18/06 14:59:24   CandidateCluster 1 monomer ordering method: colinear
DEBUG    18/06 14:59:24   CandidateCluster 2 monomer ordering method: colinear
DEBUG    18/06 14:59:24   CandidateCluster 3 monomer ordering method: colinear
DEBUG    18/06 14:59:24   Checking if antismash.modules.pfam2go should be run
INFO     18/06 14:59:24   Running antismash.modules.pfam2go
DEBUG    18/06 14:59:24   Checking if antismash.modules.rrefinder should be run
INFO     18/06 14:59:24   Running antismash.modules.rrefinder
DEBUG    18/06 14:59:24   Checking if antismash.modules.sactipeptides should be run
INFO     18/06 14:59:24   Running antismash.modules.sactipeptides
DEBUG    18/06 14:59:24   Found no sactipeptide motifs
DEBUG    18/06 14:59:24   Checking if antismash.modules.t2pks should be run
INFO     18/06 14:59:24   Running antismash.modules.t2pks
DEBUG    18/06 14:59:24   No type II PKS clusters to analyze
DEBUG    18/06 14:59:24   Checking if antismash.modules.terpene should be run
INFO     18/06 14:59:24   Running antismash.modules.terpene
INFO     18/06 14:59:24   Analysing terpene clusters
DEBUG    18/06 14:59:24   Checking if antismash.modules.tfbs_finder should be run
INFO     18/06 14:59:24   Running antismash.modules.tfbs_finder
DEBUG    18/06 14:59:25   Checking if antismash.modules.thiopeptides should be run
INFO     18/06 14:59:25   Running antismash.modules.thiopeptides
DEBUG    18/06 14:59:25   Thiopeptides marked 0 motifs
DEBUG    18/06 14:59:25   Checking if antismash.modules.tta should be run
INFO     18/06 14:59:25   Running antismash.modules.tta
INFO     18/06 14:59:25   Skipping TTA codon detection, GC content too low: 65%
INFO     18/06 14:59:25   Analysing record: C3M06_5
INFO     18/06 14:59:25   Detecting secondary metabolite clusters
DEBUG    18/06 14:59:25   Checking if antismash.detection.hmm_detection should be run
INFO     18/06 14:59:25   Running antismash.detection.hmm_detection
INFO     18/06 14:59:25   HMM detection using strictness: relaxed
DEBUG    18/06 14:59:26   0 rule-based cluster(s) found in record
DEBUG    18/06 14:59:26   0 protoclusters found
DEBUG    18/06 14:59:26   0 subregions found
INFO     18/06 14:59:26   No regions detected, skipping record
INFO     18/06 14:59:26   Analysing record: C3M06_6
INFO     18/06 14:59:26   Detecting secondary metabolite clusters
DEBUG    18/06 14:59:26   Checking if antismash.detection.hmm_detection should be run
INFO     18/06 14:59:26   Running antismash.detection.hmm_detection
INFO     18/06 14:59:26   HMM detection using strictness: relaxed
DEBUG    18/06 14:59:27   0 rule-based cluster(s) found in record
DEBUG    18/06 14:59:27   0 protoclusters found
DEBUG    18/06 14:59:27   0 subregions found
INFO     18/06 14:59:27   No regions detected, skipping record
INFO     18/06 14:59:27   Analysing record: C3M06_7
INFO     18/06 14:59:27   Detecting secondary metabolite clusters
DEBUG    18/06 14:59:27   Checking if antismash.detection.hmm_detection should be run
INFO     18/06 14:59:27   Running antismash.detection.hmm_detection
INFO     18/06 14:59:27   HMM detection using strictness: relaxed
DEBUG    18/06 14:59:28   0 rule-based cluster(s) found in record
DEBUG    18/06 14:59:28   0 protoclusters found
DEBUG    18/06 14:59:28   0 subregions found
INFO     18/06 14:59:28   No regions detected, skipping record
INFO     18/06 14:59:28   Analysing record: C3M06_8
INFO     18/06 14:59:28   Detecting secondary metabolite clusters
DEBUG    18/06 14:59:28   Checking if antismash.detection.hmm_detection should be run
INFO     18/06 14:59:28   Running antismash.detection.hmm_detection
INFO     18/06 14:59:28   HMM detection using strictness: relaxed
DEBUG    18/06 14:59:29   0 rule-based cluster(s) found in record
DEBUG    18/06 14:59:29   0 protoclusters found
DEBUG    18/06 14:59:29   0 subregions found
INFO     18/06 14:59:29   No regions detected, skipping record
INFO     18/06 14:59:29   Analysing record: C3M06_9
INFO     18/06 14:59:29   Detecting secondary metabolite clusters
DEBUG    18/06 14:59:29   Checking if antismash.detection.hmm_detection should be run
INFO     18/06 14:59:29   Running antismash.detection.hmm_detection
INFO     18/06 14:59:29   HMM detection using strictness: relaxed
DEBUG    18/06 14:59:29   0 rule-based cluster(s) found in record
DEBUG    18/06 14:59:29   0 protoclusters found
DEBUG    18/06 14:59:29   0 subregions found
INFO     18/06 14:59:29   No regions detected, skipping record
INFO     18/06 14:59:29   Analysing record: C3M06_10
INFO     18/06 14:59:29   Detecting secondary metabolite clusters
DEBUG    18/06 14:59:29   Checking if antismash.detection.hmm_detection should be run
INFO     18/06 14:59:29   Running antismash.detection.hmm_detection
INFO     18/06 14:59:29   HMM detection using strictness: relaxed
DEBUG    18/06 14:59:30   0 rule-based cluster(s) found in record
DEBUG    18/06 14:59:30   0 protoclusters found
DEBUG    18/06 14:59:30   0 subregions found
INFO     18/06 14:59:30   No regions detected, skipping record
INFO     18/06 14:59:30   Analysing record: C3M06_11
INFO     18/06 14:59:30   Detecting secondary metabolite clusters
DEBUG    18/06 14:59:30   Checking if antismash.detection.hmm_detection should be run
INFO     18/06 14:59:30   Running antismash.detection.hmm_detection
INFO     18/06 14:59:30   HMM detection using strictness: relaxed
DEBUG    18/06 14:59:30   0 rule-based cluster(s) found in record
DEBUG    18/06 14:59:30   0 protoclusters found
DEBUG    18/06 14:59:30   0 subregions found
INFO     18/06 14:59:30   No regions detected, skipping record
INFO     18/06 14:59:30   Analysing record: C3M06_12
INFO     18/06 14:59:30   Detecting secondary metabolite clusters
DEBUG    18/06 14:59:30   Checking if antismash.detection.hmm_detection should be run
INFO     18/06 14:59:30   Running antismash.detection.hmm_detection
INFO     18/06 14:59:30   HMM detection using strictness: relaxed
DEBUG    18/06 14:59:31   0 rule-based cluster(s) found in record
DEBUG    18/06 14:59:31   0 protoclusters found
DEBUG    18/06 14:59:31   0 subregions found
INFO     18/06 14:59:31   No regions detected, skipping record
INFO     18/06 14:59:31   Analysing record: C3M06_13
INFO     18/06 14:59:31   Detecting secondary metabolite clusters
DEBUG    18/06 14:59:31   Checking if antismash.detection.hmm_detection should be run
INFO     18/06 14:59:31   Running antismash.detection.hmm_detection
INFO     18/06 14:59:31   HMM detection using strictness: relaxed
DEBUG    18/06 14:59:32   0 rule-based cluster(s) found in record
DEBUG    18/06 14:59:32   0 protoclusters found
DEBUG    18/06 14:59:32   0 subregions found
INFO     18/06 14:59:32   No regions detected, skipping record
INFO     18/06 14:59:32   Analysing record: C3M06_14
INFO     18/06 14:59:32   Detecting secondary metabolite clusters
DEBUG    18/06 14:59:32   Checking if antismash.detection.hmm_detection should be run
INFO     18/06 14:59:32   Running antismash.detection.hmm_detection
INFO     18/06 14:59:32   HMM detection using strictness: relaxed
DEBUG    18/06 14:59:33   0 rule-based cluster(s) found in record
DEBUG    18/06 14:59:33   0 protoclusters found
DEBUG    18/06 14:59:33   0 subregions found
INFO     18/06 14:59:33   No regions detected, skipping record
INFO     18/06 14:59:33   Analysing record: C3M06_15
INFO     18/06 14:59:33   Detecting secondary metabolite clusters
DEBUG    18/06 14:59:33   Checking if antismash.detection.hmm_detection should be run
INFO     18/06 14:59:33   Running antismash.detection.hmm_detection
INFO     18/06 14:59:33   HMM detection using strictness: relaxed
DEBUG    18/06 14:59:33   0 rule-based cluster(s) found in record
DEBUG    18/06 14:59:33   0 protoclusters found
DEBUG    18/06 14:59:33   0 subregions found
INFO     18/06 14:59:33   No regions detected, skipping record
INFO     18/06 14:59:33   Analysing record: C3M06_16
INFO     18/06 14:59:33   Detecting secondary metabolite clusters
DEBUG    18/06 14:59:33   Checking if antismash.detection.hmm_detection should be run
INFO     18/06 14:59:33   Running antismash.detection.hmm_detection
INFO     18/06 14:59:33   HMM detection using strictness: relaxed
DEBUG    18/06 14:59:34   0 rule-based cluster(s) found in record
DEBUG    18/06 14:59:34   0 protoclusters found
DEBUG    18/06 14:59:34   0 subregions found
INFO     18/06 14:59:34   No regions detected, skipping record
INFO     18/06 14:59:34   Analysing record: C3M06_17
INFO     18/06 14:59:34   Detecting secondary metabolite clusters
DEBUG    18/06 14:59:34   Checking if antismash.detection.hmm_detection should be run
INFO     18/06 14:59:34   Running antismash.detection.hmm_detection
INFO     18/06 14:59:34   HMM detection using strictness: relaxed
DEBUG    18/06 14:59:34   0 rule-based cluster(s) found in record
DEBUG    18/06 14:59:34   0 protoclusters found
DEBUG    18/06 14:59:34   0 subregions found
INFO     18/06 14:59:34   No regions detected, skipping record
INFO     18/06 14:59:34   Analysing record: C3M06_18
INFO     18/06 14:59:34   Detecting secondary metabolite clusters
DEBUG    18/06 14:59:34   Checking if antismash.detection.hmm_detection should be run
INFO     18/06 14:59:34   Running antismash.detection.hmm_detection
INFO     18/06 14:59:34   HMM detection using strictness: relaxed
DEBUG    18/06 14:59:35   0 rule-based cluster(s) found in record
DEBUG    18/06 14:59:35   0 protoclusters found
DEBUG    18/06 14:59:35   0 subregions found
INFO     18/06 14:59:35   No regions detected, skipping record
INFO     18/06 14:59:35   Analysing record: C3M06_19
INFO     18/06 14:59:35   Detecting secondary metabolite clusters
DEBUG    18/06 14:59:35   Checking if antismash.detection.hmm_detection should be run
INFO     18/06 14:59:35   Running antismash.detection.hmm_detection
INFO     18/06 14:59:35   HMM detection using strictness: relaxed
DEBUG    18/06 14:59:35   0 rule-based cluster(s) found in record
DEBUG    18/06 14:59:35   0 protoclusters found
DEBUG    18/06 14:59:35   0 subregions found
INFO     18/06 14:59:35   No regions detected, skipping record
INFO     18/06 14:59:35   Analysing record: C3M06_20
INFO     18/06 14:59:35   Detecting secondary metabolite clusters
DEBUG    18/06 14:59:35   Checking if antismash.detection.hmm_detection should be run
INFO     18/06 14:59:35   Running antismash.detection.hmm_detection
INFO     18/06 14:59:35   HMM detection using strictness: relaxed
DEBUG    18/06 14:59:36   0 rule-based cluster(s) found in record
DEBUG    18/06 14:59:36   0 protoclusters found
DEBUG    18/06 14:59:36   0 subregions found
INFO     18/06 14:59:36   No regions detected, skipping record
INFO     18/06 14:59:36   Analysing record: C3M06_21
INFO     18/06 14:59:36   Detecting secondary metabolite clusters
DEBUG    18/06 14:59:36   Checking if antismash.detection.hmm_detection should be run
INFO     18/06 14:59:36   Running antismash.detection.hmm_detection
INFO     18/06 14:59:36   HMM detection using strictness: relaxed
DEBUG    18/06 14:59:37   0 rule-based cluster(s) found in record
DEBUG    18/06 14:59:37   0 protoclusters found
DEBUG    18/06 14:59:37   0 subregions found
INFO     18/06 14:59:37   No regions detected, skipping record
INFO     18/06 14:59:37   Analysing record: C3M06_22
INFO     18/06 14:59:37   Detecting secondary metabolite clusters
DEBUG    18/06 14:59:37   Checking if antismash.detection.hmm_detection should be run
INFO     18/06 14:59:37   Running antismash.detection.hmm_detection
INFO     18/06 14:59:37   HMM detection using strictness: relaxed
DEBUG    18/06 14:59:38   0 rule-based cluster(s) found in record
DEBUG    18/06 14:59:38   0 protoclusters found
DEBUG    18/06 14:59:38   0 subregions found
INFO     18/06 14:59:38   No regions detected, skipping record
INFO     18/06 14:59:38   Analysing record: C3M06_23
INFO     18/06 14:59:38   Detecting secondary metabolite clusters
DEBUG    18/06 14:59:38   Checking if antismash.detection.hmm_detection should be run
INFO     18/06 14:59:38   Running antismash.detection.hmm_detection
INFO     18/06 14:59:38   HMM detection using strictness: relaxed
DEBUG    18/06 14:59:38   0 rule-based cluster(s) found in record
DEBUG    18/06 14:59:38   0 protoclusters found
DEBUG    18/06 14:59:38   0 subregions found
INFO     18/06 14:59:38   No regions detected, skipping record
INFO     18/06 14:59:38   Analysing record: C3M06_24
INFO     18/06 14:59:38   Detecting secondary metabolite clusters
DEBUG    18/06 14:59:38   Checking if antismash.detection.hmm_detection should be run
INFO     18/06 14:59:38   Running antismash.detection.hmm_detection
INFO     18/06 14:59:38   HMM detection using strictness: relaxed
DEBUG    18/06 14:59:39   0 rule-based cluster(s) found in record
DEBUG    18/06 14:59:39   0 protoclusters found
DEBUG    18/06 14:59:39   0 subregions found
INFO     18/06 14:59:39   No regions detected, skipping record
INFO     18/06 14:59:39   Analysing record: C3M06_25
INFO     18/06 14:59:39   Detecting secondary metabolite clusters
DEBUG    18/06 14:59:39   Checking if antismash.detection.hmm_detection should be run
INFO     18/06 14:59:39   Running antismash.detection.hmm_detection
INFO     18/06 14:59:39   HMM detection using strictness: relaxed
DEBUG    18/06 14:59:39   0 rule-based cluster(s) found in record
DEBUG    18/06 14:59:39   0 protoclusters found
DEBUG    18/06 14:59:39   0 subregions found
INFO     18/06 14:59:39   No regions detected, skipping record
INFO     18/06 14:59:39   Analysing record: C3M06_26
INFO     18/06 14:59:39   Detecting secondary metabolite clusters
DEBUG    18/06 14:59:39   Checking if antismash.detection.hmm_detection should be run
INFO     18/06 14:59:39   Running antismash.detection.hmm_detection
INFO     18/06 14:59:39   HMM detection using strictness: relaxed
DEBUG    18/06 14:59:40   0 rule-based cluster(s) found in record
DEBUG    18/06 14:59:40   0 protoclusters found
DEBUG    18/06 14:59:40   0 subregions found
INFO     18/06 14:59:40   No regions detected, skipping record
INFO     18/06 14:59:40   Analysing record: C3M06_27
INFO     18/06 14:59:40   Detecting secondary metabolite clusters
DEBUG    18/06 14:59:40   Checking if antismash.detection.hmm_detection should be run
INFO     18/06 14:59:40   Running antismash.detection.hmm_detection
INFO     18/06 14:59:40   HMM detection using strictness: relaxed
DEBUG    18/06 14:59:40   0 rule-based cluster(s) found in record
DEBUG    18/06 14:59:40   0 protoclusters found
DEBUG    18/06 14:59:40   0 subregions found
INFO     18/06 14:59:40   No regions detected, skipping record
INFO     18/06 14:59:40   Analysing record: C3M06_28
INFO     18/06 14:59:40   Detecting secondary metabolite clusters
DEBUG    18/06 14:59:40   Checking if antismash.detection.hmm_detection should be run
INFO     18/06 14:59:40   Running antismash.detection.hmm_detection
INFO     18/06 14:59:40   HMM detection using strictness: relaxed
DEBUG    18/06 14:59:41   0 rule-based cluster(s) found in record
DEBUG    18/06 14:59:41   0 protoclusters found
DEBUG    18/06 14:59:41   0 subregions found
INFO     18/06 14:59:41   No regions detected, skipping record
INFO     18/06 14:59:41   Analysing record: C3M06_29
INFO     18/06 14:59:41   Detecting secondary metabolite clusters
DEBUG    18/06 14:59:41   Checking if antismash.detection.hmm_detection should be run
INFO     18/06 14:59:41   Running antismash.detection.hmm_detection
INFO     18/06 14:59:41   HMM detection using strictness: relaxed
DEBUG    18/06 14:59:41   0 rule-based cluster(s) found in record
DEBUG    18/06 14:59:41   0 protoclusters found
DEBUG    18/06 14:59:41   0 subregions found
INFO     18/06 14:59:41   No regions detected, skipping record
INFO     18/06 14:59:41   Analysing record: C3M06_30
INFO     18/06 14:59:41   Detecting secondary metabolite clusters
DEBUG    18/06 14:59:41   Checking if antismash.detection.hmm_detection should be run
INFO     18/06 14:59:41   Running antismash.detection.hmm_detection
INFO     18/06 14:59:41   HMM detection using strictness: relaxed
DEBUG    18/06 14:59:43   0 rule-based cluster(s) found in record
DEBUG    18/06 14:59:43   0 protoclusters found
DEBUG    18/06 14:59:43   0 subregions found
INFO     18/06 14:59:43   No regions detected, skipping record
INFO     18/06 14:59:43   Analysing record: C3M06_31
INFO     18/06 14:59:43   Detecting secondary metabolite clusters
DEBUG    18/06 14:59:43   Checking if antismash.detection.hmm_detection should be run
INFO     18/06 14:59:43   Running antismash.detection.hmm_detection
INFO     18/06 14:59:43   HMM detection using strictness: relaxed
DEBUG    18/06 14:59:43   0 rule-based cluster(s) found in record
DEBUG    18/06 14:59:43   0 protoclusters found
DEBUG    18/06 14:59:43   0 subregions found
INFO     18/06 14:59:43   No regions detected, skipping record
INFO     18/06 14:59:43   Analysing record: C3M06_32
INFO     18/06 14:59:43   Detecting secondary metabolite clusters
DEBUG    18/06 14:59:43   Checking if antismash.detection.hmm_detection should be run
INFO     18/06 14:59:43   Running antismash.detection.hmm_detection
INFO     18/06 14:59:43   HMM detection using strictness: relaxed
DEBUG    18/06 14:59:44   0 rule-based cluster(s) found in record
DEBUG    18/06 14:59:44   0 protoclusters found
DEBUG    18/06 14:59:44   0 subregions found
INFO     18/06 14:59:44   No regions detected, skipping record
INFO     18/06 14:59:44   Analysing record: C3M06_33
INFO     18/06 14:59:44   Detecting secondary metabolite clusters
DEBUG    18/06 14:59:44   Checking if antismash.detection.hmm_detection should be run
INFO     18/06 14:59:44   Running antismash.detection.hmm_detection
INFO     18/06 14:59:44   HMM detection using strictness: relaxed
DEBUG    18/06 14:59:44   0 rule-based cluster(s) found in record
DEBUG    18/06 14:59:44   0 protoclusters found
DEBUG    18/06 14:59:44   0 subregions found
INFO     18/06 14:59:44   No regions detected, skipping record
INFO     18/06 14:59:44   Analysing record: C3M06_34
INFO     18/06 14:59:44   Detecting secondary metabolite clusters
DEBUG    18/06 14:59:44   Checking if antismash.detection.hmm_detection should be run
INFO     18/06 14:59:44   Running antismash.detection.hmm_detection
INFO     18/06 14:59:44   HMM detection using strictness: relaxed
DEBUG    18/06 14:59:45   0 rule-based cluster(s) found in record
DEBUG    18/06 14:59:45   0 protoclusters found
DEBUG    18/06 14:59:45   0 subregions found
INFO     18/06 14:59:45   No regions detected, skipping record
INFO     18/06 14:59:45   Analysing record: C3M06_35
INFO     18/06 14:59:45   Detecting secondary metabolite clusters
DEBUG    18/06 14:59:45   Checking if antismash.detection.hmm_detection should be run
INFO     18/06 14:59:45   Running antismash.detection.hmm_detection
INFO     18/06 14:59:45   HMM detection using strictness: relaxed
DEBUG    18/06 14:59:46   0 rule-based cluster(s) found in record
DEBUG    18/06 14:59:46   0 protoclusters found
DEBUG    18/06 14:59:46   0 subregions found
INFO     18/06 14:59:46   No regions detected, skipping record
INFO     18/06 14:59:46   Analysing record: C3M06_36
INFO     18/06 14:59:46   Detecting secondary metabolite clusters
DEBUG    18/06 14:59:46   Checking if antismash.detection.hmm_detection should be run
INFO     18/06 14:59:46   Running antismash.detection.hmm_detection
INFO     18/06 14:59:46   HMM detection using strictness: relaxed
DEBUG    18/06 14:59:46   0 rule-based cluster(s) found in record
DEBUG    18/06 14:59:46   0 protoclusters found
DEBUG    18/06 14:59:46   0 subregions found
INFO     18/06 14:59:46   No regions detected, skipping record
INFO     18/06 14:59:46   Analysing record: C3M06_37
INFO     18/06 14:59:46   Detecting secondary metabolite clusters
DEBUG    18/06 14:59:46   Checking if antismash.detection.hmm_detection should be run
INFO     18/06 14:59:46   Running antismash.detection.hmm_detection
INFO     18/06 14:59:46   HMM detection using strictness: relaxed
DEBUG    18/06 14:59:47   0 rule-based cluster(s) found in record
DEBUG    18/06 14:59:47   0 protoclusters found
DEBUG    18/06 14:59:47   0 subregions found
INFO     18/06 14:59:47   No regions detected, skipping record
INFO     18/06 14:59:47   Analysing record: C3M06_38
INFO     18/06 14:59:47   Detecting secondary metabolite clusters
DEBUG    18/06 14:59:47   Checking if antismash.detection.hmm_detection should be run
INFO     18/06 14:59:47   Running antismash.detection.hmm_detection
INFO     18/06 14:59:47   HMM detection using strictness: relaxed
DEBUG    18/06 14:59:49   0 rule-based cluster(s) found in record
DEBUG    18/06 14:59:49   0 protoclusters found
DEBUG    18/06 14:59:49   0 subregions found
INFO     18/06 14:59:49   No regions detected, skipping record
INFO     18/06 14:59:49   Analysing record: C3M06_39
INFO     18/06 14:59:49   Detecting secondary metabolite clusters
DEBUG    18/06 14:59:49   Checking if antismash.detection.hmm_detection should be run
INFO     18/06 14:59:49   Running antismash.detection.hmm_detection
INFO     18/06 14:59:49   HMM detection using strictness: relaxed
DEBUG    18/06 14:59:50   0 rule-based cluster(s) found in record
DEBUG    18/06 14:59:50   0 protoclusters found
DEBUG    18/06 14:59:50   0 subregions found
INFO     18/06 14:59:50   No regions detected, skipping record
INFO     18/06 14:59:50   Analysing record: C3M06_40
INFO     18/06 14:59:50   Detecting secondary metabolite clusters
DEBUG    18/06 14:59:50   Checking if antismash.detection.hmm_detection should be run
INFO     18/06 14:59:50   Running antismash.detection.hmm_detection
INFO     18/06 14:59:50   HMM detection using strictness: relaxed
DEBUG    18/06 14:59:50   0 rule-based cluster(s) found in record
DEBUG    18/06 14:59:50   0 protoclusters found
DEBUG    18/06 14:59:50   0 subregions found
INFO     18/06 14:59:50   No regions detected, skipping record
INFO     18/06 14:59:50   Analysing record: C3M06_41
INFO     18/06 14:59:50   Detecting secondary metabolite clusters
DEBUG    18/06 14:59:50   Checking if antismash.detection.hmm_detection should be run
INFO     18/06 14:59:50   Running antismash.detection.hmm_detection
INFO     18/06 14:59:50   HMM detection using strictness: relaxed
DEBUG    18/06 14:59:53   1 rule-based cluster(s) found in record
DEBUG    18/06 14:59:53   1 protoclusters found
DEBUG    18/06 14:59:53   0 subregions found
INFO     18/06 14:59:53   1 region(s) detected in record
DEBUG    18/06 14:59:53   Checking if antismash.detection.cluster_hmmer should be run
INFO     18/06 14:59:53   Running antismash.detection.cluster_hmmer
INFO     18/06 14:59:53   Running cluster PFAM search
DEBUG    18/06 15:00:01   Adding detection results from antismash.detection.cluster_hmmer to record
DEBUG    18/06 15:00:01   Checking if antismash.detection.genefunctions should be run
INFO     18/06 15:00:01   Running antismash.detection.genefunctions
DEBUG    18/06 15:00:02   Adding detection results from antismash.detection.genefunctions to record
DEBUG    18/06 15:00:02   annotating CDS features with extras info: 0 CDSes
DEBUG    18/06 15:00:02   annotating CDS features with halogenases info: 0 CDSes
DEBUG    18/06 15:00:02   annotating CDS features with MITE info: 0 CDSes
DEBUG    18/06 15:00:02   annotating CDS features with resist info: 0 CDSes
DEBUG    18/06 15:00:02   annotating CDS features with smcogs info: 11 CDSes
DEBUG    18/06 15:00:02   Checking if antismash.detection.nrps_pks_domains should be run
INFO     18/06 15:00:02   Running antismash.detection.nrps_pks_domains
DEBUG    18/06 15:00:02   Marking NRPS/PKS CDS features and domains in clusters
DEBUG    18/06 15:00:03   Adding detection results from antismash.detection.nrps_pks_domains to record
DEBUG    18/06 15:00:03   Checking if antismash.detection.tigrfam should be run
INFO     18/06 15:00:03   Running antismash.detection.tigrfam
INFO     18/06 15:00:03   Running TIGRFam search
DEBUG    18/06 15:00:05   Adding detection results from antismash.detection.tigrfam to record
DEBUG    18/06 15:00:05   Checking if antismash.modules.active_site_finder should be run
INFO     18/06 15:00:05   Running antismash.modules.active_site_finder
DEBUG    18/06 15:00:05   Checking if antismash.modules.cluster_compare should be run
INFO     18/06 15:00:05   Running antismash.modules.cluster_compare
DEBUG    18/06 15:00:05   Loading comparison database: MIBiG
DEBUG    18/06 15:00:05   Comparison database loaded
INFO     18/06 15:00:05   Comparing regions to reference database
DEBUG    18/06 15:00:08   Checking if antismash.modules.clusterblast should be run
INFO     18/06 15:00:08   Running antismash.modules.clusterblast
INFO     18/06 15:00:08   Running ClusterBlast
INFO     18/06 15:00:08   ClusterBlast: Loading gene cluster database into memory...
INFO     18/06 15:00:10   ClusterBlast: Loading gene cluster database proteins into memory...
INFO     18/06 15:00:42   Comparing regions to reference database
INFO     18/06 15:01:09   Running subcluster search
INFO     18/06 15:01:09   SubClusterBlast: Loading gene cluster database into memory...
INFO     18/06 15:01:09   SubClusterBlast: Loading gene cluster database proteins into memory...
INFO     18/06 15:01:10   Running known cluster search
INFO     18/06 15:01:10   KnownClusterBlast: Loading gene cluster database into memory...
INFO     18/06 15:01:10   KnownClusterBlast: Loading gene cluster database proteins into memory...
DEBUG    18/06 15:01:10   Running DIAMOND knowncluster searches..
INFO     18/06 15:01:10   Comparing regions to reference database
DEBUG    18/06 15:01:15   Checking if antismash.modules.lanthipeptides should be run
INFO     18/06 15:01:15   Running antismash.modules.lanthipeptides
DEBUG    18/06 15:01:15   Lanthipeptide module marked 0 motifs
DEBUG    18/06 15:01:16   Checking if antismash.modules.lassopeptides should be run
INFO     18/06 15:01:16   Running antismash.modules.lassopeptides
DEBUG    18/06 15:01:16   Lassopeptide module marked 0 motifs
DEBUG    18/06 15:01:16   Checking if antismash.modules.nrps_pks should be run
INFO     18/06 15:01:16   Running antismash.modules.nrps_pks
INFO     18/06 15:01:16   Predicting NRPS C domain activity using active site motifs
DEBUG    18/06 15:01:16   Checking if antismash.modules.pfam2go should be run
INFO     18/06 15:01:16   Running antismash.modules.pfam2go
DEBUG    18/06 15:01:16   Checking if antismash.modules.rrefinder should be run
INFO     18/06 15:01:16   Running antismash.modules.rrefinder
DEBUG    18/06 15:01:16   Checking if antismash.modules.sactipeptides should be run
INFO     18/06 15:01:16   Running antismash.modules.sactipeptides
DEBUG    18/06 15:01:16   Found no sactipeptide motifs
DEBUG    18/06 15:01:16   Checking if antismash.modules.t2pks should be run
INFO     18/06 15:01:16   Running antismash.modules.t2pks
DEBUG    18/06 15:01:16   No type II PKS clusters to analyze
DEBUG    18/06 15:01:16   Checking if antismash.modules.terpene should be run
INFO     18/06 15:01:16   Running antismash.modules.terpene
INFO     18/06 15:01:16   Analysing terpene clusters
DEBUG    18/06 15:01:16   Checking if antismash.modules.tfbs_finder should be run
INFO     18/06 15:01:16   Running antismash.modules.tfbs_finder
DEBUG    18/06 15:01:16   Checking if antismash.modules.thiopeptides should be run
INFO     18/06 15:01:16   Running antismash.modules.thiopeptides
DEBUG    18/06 15:01:16   Thiopeptides marked 0 motifs
DEBUG    18/06 15:01:17   Checking if antismash.modules.tta should be run
INFO     18/06 15:01:17   Running antismash.modules.tta
INFO     18/06 15:01:17   Skipping TTA codon detection, GC content too low: 64%
INFO     18/06 15:01:17   Analysing record: C3M06_42
INFO     18/06 15:01:17   Detecting secondary metabolite clusters
DEBUG    18/06 15:01:17   Checking if antismash.detection.hmm_detection should be run
INFO     18/06 15:01:17   Running antismash.detection.hmm_detection
INFO     18/06 15:01:17   HMM detection using strictness: relaxed
DEBUG    18/06 15:01:18   1 rule-based cluster(s) found in record
DEBUG    18/06 15:01:18   1 protoclusters found
DEBUG    18/06 15:01:18   0 subregions found
INFO     18/06 15:01:18   1 region(s) detected in record
DEBUG    18/06 15:01:18   Checking if antismash.detection.cluster_hmmer should be run
INFO     18/06 15:01:18   Running antismash.detection.cluster_hmmer
INFO     18/06 15:01:18   Running cluster PFAM search
DEBUG    18/06 15:01:28   Adding detection results from antismash.detection.cluster_hmmer to record
DEBUG    18/06 15:01:28   Checking if antismash.detection.genefunctions should be run
INFO     18/06 15:01:28   Running antismash.detection.genefunctions
DEBUG    18/06 15:01:29   Adding detection results from antismash.detection.genefunctions to record
DEBUG    18/06 15:01:29   annotating CDS features with extras info: 0 CDSes
DEBUG    18/06 15:01:29   annotating CDS features with halogenases info: 0 CDSes
DEBUG    18/06 15:01:29   annotating CDS features with MITE info: 0 CDSes
DEBUG    18/06 15:01:29   annotating CDS features with resist info: 0 CDSes
DEBUG    18/06 15:01:29   annotating CDS features with smcogs info: 8 CDSes
DEBUG    18/06 15:01:29   Checking if antismash.detection.nrps_pks_domains should be run
INFO     18/06 15:01:29   Running antismash.detection.nrps_pks_domains
DEBUG    18/06 15:01:29   Marking NRPS/PKS CDS features and domains in clusters
DEBUG    18/06 15:01:29   Adding detection results from antismash.detection.nrps_pks_domains to record
DEBUG    18/06 15:01:29   Checking if antismash.detection.tigrfam should be run
INFO     18/06 15:01:29   Running antismash.detection.tigrfam
INFO     18/06 15:01:29   Running TIGRFam search
DEBUG    18/06 15:01:33   Adding detection results from antismash.detection.tigrfam to record
DEBUG    18/06 15:01:33   Checking if antismash.modules.active_site_finder should be run
INFO     18/06 15:01:33   Running antismash.modules.active_site_finder
DEBUG    18/06 15:01:33   Checking if antismash.modules.cluster_compare should be run
INFO     18/06 15:01:33   Running antismash.modules.cluster_compare
DEBUG    18/06 15:01:33   Loading comparison database: MIBiG
DEBUG    18/06 15:01:33   Comparison database loaded
INFO     18/06 15:01:33   Comparing regions to reference database
DEBUG    18/06 15:01:36   Checking if antismash.modules.clusterblast should be run
INFO     18/06 15:01:36   Running antismash.modules.clusterblast
INFO     18/06 15:01:36   Running ClusterBlast
INFO     18/06 15:01:36   ClusterBlast: Loading gene cluster database into memory...
INFO     18/06 15:01:38   ClusterBlast: Loading gene cluster database proteins into memory...
INFO     18/06 15:02:12   Comparing regions to reference database
INFO     18/06 15:02:44   Running subcluster search
INFO     18/06 15:02:44   SubClusterBlast: Loading gene cluster database into memory...
INFO     18/06 15:02:44   SubClusterBlast: Loading gene cluster database proteins into memory...
INFO     18/06 15:02:45   Running known cluster search
INFO     18/06 15:02:45   KnownClusterBlast: Loading gene cluster database into memory...
INFO     18/06 15:02:45   KnownClusterBlast: Loading gene cluster database proteins into memory...
DEBUG    18/06 15:02:45   Running DIAMOND knowncluster searches..
INFO     18/06 15:02:45   Comparing regions to reference database
DEBUG    18/06 15:02:50   Checking if antismash.modules.lanthipeptides should be run
INFO     18/06 15:02:50   Running antismash.modules.lanthipeptides
DEBUG    18/06 15:02:50   Lanthipeptide module marked 0 motifs
DEBUG    18/06 15:02:51   Checking if antismash.modules.lassopeptides should be run
INFO     18/06 15:02:51   Running antismash.modules.lassopeptides
DEBUG    18/06 15:02:51   Lassopeptide module marked 0 motifs
DEBUG    18/06 15:02:51   Checking if antismash.modules.nrps_pks should be run
INFO     18/06 15:02:51   Running antismash.modules.nrps_pks
INFO     18/06 15:02:51   Predicting NRPS C domain activity using active site motifs
DEBUG    18/06 15:02:51   Checking if antismash.modules.pfam2go should be run
INFO     18/06 15:02:51   Running antismash.modules.pfam2go
DEBUG    18/06 15:02:51   Checking if antismash.modules.rrefinder should be run
INFO     18/06 15:02:51   Running antismash.modules.rrefinder
DEBUG    18/06 15:02:51   Building name mapping for HMMer database RREFam.hmm
DEBUG    18/06 15:02:51   Checking if antismash.modules.sactipeptides should be run
INFO     18/06 15:02:51   Running antismash.modules.sactipeptides
DEBUG    18/06 15:02:51   Found no sactipeptide motifs
DEBUG    18/06 15:02:51   Checking if antismash.modules.t2pks should be run
INFO     18/06 15:02:51   Running antismash.modules.t2pks
DEBUG    18/06 15:02:51   No type II PKS clusters to analyze
DEBUG    18/06 15:02:51   Checking if antismash.modules.terpene should be run
INFO     18/06 15:02:51   Running antismash.modules.terpene
DEBUG    18/06 15:02:51   No terpene clusters to analyse
DEBUG    18/06 15:02:51   Checking if antismash.modules.tfbs_finder should be run
INFO     18/06 15:02:51   Running antismash.modules.tfbs_finder
DEBUG    18/06 15:02:51   Checking if antismash.modules.thiopeptides should be run
INFO     18/06 15:02:51   Running antismash.modules.thiopeptides
DEBUG    18/06 15:02:51   Thiopeptides marked 0 motifs
DEBUG    18/06 15:02:52   Checking if antismash.modules.tta should be run
INFO     18/06 15:02:52   Running antismash.modules.tta
INFO     18/06 15:02:52   Skipping TTA codon detection, GC content too low: 65%
INFO     18/06 15:02:52   Analysing record: C3M06_43
INFO     18/06 15:02:52   Detecting secondary metabolite clusters
DEBUG    18/06 15:02:52   Checking if antismash.detection.hmm_detection should be run
INFO     18/06 15:02:52   Running antismash.detection.hmm_detection
INFO     18/06 15:02:52   HMM detection using strictness: relaxed
DEBUG    18/06 15:02:52   0 rule-based cluster(s) found in record
DEBUG    18/06 15:02:52   0 protoclusters found
DEBUG    18/06 15:02:52   0 subregions found
INFO     18/06 15:02:52   No regions detected, skipping record
INFO     18/06 15:02:52   Analysing record: C3M06_44
INFO     18/06 15:02:52   Detecting secondary metabolite clusters
DEBUG    18/06 15:02:52   Checking if antismash.detection.hmm_detection should be run
INFO     18/06 15:02:52   Running antismash.detection.hmm_detection
INFO     18/06 15:02:52   HMM detection using strictness: relaxed
DEBUG    18/06 15:02:53   0 rule-based cluster(s) found in record
DEBUG    18/06 15:02:53   0 protoclusters found
DEBUG    18/06 15:02:53   0 subregions found
INFO     18/06 15:02:53   No regions detected, skipping record
INFO     18/06 15:02:53   Analysing record: C3M06_45
INFO     18/06 15:02:53   Detecting secondary metabolite clusters
DEBUG    18/06 15:02:53   Checking if antismash.detection.hmm_detection should be run
INFO     18/06 15:02:53   Running antismash.detection.hmm_detection
INFO     18/06 15:02:53   HMM detection using strictness: relaxed
DEBUG    18/06 15:02:53   0 rule-based cluster(s) found in record
DEBUG    18/06 15:02:53   0 protoclusters found
DEBUG    18/06 15:02:53   0 subregions found
INFO     18/06 15:02:53   No regions detected, skipping record
INFO     18/06 15:02:53   Analysing record: C3M06_46
INFO     18/06 15:02:53   Detecting secondary metabolite clusters
DEBUG    18/06 15:02:53   Checking if antismash.detection.hmm_detection should be run
INFO     18/06 15:02:53   Running antismash.detection.hmm_detection
INFO     18/06 15:02:53   HMM detection using strictness: relaxed
DEBUG    18/06 15:02:54   0 rule-based cluster(s) found in record
DEBUG    18/06 15:02:54   0 protoclusters found
DEBUG    18/06 15:02:54   0 subregions found
INFO     18/06 15:02:54   No regions detected, skipping record
INFO     18/06 15:02:54   Analysing record: C3M06_47
INFO     18/06 15:02:54   Detecting secondary metabolite clusters
DEBUG    18/06 15:02:54   Checking if antismash.detection.hmm_detection should be run
INFO     18/06 15:02:54   Running antismash.detection.hmm_detection
INFO     18/06 15:02:54   HMM detection using strictness: relaxed
DEBUG    18/06 15:02:57   0 rule-based cluster(s) found in record
DEBUG    18/06 15:02:57   0 protoclusters found
DEBUG    18/06 15:02:57   0 subregions found
INFO     18/06 15:02:57   No regions detected, skipping record
INFO     18/06 15:02:57   Analysing record: C3M06_48
INFO     18/06 15:02:57   Detecting secondary metabolite clusters
DEBUG    18/06 15:02:57   Checking if antismash.detection.hmm_detection should be run
INFO     18/06 15:02:57   Running antismash.detection.hmm_detection
INFO     18/06 15:02:57   HMM detection using strictness: relaxed
DEBUG    18/06 15:02:58   1 rule-based cluster(s) found in record
DEBUG    18/06 15:02:58   1 protoclusters found
DEBUG    18/06 15:02:58   0 subregions found
INFO     18/06 15:02:58   1 region(s) detected in record
DEBUG    18/06 15:02:58   Checking if antismash.detection.cluster_hmmer should be run
INFO     18/06 15:02:58   Running antismash.detection.cluster_hmmer
INFO     18/06 15:02:58   Running cluster PFAM search
DEBUG    18/06 15:03:10   Adding detection results from antismash.detection.cluster_hmmer to record
DEBUG    18/06 15:03:10   Checking if antismash.detection.genefunctions should be run
INFO     18/06 15:03:10   Running antismash.detection.genefunctions
DEBUG    18/06 15:03:13   Adding detection results from antismash.detection.genefunctions to record
DEBUG    18/06 15:03:13   annotating CDS features with extras info: 0 CDSes
DEBUG    18/06 15:03:13   annotating CDS features with halogenases info: 0 CDSes
DEBUG    18/06 15:03:13   annotating CDS features with MITE info: 0 CDSes
DEBUG    18/06 15:03:13   annotating CDS features with resist info: 0 CDSes
DEBUG    18/06 15:03:13   annotating CDS features with smcogs info: 10 CDSes
DEBUG    18/06 15:03:13   Checking if antismash.detection.nrps_pks_domains should be run
INFO     18/06 15:03:13   Running antismash.detection.nrps_pks_domains
DEBUG    18/06 15:03:13   Marking NRPS/PKS CDS features and domains in clusters
DEBUG    18/06 15:03:13   Adding detection results from antismash.detection.nrps_pks_domains to record
DEBUG    18/06 15:03:13   Checking if antismash.detection.tigrfam should be run
INFO     18/06 15:03:13   Running antismash.detection.tigrfam
INFO     18/06 15:03:13   Running TIGRFam search
DEBUG    18/06 15:03:17   Adding detection results from antismash.detection.tigrfam to record
DEBUG    18/06 15:03:17   Checking if antismash.modules.active_site_finder should be run
INFO     18/06 15:03:17   Running antismash.modules.active_site_finder
DEBUG    18/06 15:03:17   Checking if antismash.modules.cluster_compare should be run
INFO     18/06 15:03:17   Running antismash.modules.cluster_compare
DEBUG    18/06 15:03:17   Loading comparison database: MIBiG
DEBUG    18/06 15:03:17   Comparison database loaded
INFO     18/06 15:03:17   Comparing regions to reference database
DEBUG    18/06 15:03:19   Checking if antismash.modules.clusterblast should be run
INFO     18/06 15:03:19   Running antismash.modules.clusterblast
INFO     18/06 15:03:19   Running ClusterBlast
INFO     18/06 15:03:19   ClusterBlast: Loading gene cluster database into memory...
INFO     18/06 15:03:23   ClusterBlast: Loading gene cluster database proteins into memory...
INFO     18/06 15:03:53   Comparing regions to reference database
INFO     18/06 15:04:15   Running subcluster search
INFO     18/06 15:04:15   SubClusterBlast: Loading gene cluster database into memory...
INFO     18/06 15:04:15   SubClusterBlast: Loading gene cluster database proteins into memory...
INFO     18/06 15:04:16   Running known cluster search
INFO     18/06 15:04:16   KnownClusterBlast: Loading gene cluster database into memory...
INFO     18/06 15:04:16   KnownClusterBlast: Loading gene cluster database proteins into memory...
DEBUG    18/06 15:04:17   Running DIAMOND knowncluster searches..
INFO     18/06 15:04:17   Comparing regions to reference database
DEBUG    18/06 15:04:22   Checking if antismash.modules.lanthipeptides should be run
INFO     18/06 15:04:22   Running antismash.modules.lanthipeptides
DEBUG    18/06 15:04:22   Lanthipeptide module marked 0 motifs
DEBUG    18/06 15:04:23   Checking if antismash.modules.lassopeptides should be run
INFO     18/06 15:04:23   Running antismash.modules.lassopeptides
DEBUG    18/06 15:04:23   Lassopeptide module marked 0 motifs
DEBUG    18/06 15:04:23   Checking if antismash.modules.nrps_pks should be run
INFO     18/06 15:04:23   Running antismash.modules.nrps_pks
INFO     18/06 15:04:23   Predicting A domain substrate specificities with nrpys
INFO     18/06 15:04:23   Predicting NRPS C domain activity using active site motifs
DEBUG    18/06 15:04:23   Checking if antismash.modules.pfam2go should be run
INFO     18/06 15:04:23   Running antismash.modules.pfam2go
DEBUG    18/06 15:04:23   Checking if antismash.modules.rrefinder should be run
INFO     18/06 15:04:23   Running antismash.modules.rrefinder
DEBUG    18/06 15:04:23   Checking if antismash.modules.sactipeptides should be run
INFO     18/06 15:04:23   Running antismash.modules.sactipeptides
DEBUG    18/06 15:04:23   Found no sactipeptide motifs
DEBUG    18/06 15:04:23   Checking if antismash.modules.t2pks should be run
INFO     18/06 15:04:23   Running antismash.modules.t2pks
DEBUG    18/06 15:04:23   No type II PKS clusters to analyze
DEBUG    18/06 15:04:23   Checking if antismash.modules.terpene should be run
INFO     18/06 15:04:23   Running antismash.modules.terpene
DEBUG    18/06 15:04:23   No terpene clusters to analyse
DEBUG    18/06 15:04:23   Checking if antismash.modules.tfbs_finder should be run
INFO     18/06 15:04:23   Running antismash.modules.tfbs_finder
DEBUG    18/06 15:04:24   Checking if antismash.modules.thiopeptides should be run
INFO     18/06 15:04:24   Running antismash.modules.thiopeptides
DEBUG    18/06 15:04:24   Thiopeptides marked 0 motifs
DEBUG    18/06 15:04:24   Checking if antismash.modules.tta should be run
INFO     18/06 15:04:24   Running antismash.modules.tta
INFO     18/06 15:04:24   Skipping TTA codon detection, GC content too low: 65%
INFO     18/06 15:04:24   Analysing record: C3M06_49
INFO     18/06 15:04:24   Detecting secondary metabolite clusters
DEBUG    18/06 15:04:24   Checking if antismash.detection.hmm_detection should be run
INFO     18/06 15:04:24   Running antismash.detection.hmm_detection
INFO     18/06 15:04:24   HMM detection using strictness: relaxed
DEBUG    18/06 15:04:24   0 rule-based cluster(s) found in record
DEBUG    18/06 15:04:24   0 protoclusters found
DEBUG    18/06 15:04:24   0 subregions found
INFO     18/06 15:04:24   No regions detected, skipping record
INFO     18/06 15:04:24   Analysing record: C3M06_50
INFO     18/06 15:04:24   Detecting secondary metabolite clusters
DEBUG    18/06 15:04:24   Checking if antismash.detection.hmm_detection should be run
INFO     18/06 15:04:24   Running antismash.detection.hmm_detection
INFO     18/06 15:04:24   HMM detection using strictness: relaxed
DEBUG    18/06 15:04:25   0 rule-based cluster(s) found in record
DEBUG    18/06 15:04:25   0 protoclusters found
DEBUG    18/06 15:04:25   0 subregions found
INFO     18/06 15:04:25   No regions detected, skipping record
INFO     18/06 15:04:25   Analysing record: C3M06_51
INFO     18/06 15:04:25   Detecting secondary metabolite clusters
DEBUG    18/06 15:04:25   Checking if antismash.detection.hmm_detection should be run
INFO     18/06 15:04:25   Running antismash.detection.hmm_detection
INFO     18/06 15:04:25   HMM detection using strictness: relaxed
DEBUG    18/06 15:04:25   0 rule-based cluster(s) found in record
DEBUG    18/06 15:04:25   0 protoclusters found
DEBUG    18/06 15:04:25   0 subregions found
INFO     18/06 15:04:25   No regions detected, skipping record
INFO     18/06 15:04:25   Analysing record: C3M06_52
INFO     18/06 15:04:25   Detecting secondary metabolite clusters
DEBUG    18/06 15:04:25   Checking if antismash.detection.hmm_detection should be run
INFO     18/06 15:04:25   Running antismash.detection.hmm_detection
INFO     18/06 15:04:25   HMM detection using strictness: relaxed
DEBUG    18/06 15:04:26   0 rule-based cluster(s) found in record
DEBUG    18/06 15:04:26   0 protoclusters found
DEBUG    18/06 15:04:26   0 subregions found
INFO     18/06 15:04:26   No regions detected, skipping record
INFO     18/06 15:04:26   Analysing record: C3M06_53
INFO     18/06 15:04:26   Detecting secondary metabolite clusters
DEBUG    18/06 15:04:26   Checking if antismash.detection.hmm_detection should be run
INFO     18/06 15:04:26   Running antismash.detection.hmm_detection
INFO     18/06 15:04:26   HMM detection using strictness: relaxed
DEBUG    18/06 15:04:27   1 rule-based cluster(s) found in record
DEBUG    18/06 15:04:27   1 protoclusters found
DEBUG    18/06 15:04:27   0 subregions found
INFO     18/06 15:04:27   1 region(s) detected in record
DEBUG    18/06 15:04:27   Checking if antismash.detection.cluster_hmmer should be run
INFO     18/06 15:04:27   Running antismash.detection.cluster_hmmer
INFO     18/06 15:04:27   Running cluster PFAM search
DEBUG    18/06 15:04:32   Adding detection results from antismash.detection.cluster_hmmer to record
DEBUG    18/06 15:04:32   Checking if antismash.detection.genefunctions should be run
INFO     18/06 15:04:32   Running antismash.detection.genefunctions
DEBUG    18/06 15:04:33   Adding detection results from antismash.detection.genefunctions to record
DEBUG    18/06 15:04:33   annotating CDS features with extras info: 0 CDSes
DEBUG    18/06 15:04:33   annotating CDS features with halogenases info: 0 CDSes
DEBUG    18/06 15:04:33   annotating CDS features with MITE info: 0 CDSes
DEBUG    18/06 15:04:33   annotating CDS features with resist info: 0 CDSes
DEBUG    18/06 15:04:33   annotating CDS features with smcogs info: 5 CDSes
DEBUG    18/06 15:04:33   Checking if antismash.detection.nrps_pks_domains should be run
INFO     18/06 15:04:33   Running antismash.detection.nrps_pks_domains
DEBUG    18/06 15:04:33   Marking NRPS/PKS CDS features and domains in clusters
DEBUG    18/06 15:04:33   Adding detection results from antismash.detection.nrps_pks_domains to record
DEBUG    18/06 15:04:33   Checking if antismash.detection.tigrfam should be run
INFO     18/06 15:04:33   Running antismash.detection.tigrfam
INFO     18/06 15:04:33   Running TIGRFam search
DEBUG    18/06 15:04:35   Adding detection results from antismash.detection.tigrfam to record
DEBUG    18/06 15:04:35   Checking if antismash.modules.active_site_finder should be run
INFO     18/06 15:04:35   Running antismash.modules.active_site_finder
DEBUG    18/06 15:04:35   Checking if antismash.modules.cluster_compare should be run
INFO     18/06 15:04:35   Running antismash.modules.cluster_compare
DEBUG    18/06 15:04:35   Loading comparison database: MIBiG
DEBUG    18/06 15:04:35   Comparison database loaded
INFO     18/06 15:04:35   Comparing regions to reference database
DEBUG    18/06 15:04:38   Checking if antismash.modules.clusterblast should be run
INFO     18/06 15:04:38   Running antismash.modules.clusterblast
INFO     18/06 15:04:38   Running ClusterBlast
INFO     18/06 15:04:38   ClusterBlast: Loading gene cluster database into memory...
INFO     18/06 15:04:41   ClusterBlast: Loading gene cluster database proteins into memory...
INFO     18/06 15:05:13   Comparing regions to reference database
INFO     18/06 15:05:34   Running subcluster search
INFO     18/06 15:05:34   SubClusterBlast: Loading gene cluster database into memory...
INFO     18/06 15:05:34   SubClusterBlast: Loading gene cluster database proteins into memory...
INFO     18/06 15:05:35   Running known cluster search
INFO     18/06 15:05:35   KnownClusterBlast: Loading gene cluster database into memory...
INFO     18/06 15:05:35   KnownClusterBlast: Loading gene cluster database proteins into memory...
DEBUG    18/06 15:05:35   Running DIAMOND knowncluster searches..
INFO     18/06 15:05:35   Comparing regions to reference database
DEBUG    18/06 15:05:40   Checking if antismash.modules.lanthipeptides should be run
INFO     18/06 15:05:40   Running antismash.modules.lanthipeptides
DEBUG    18/06 15:05:40   Lanthipeptide module marked 0 motifs
DEBUG    18/06 15:05:41   Checking if antismash.modules.lassopeptides should be run
INFO     18/06 15:05:41   Running antismash.modules.lassopeptides
DEBUG    18/06 15:05:41   Lassopeptide module marked 0 motifs
DEBUG    18/06 15:05:41   Checking if antismash.modules.nrps_pks should be run
INFO     18/06 15:05:41   Running antismash.modules.nrps_pks
DEBUG    18/06 15:05:41   No NRPS or PKS genes found, skipping analysis
DEBUG    18/06 15:05:41   Checking if antismash.modules.pfam2go should be run
INFO     18/06 15:05:41   Running antismash.modules.pfam2go
DEBUG    18/06 15:05:41   Checking if antismash.modules.rrefinder should be run
INFO     18/06 15:05:41   Running antismash.modules.rrefinder
DEBUG    18/06 15:05:41   Checking if antismash.modules.sactipeptides should be run
INFO     18/06 15:05:41   Running antismash.modules.sactipeptides
DEBUG    18/06 15:05:41   Found no sactipeptide motifs
DEBUG    18/06 15:05:41   Checking if antismash.modules.t2pks should be run
INFO     18/06 15:05:41   Running antismash.modules.t2pks
DEBUG    18/06 15:05:41   No type II PKS clusters to analyze
DEBUG    18/06 15:05:41   Checking if antismash.modules.terpene should be run
INFO     18/06 15:05:41   Running antismash.modules.terpene
DEBUG    18/06 15:05:41   No terpene clusters to analyse
DEBUG    18/06 15:05:41   Checking if antismash.modules.tfbs_finder should be run
INFO     18/06 15:05:41   Running antismash.modules.tfbs_finder
DEBUG    18/06 15:05:41   Checking if antismash.modules.thiopeptides should be run
INFO     18/06 15:05:41   Running antismash.modules.thiopeptides
DEBUG    18/06 15:05:41   Thiopeptides marked 0 motifs
DEBUG    18/06 15:05:42   Checking if antismash.modules.tta should be run
INFO     18/06 15:05:42   Running antismash.modules.tta
INFO     18/06 15:05:42   Skipping TTA codon detection, GC content too low: 63%
INFO     18/06 15:05:42   Analysing record: C3M06_54
INFO     18/06 15:05:42   Detecting secondary metabolite clusters
DEBUG    18/06 15:05:42   Checking if antismash.detection.hmm_detection should be run
INFO     18/06 15:05:42   Running antismash.detection.hmm_detection
INFO     18/06 15:05:42   HMM detection using strictness: relaxed
DEBUG    18/06 15:05:42   0 rule-based cluster(s) found in record
DEBUG    18/06 15:05:42   0 protoclusters found
DEBUG    18/06 15:05:42   0 subregions found
INFO     18/06 15:05:42   No regions detected, skipping record
INFO     18/06 15:05:42   Analysing record: C3M06_55
INFO     18/06 15:05:42   Detecting secondary metabolite clusters
DEBUG    18/06 15:05:42   Checking if antismash.detection.hmm_detection should be run
INFO     18/06 15:05:42   Running antismash.detection.hmm_detection
INFO     18/06 15:05:42   HMM detection using strictness: relaxed
DEBUG    18/06 15:05:43   0 rule-based cluster(s) found in record
DEBUG    18/06 15:05:43   0 protoclusters found
DEBUG    18/06 15:05:43   0 subregions found
INFO     18/06 15:05:43   No regions detected, skipping record
INFO     18/06 15:05:43   Analysing record: C3M06_56
INFO     18/06 15:05:43   Detecting secondary metabolite clusters
DEBUG    18/06 15:05:43   Checking if antismash.detection.hmm_detection should be run
INFO     18/06 15:05:43   Running antismash.detection.hmm_detection
INFO     18/06 15:05:43   HMM detection using strictness: relaxed
DEBUG    18/06 15:05:45   0 rule-based cluster(s) found in record
DEBUG    18/06 15:05:45   0 protoclusters found
DEBUG    18/06 15:05:45   0 subregions found
INFO     18/06 15:05:45   No regions detected, skipping record
INFO     18/06 15:05:45   Analysing record: C3M06_57
INFO     18/06 15:05:45   Detecting secondary metabolite clusters
DEBUG    18/06 15:05:45   Checking if antismash.detection.hmm_detection should be run
INFO     18/06 15:05:45   Running antismash.detection.hmm_detection
INFO     18/06 15:05:45   HMM detection using strictness: relaxed
DEBUG    18/06 15:05:46   0 rule-based cluster(s) found in record
DEBUG    18/06 15:05:46   0 protoclusters found
DEBUG    18/06 15:05:46   0 subregions found
INFO     18/06 15:05:46   No regions detected, skipping record
INFO     18/06 15:05:46   Analysing record: C3M06_58
INFO     18/06 15:05:46   Detecting secondary metabolite clusters
DEBUG    18/06 15:05:46   Checking if antismash.detection.hmm_detection should be run
INFO     18/06 15:05:46   Running antismash.detection.hmm_detection
INFO     18/06 15:05:46   HMM detection using strictness: relaxed
DEBUG    18/06 15:05:46   0 rule-based cluster(s) found in record
DEBUG    18/06 15:05:46   0 protoclusters found
DEBUG    18/06 15:05:46   0 subregions found
INFO     18/06 15:05:46   No regions detected, skipping record
INFO     18/06 15:05:46   Analysing record: C3M06_59
INFO     18/06 15:05:46   Detecting secondary metabolite clusters
DEBUG    18/06 15:05:46   Checking if antismash.detection.hmm_detection should be run
INFO     18/06 15:05:46   Running antismash.detection.hmm_detection
INFO     18/06 15:05:46   HMM detection using strictness: relaxed
DEBUG    18/06 15:05:47   0 rule-based cluster(s) found in record
DEBUG    18/06 15:05:47   0 protoclusters found
DEBUG    18/06 15:05:47   0 subregions found
INFO     18/06 15:05:47   No regions detected, skipping record
INFO     18/06 15:05:47   Analysing record: C3M06_60
INFO     18/06 15:05:47   Detecting secondary metabolite clusters
DEBUG    18/06 15:05:47   Checking if antismash.detection.hmm_detection should be run
INFO     18/06 15:05:47   Running antismash.detection.hmm_detection
INFO     18/06 15:05:47   HMM detection using strictness: relaxed
DEBUG    18/06 15:05:47   0 rule-based cluster(s) found in record
DEBUG    18/06 15:05:47   0 protoclusters found
DEBUG    18/06 15:05:47   0 subregions found
INFO     18/06 15:05:47   No regions detected, skipping record
INFO     18/06 15:05:47   Analysing record: C3M06_61
INFO     18/06 15:05:47   Detecting secondary metabolite clusters
DEBUG    18/06 15:05:47   Checking if antismash.detection.hmm_detection should be run
INFO     18/06 15:05:47   Running antismash.detection.hmm_detection
INFO     18/06 15:05:47   HMM detection using strictness: relaxed
DEBUG    18/06 15:05:48   0 rule-based cluster(s) found in record
DEBUG    18/06 15:05:48   0 protoclusters found
DEBUG    18/06 15:05:48   0 subregions found
INFO     18/06 15:05:48   No regions detected, skipping record
INFO     18/06 15:05:48   Analysing record: C3M06_62
INFO     18/06 15:05:48   Detecting secondary metabolite clusters
DEBUG    18/06 15:05:48   Checking if antismash.detection.hmm_detection should be run
INFO     18/06 15:05:48   Running antismash.detection.hmm_detection
INFO     18/06 15:05:48   HMM detection using strictness: relaxed
DEBUG    18/06 15:05:48   0 rule-based cluster(s) found in record
DEBUG    18/06 15:05:48   0 protoclusters found
DEBUG    18/06 15:05:48   0 subregions found
INFO     18/06 15:05:48   No regions detected, skipping record
INFO     18/06 15:05:48   Analysing record: C3M06_63
INFO     18/06 15:05:48   Detecting secondary metabolite clusters
DEBUG    18/06 15:05:48   Checking if antismash.detection.hmm_detection should be run
INFO     18/06 15:05:48   Running antismash.detection.hmm_detection
INFO     18/06 15:05:48   HMM detection using strictness: relaxed
DEBUG    18/06 15:05:49   0 rule-based cluster(s) found in record
DEBUG    18/06 15:05:49   0 protoclusters found
DEBUG    18/06 15:05:49   0 subregions found
INFO     18/06 15:05:49   No regions detected, skipping record
INFO     18/06 15:05:49   Analysing record: C3M06_64
INFO     18/06 15:05:49   Detecting secondary metabolite clusters
DEBUG    18/06 15:05:49   Checking if antismash.detection.hmm_detection should be run
INFO     18/06 15:05:49   Running antismash.detection.hmm_detection
INFO     18/06 15:05:49   HMM detection using strictness: relaxed
DEBUG    18/06 15:05:50   0 rule-based cluster(s) found in record
DEBUG    18/06 15:05:50   0 protoclusters found
DEBUG    18/06 15:05:50   0 subregions found
INFO     18/06 15:05:50   No regions detected, skipping record
INFO     18/06 15:05:50   Analysing record: C3M06_65
INFO     18/06 15:05:50   Detecting secondary metabolite clusters
DEBUG    18/06 15:05:50   Checking if antismash.detection.hmm_detection should be run
INFO     18/06 15:05:50   Running antismash.detection.hmm_detection
INFO     18/06 15:05:50   HMM detection using strictness: relaxed
DEBUG    18/06 15:05:50   0 rule-based cluster(s) found in record
DEBUG    18/06 15:05:50   0 protoclusters found
DEBUG    18/06 15:05:50   0 subregions found
INFO     18/06 15:05:50   No regions detected, skipping record
INFO     18/06 15:05:50   Analysing record: C3M06_66
INFO     18/06 15:05:50   Detecting secondary metabolite clusters
DEBUG    18/06 15:05:50   Checking if antismash.detection.hmm_detection should be run
INFO     18/06 15:05:50   Running antismash.detection.hmm_detection
INFO     18/06 15:05:50   HMM detection using strictness: relaxed
DEBUG    18/06 15:05:50   0 rule-based cluster(s) found in record
DEBUG    18/06 15:05:50   0 protoclusters found
DEBUG    18/06 15:05:50   0 subregions found
INFO     18/06 15:05:50   No regions detected, skipping record
INFO     18/06 15:05:50   Analysing record: C3M06_67
INFO     18/06 15:05:50   Detecting secondary metabolite clusters
DEBUG    18/06 15:05:50   Checking if antismash.detection.hmm_detection should be run
INFO     18/06 15:05:50   Running antismash.detection.hmm_detection
INFO     18/06 15:05:50   HMM detection using strictness: relaxed
DEBUG    18/06 15:05:51   0 rule-based cluster(s) found in record
DEBUG    18/06 15:05:51   0 protoclusters found
DEBUG    18/06 15:05:51   0 subregions found
INFO     18/06 15:05:51   No regions detected, skipping record
INFO     18/06 15:05:51   Analysing record: C3M06_68
INFO     18/06 15:05:51   Detecting secondary metabolite clusters
DEBUG    18/06 15:05:51   Checking if antismash.detection.hmm_detection should be run
INFO     18/06 15:05:51   Running antismash.detection.hmm_detection
INFO     18/06 15:05:51   HMM detection using strictness: relaxed
DEBUG    18/06 15:05:51   0 rule-based cluster(s) found in record
DEBUG    18/06 15:05:51   0 protoclusters found
DEBUG    18/06 15:05:51   0 subregions found
INFO     18/06 15:05:51   No regions detected, skipping record
INFO     18/06 15:05:51   Analysing record: C3M06_69
INFO     18/06 15:05:51   Detecting secondary metabolite clusters
DEBUG    18/06 15:05:51   Checking if antismash.detection.hmm_detection should be run
INFO     18/06 15:05:51   Running antismash.detection.hmm_detection
INFO     18/06 15:05:51   HMM detection using strictness: relaxed
DEBUG    18/06 15:05:52   1 rule-based cluster(s) found in record
DEBUG    18/06 15:05:52   1 protoclusters found
DEBUG    18/06 15:05:52   0 subregions found
INFO     18/06 15:05:52   1 region(s) detected in record
DEBUG    18/06 15:05:52   Checking if antismash.detection.cluster_hmmer should be run
INFO     18/06 15:05:52   Running antismash.detection.cluster_hmmer
INFO     18/06 15:05:52   Running cluster PFAM search
DEBUG    18/06 15:06:01   Adding detection results from antismash.detection.cluster_hmmer to record
DEBUG    18/06 15:06:01   Checking if antismash.detection.genefunctions should be run
INFO     18/06 15:06:01   Running antismash.detection.genefunctions
DEBUG    18/06 15:06:03   Adding detection results from antismash.detection.genefunctions to record
DEBUG    18/06 15:06:03   annotating CDS features with extras info: 0 CDSes
DEBUG    18/06 15:06:03   annotating CDS features with halogenases info: 0 CDSes
DEBUG    18/06 15:06:03   annotating CDS features with MITE info: 0 CDSes
DEBUG    18/06 15:06:03   annotating CDS features with resist info: 0 CDSes
DEBUG    18/06 15:06:03   annotating CDS features with smcogs info: 5 CDSes
DEBUG    18/06 15:06:03   Checking if antismash.detection.nrps_pks_domains should be run
INFO     18/06 15:06:03   Running antismash.detection.nrps_pks_domains
DEBUG    18/06 15:06:03   Marking NRPS/PKS CDS features and domains in clusters
DEBUG    18/06 15:06:03   Adding detection results from antismash.detection.nrps_pks_domains to record
DEBUG    18/06 15:06:03   Checking if antismash.detection.tigrfam should be run
INFO     18/06 15:06:03   Running antismash.detection.tigrfam
INFO     18/06 15:06:03   Running TIGRFam search
DEBUG    18/06 15:06:06   Adding detection results from antismash.detection.tigrfam to record
DEBUG    18/06 15:06:06   Checking if antismash.modules.active_site_finder should be run
INFO     18/06 15:06:06   Running antismash.modules.active_site_finder
DEBUG    18/06 15:06:06   Checking if antismash.modules.cluster_compare should be run
INFO     18/06 15:06:06   Running antismash.modules.cluster_compare
DEBUG    18/06 15:06:06   Loading comparison database: MIBiG
DEBUG    18/06 15:06:06   Comparison database loaded
INFO     18/06 15:06:06   Comparing regions to reference database
DEBUG    18/06 15:06:09   Checking if antismash.modules.clusterblast should be run
INFO     18/06 15:06:09   Running antismash.modules.clusterblast
INFO     18/06 15:06:09   Running ClusterBlast
INFO     18/06 15:06:09   ClusterBlast: Loading gene cluster database into memory...
INFO     18/06 15:06:11   ClusterBlast: Loading gene cluster database proteins into memory...
INFO     18/06 15:06:43   Comparing regions to reference database
INFO     18/06 15:07:09   Running subcluster search
INFO     18/06 15:07:09   SubClusterBlast: Loading gene cluster database into memory...
INFO     18/06 15:07:09   SubClusterBlast: Loading gene cluster database proteins into memory...
INFO     18/06 15:07:10   Running known cluster search
INFO     18/06 15:07:10   KnownClusterBlast: Loading gene cluster database into memory...
INFO     18/06 15:07:10   KnownClusterBlast: Loading gene cluster database proteins into memory...
DEBUG    18/06 15:07:10   Running DIAMOND knowncluster searches..
INFO     18/06 15:07:10   Comparing regions to reference database
DEBUG    18/06 15:07:15   Checking if antismash.modules.lanthipeptides should be run
INFO     18/06 15:07:15   Running antismash.modules.lanthipeptides
DEBUG    18/06 15:07:15   Lanthipeptide module marked 0 motifs
DEBUG    18/06 15:07:15   Checking if antismash.modules.lassopeptides should be run
INFO     18/06 15:07:15   Running antismash.modules.lassopeptides
DEBUG    18/06 15:07:15   Lassopeptide module marked 0 motifs
DEBUG    18/06 15:07:15   Checking if antismash.modules.nrps_pks should be run
INFO     18/06 15:07:15   Running antismash.modules.nrps_pks
INFO     18/06 15:07:15   Predicting NRPS C domain activity using active site motifs
DEBUG    18/06 15:07:15   Checking if antismash.modules.pfam2go should be run
INFO     18/06 15:07:15   Running antismash.modules.pfam2go
DEBUG    18/06 15:07:15   Checking if antismash.modules.rrefinder should be run
INFO     18/06 15:07:15   Running antismash.modules.rrefinder
DEBUG    18/06 15:07:15   Checking if antismash.modules.sactipeptides should be run
INFO     18/06 15:07:15   Running antismash.modules.sactipeptides
DEBUG    18/06 15:07:15   Found no sactipeptide motifs
DEBUG    18/06 15:07:15   Checking if antismash.modules.t2pks should be run
INFO     18/06 15:07:15   Running antismash.modules.t2pks
DEBUG    18/06 15:07:15   No type II PKS clusters to analyze
DEBUG    18/06 15:07:15   Checking if antismash.modules.terpene should be run
INFO     18/06 15:07:15   Running antismash.modules.terpene
DEBUG    18/06 15:07:15   No terpene clusters to analyse
DEBUG    18/06 15:07:15   Checking if antismash.modules.tfbs_finder should be run
INFO     18/06 15:07:15   Running antismash.modules.tfbs_finder
DEBUG    18/06 15:07:16   Checking if antismash.modules.thiopeptides should be run
INFO     18/06 15:07:16   Running antismash.modules.thiopeptides
DEBUG    18/06 15:07:16   Thiopeptides marked 0 motifs
DEBUG    18/06 15:07:16   Checking if antismash.modules.tta should be run
INFO     18/06 15:07:16   Running antismash.modules.tta
INFO     18/06 15:07:16   Skipping TTA codon detection, GC content too low: 64%
INFO     18/06 15:07:16   Analysing record: C3M06_70
INFO     18/06 15:07:16   Detecting secondary metabolite clusters
DEBUG    18/06 15:07:16   Checking if antismash.detection.hmm_detection should be run
INFO     18/06 15:07:16   Running antismash.detection.hmm_detection
INFO     18/06 15:07:16   HMM detection using strictness: relaxed
DEBUG    18/06 15:07:16   0 rule-based cluster(s) found in record
DEBUG    18/06 15:07:16   0 protoclusters found
DEBUG    18/06 15:07:16   0 subregions found
INFO     18/06 15:07:16   No regions detected, skipping record
INFO     18/06 15:07:16   Analysing record: C3M06_71
INFO     18/06 15:07:16   Detecting secondary metabolite clusters
DEBUG    18/06 15:07:16   Checking if antismash.detection.hmm_detection should be run
INFO     18/06 15:07:16   Running antismash.detection.hmm_detection
INFO     18/06 15:07:16   HMM detection using strictness: relaxed
DEBUG    18/06 15:07:17   0 rule-based cluster(s) found in record
DEBUG    18/06 15:07:17   0 protoclusters found
DEBUG    18/06 15:07:17   0 subregions found
INFO     18/06 15:07:17   No regions detected, skipping record
INFO     18/06 15:07:17   Analysing record: C3M06_72
INFO     18/06 15:07:17   Detecting secondary metabolite clusters
DEBUG    18/06 15:07:17   Checking if antismash.detection.hmm_detection should be run
INFO     18/06 15:07:17   Running antismash.detection.hmm_detection
INFO     18/06 15:07:17   HMM detection using strictness: relaxed
DEBUG    18/06 15:07:21   0 rule-based cluster(s) found in record
DEBUG    18/06 15:07:21   0 protoclusters found
DEBUG    18/06 15:07:21   0 subregions found
INFO     18/06 15:07:21   No regions detected, skipping record
INFO     18/06 15:07:21   Analysing record: C3M06_73
INFO     18/06 15:07:21   Detecting secondary metabolite clusters
DEBUG    18/06 15:07:21   Checking if antismash.detection.hmm_detection should be run
INFO     18/06 15:07:21   Running antismash.detection.hmm_detection
INFO     18/06 15:07:21   HMM detection using strictness: relaxed
DEBUG    18/06 15:07:23   0 rule-based cluster(s) found in record
DEBUG    18/06 15:07:23   0 protoclusters found
DEBUG    18/06 15:07:23   0 subregions found
INFO     18/06 15:07:23   No regions detected, skipping record
INFO     18/06 15:07:23   Analysing record: C3M06_74
INFO     18/06 15:07:23   Detecting secondary metabolite clusters
DEBUG    18/06 15:07:23   Checking if antismash.detection.hmm_detection should be run
INFO     18/06 15:07:23   Running antismash.detection.hmm_detection
INFO     18/06 15:07:23   HMM detection using strictness: relaxed
DEBUG    18/06 15:07:23   0 rule-based cluster(s) found in record
DEBUG    18/06 15:07:23   0 protoclusters found
DEBUG    18/06 15:07:23   0 subregions found
INFO     18/06 15:07:23   No regions detected, skipping record
INFO     18/06 15:07:23   Analysing record: C3M06_75
INFO     18/06 15:07:23   Detecting secondary metabolite clusters
DEBUG    18/06 15:07:23   Checking if antismash.detection.hmm_detection should be run
INFO     18/06 15:07:23   Running antismash.detection.hmm_detection
INFO     18/06 15:07:23   HMM detection using strictness: relaxed
DEBUG    18/06 15:07:24   0 rule-based cluster(s) found in record
DEBUG    18/06 15:07:24   0 protoclusters found
DEBUG    18/06 15:07:24   0 subregions found
INFO     18/06 15:07:24   No regions detected, skipping record
INFO     18/06 15:07:24   Analysing record: C3M06_76
INFO     18/06 15:07:24   Detecting secondary metabolite clusters
DEBUG    18/06 15:07:24   Checking if antismash.detection.hmm_detection should be run
INFO     18/06 15:07:24   Running antismash.detection.hmm_detection
INFO     18/06 15:07:24   HMM detection using strictness: relaxed
DEBUG    18/06 15:07:25   0 rule-based cluster(s) found in record
DEBUG    18/06 15:07:25   0 protoclusters found
DEBUG    18/06 15:07:25   0 subregions found
INFO     18/06 15:07:25   No regions detected, skipping record
INFO     18/06 15:07:25   Analysing record: C3M06_77
INFO     18/06 15:07:25   Detecting secondary metabolite clusters
DEBUG    18/06 15:07:25   Checking if antismash.detection.hmm_detection should be run
INFO     18/06 15:07:25   Running antismash.detection.hmm_detection
INFO     18/06 15:07:25   HMM detection using strictness: relaxed
DEBUG    18/06 15:07:25   0 rule-based cluster(s) found in record
DEBUG    18/06 15:07:25   0 protoclusters found
DEBUG    18/06 15:07:25   0 subregions found
INFO     18/06 15:07:25   No regions detected, skipping record
INFO     18/06 15:07:25   Analysing record: C3M06_78
INFO     18/06 15:07:25   Detecting secondary metabolite clusters
DEBUG    18/06 15:07:25   Checking if antismash.detection.hmm_detection should be run
INFO     18/06 15:07:25   Running antismash.detection.hmm_detection
INFO     18/06 15:07:25   HMM detection using strictness: relaxed
DEBUG    18/06 15:07:28   0 rule-based cluster(s) found in record
DEBUG    18/06 15:07:28   0 protoclusters found
DEBUG    18/06 15:07:28   0 subregions found
INFO     18/06 15:07:28   No regions detected, skipping record
INFO     18/06 15:07:28   Analysing record: C3M06_79
INFO     18/06 15:07:28   Detecting secondary metabolite clusters
DEBUG    18/06 15:07:28   Checking if antismash.detection.hmm_detection should be run
INFO     18/06 15:07:28   Running antismash.detection.hmm_detection
INFO     18/06 15:07:28   HMM detection using strictness: relaxed
DEBUG    18/06 15:07:28   0 rule-based cluster(s) found in record
DEBUG    18/06 15:07:28   0 protoclusters found
DEBUG    18/06 15:07:28   0 subregions found
INFO     18/06 15:07:28   No regions detected, skipping record
INFO     18/06 15:07:28   Analysing record: C3M06_80
INFO     18/06 15:07:28   Detecting secondary metabolite clusters
DEBUG    18/06 15:07:28   Checking if antismash.detection.hmm_detection should be run
INFO     18/06 15:07:28   Running antismash.detection.hmm_detection
INFO     18/06 15:07:28   HMM detection using strictness: relaxed
DEBUG    18/06 15:07:29   0 rule-based cluster(s) found in record
DEBUG    18/06 15:07:29   0 protoclusters found
DEBUG    18/06 15:07:29   0 subregions found
INFO     18/06 15:07:29   No regions detected, skipping record
INFO     18/06 15:07:29   Analysing record: C3M06_81
INFO     18/06 15:07:29   Detecting secondary metabolite clusters
DEBUG    18/06 15:07:29   Checking if antismash.detection.hmm_detection should be run
INFO     18/06 15:07:29   Running antismash.detection.hmm_detection
INFO     18/06 15:07:29   HMM detection using strictness: relaxed
DEBUG    18/06 15:07:31   1 rule-based cluster(s) found in record
DEBUG    18/06 15:07:31   1 protoclusters found
DEBUG    18/06 15:07:31   0 subregions found
INFO     18/06 15:07:31   1 region(s) detected in record
DEBUG    18/06 15:07:31   Checking if antismash.detection.cluster_hmmer should be run
INFO     18/06 15:07:31   Running antismash.detection.cluster_hmmer
INFO     18/06 15:07:31   Running cluster PFAM search
DEBUG    18/06 15:07:34   Adding detection results from antismash.detection.cluster_hmmer to record
DEBUG    18/06 15:07:34   Checking if antismash.detection.genefunctions should be run
INFO     18/06 15:07:34   Running antismash.detection.genefunctions
DEBUG    18/06 15:07:35   Adding detection results from antismash.detection.genefunctions to record
DEBUG    18/06 15:07:35   annotating CDS features with extras info: 0 CDSes
DEBUG    18/06 15:07:35   annotating CDS features with halogenases info: 0 CDSes
DEBUG    18/06 15:07:35   annotating CDS features with MITE info: 0 CDSes
DEBUG    18/06 15:07:35   annotating CDS features with resist info: 0 CDSes
DEBUG    18/06 15:07:35   annotating CDS features with smcogs info: 3 CDSes
DEBUG    18/06 15:07:35   Checking if antismash.detection.nrps_pks_domains should be run
INFO     18/06 15:07:35   Running antismash.detection.nrps_pks_domains
DEBUG    18/06 15:07:35   Marking NRPS/PKS CDS features and domains in clusters
DEBUG    18/06 15:07:35   Adding detection results from antismash.detection.nrps_pks_domains to record
DEBUG    18/06 15:07:35   Checking if antismash.detection.tigrfam should be run
INFO     18/06 15:07:35   Running antismash.detection.tigrfam
INFO     18/06 15:07:35   Running TIGRFam search
DEBUG    18/06 15:07:37   Adding detection results from antismash.detection.tigrfam to record
DEBUG    18/06 15:07:37   Checking if antismash.modules.active_site_finder should be run
INFO     18/06 15:07:37   Running antismash.modules.active_site_finder
DEBUG    18/06 15:07:37   Checking if antismash.modules.cluster_compare should be run
INFO     18/06 15:07:37   Running antismash.modules.cluster_compare
DEBUG    18/06 15:07:37   Loading comparison database: MIBiG
DEBUG    18/06 15:07:37   Comparison database loaded
INFO     18/06 15:07:37   Comparing regions to reference database
DEBUG    18/06 15:07:40   Checking if antismash.modules.clusterblast should be run
INFO     18/06 15:07:40   Running antismash.modules.clusterblast
INFO     18/06 15:07:40   Running ClusterBlast
INFO     18/06 15:07:40   ClusterBlast: Loading gene cluster database into memory...
INFO     18/06 15:07:42   ClusterBlast: Loading gene cluster database proteins into memory...
INFO     18/06 15:08:23   Comparing regions to reference database
INFO     18/06 15:08:47   Running subcluster search
INFO     18/06 15:08:47   SubClusterBlast: Loading gene cluster database into memory...
INFO     18/06 15:08:47   SubClusterBlast: Loading gene cluster database proteins into memory...
INFO     18/06 15:08:48   Running known cluster search
INFO     18/06 15:08:48   KnownClusterBlast: Loading gene cluster database into memory...
INFO     18/06 15:08:48   KnownClusterBlast: Loading gene cluster database proteins into memory...
DEBUG    18/06 15:08:48   Running DIAMOND knowncluster searches..
INFO     18/06 15:08:48   Comparing regions to reference database
DEBUG    18/06 15:08:53   Checking if antismash.modules.lanthipeptides should be run
INFO     18/06 15:08:53   Running antismash.modules.lanthipeptides
DEBUG    18/06 15:08:53   Lanthipeptide module marked 0 motifs
DEBUG    18/06 15:08:53   Checking if antismash.modules.lassopeptides should be run
INFO     18/06 15:08:53   Running antismash.modules.lassopeptides
DEBUG    18/06 15:08:54   Lassopeptide module marked 0 motifs
DEBUG    18/06 15:08:54   Checking if antismash.modules.nrps_pks should be run
INFO     18/06 15:08:54   Running antismash.modules.nrps_pks
INFO     18/06 15:08:54   Predicting NRPS C domain activity using active site motifs
DEBUG    18/06 15:08:54   Checking if antismash.modules.pfam2go should be run
INFO     18/06 15:08:54   Running antismash.modules.pfam2go
DEBUG    18/06 15:08:54   Checking if antismash.modules.rrefinder should be run
INFO     18/06 15:08:54   Running antismash.modules.rrefinder
DEBUG    18/06 15:08:54   Checking if antismash.modules.sactipeptides should be run
INFO     18/06 15:08:54   Running antismash.modules.sactipeptides
DEBUG    18/06 15:08:54   Found no sactipeptide motifs
DEBUG    18/06 15:08:54   Checking if antismash.modules.t2pks should be run
INFO     18/06 15:08:54   Running antismash.modules.t2pks
DEBUG    18/06 15:08:54   No type II PKS clusters to analyze
DEBUG    18/06 15:08:54   Checking if antismash.modules.terpene should be run
INFO     18/06 15:08:54   Running antismash.modules.terpene
DEBUG    18/06 15:08:54   No terpene clusters to analyse
DEBUG    18/06 15:08:54   Checking if antismash.modules.tfbs_finder should be run
INFO     18/06 15:08:54   Running antismash.modules.tfbs_finder
DEBUG    18/06 15:08:54   Checking if antismash.modules.thiopeptides should be run
INFO     18/06 15:08:54   Running antismash.modules.thiopeptides
DEBUG    18/06 15:08:54   Thiopeptides marked 0 motifs
DEBUG    18/06 15:08:54   Checking if antismash.modules.tta should be run
INFO     18/06 15:08:54   Running antismash.modules.tta
INFO     18/06 15:08:54   Skipping TTA codon detection, GC content too low: 64%
INFO     18/06 15:08:54   Analysing record: C3M06_82
INFO     18/06 15:08:54   Detecting secondary metabolite clusters
DEBUG    18/06 15:08:54   Checking if antismash.detection.hmm_detection should be run
INFO     18/06 15:08:54   Running antismash.detection.hmm_detection
INFO     18/06 15:08:54   HMM detection using strictness: relaxed
DEBUG    18/06 15:08:55   0 rule-based cluster(s) found in record
DEBUG    18/06 15:08:55   0 protoclusters found
DEBUG    18/06 15:08:55   0 subregions found
INFO     18/06 15:08:55   No regions detected, skipping record
INFO     18/06 15:08:55   Analysing record: C3M06_83
INFO     18/06 15:08:55   Detecting secondary metabolite clusters
DEBUG    18/06 15:08:55   Checking if antismash.detection.hmm_detection should be run
INFO     18/06 15:08:55   Running antismash.detection.hmm_detection
INFO     18/06 15:08:55   HMM detection using strictness: relaxed
DEBUG    18/06 15:08:56   0 rule-based cluster(s) found in record
DEBUG    18/06 15:08:56   0 protoclusters found
DEBUG    18/06 15:08:56   0 subregions found
INFO     18/06 15:08:56   No regions detected, skipping record
INFO     18/06 15:08:56   Analysing record: C3M06_84
INFO     18/06 15:08:56   Detecting secondary metabolite clusters
DEBUG    18/06 15:08:56   Checking if antismash.detection.hmm_detection should be run
INFO     18/06 15:08:56   Running antismash.detection.hmm_detection
INFO     18/06 15:08:56   HMM detection using strictness: relaxed
DEBUG    18/06 15:08:56   0 rule-based cluster(s) found in record
DEBUG    18/06 15:08:56   0 protoclusters found
DEBUG    18/06 15:08:56   0 subregions found
INFO     18/06 15:08:56   No regions detected, skipping record
INFO     18/06 15:08:56   Analysing record: C3M06_85
INFO     18/06 15:08:56   Detecting secondary metabolite clusters
DEBUG    18/06 15:08:56   Checking if antismash.detection.hmm_detection should be run
INFO     18/06 15:08:56   Running antismash.detection.hmm_detection
INFO     18/06 15:08:56   HMM detection using strictness: relaxed
DEBUG    18/06 15:08:56   0 rule-based cluster(s) found in record
DEBUG    18/06 15:08:56   0 protoclusters found
DEBUG    18/06 15:08:56   0 subregions found
INFO     18/06 15:08:56   No regions detected, skipping record
INFO     18/06 15:08:56   Analysing record: C3M06_86
INFO     18/06 15:08:56   Detecting secondary metabolite clusters
DEBUG    18/06 15:08:56   Checking if antismash.detection.hmm_detection should be run
INFO     18/06 15:08:56   Running antismash.detection.hmm_detection
INFO     18/06 15:08:56   HMM detection using strictness: relaxed
DEBUG    18/06 15:08:57   0 rule-based cluster(s) found in record
DEBUG    18/06 15:08:57   0 protoclusters found
DEBUG    18/06 15:08:57   0 subregions found
INFO     18/06 15:08:57   No regions detected, skipping record
INFO     18/06 15:08:57   Analysing record: C3M06_87
INFO     18/06 15:08:57   Detecting secondary metabolite clusters
DEBUG    18/06 15:08:57   Checking if antismash.detection.hmm_detection should be run
INFO     18/06 15:08:57   Running antismash.detection.hmm_detection
INFO     18/06 15:08:57   HMM detection using strictness: relaxed
DEBUG    18/06 15:08:57   0 rule-based cluster(s) found in record
DEBUG    18/06 15:08:57   0 protoclusters found
DEBUG    18/06 15:08:57   0 subregions found
INFO     18/06 15:08:57   No regions detected, skipping record
INFO     18/06 15:08:57   Analysing record: C3M06_88
INFO     18/06 15:08:57   Detecting secondary metabolite clusters
DEBUG    18/06 15:08:57   Checking if antismash.detection.hmm_detection should be run
INFO     18/06 15:08:57   Running antismash.detection.hmm_detection
INFO     18/06 15:08:57   HMM detection using strictness: relaxed
DEBUG    18/06 15:08:58   0 rule-based cluster(s) found in record
DEBUG    18/06 15:08:58   0 protoclusters found
DEBUG    18/06 15:08:58   0 subregions found
INFO     18/06 15:08:58   No regions detected, skipping record
INFO     18/06 15:08:58   Analysing record: C3M06_89
INFO     18/06 15:08:58   Detecting secondary metabolite clusters
DEBUG    18/06 15:08:58   Checking if antismash.detection.hmm_detection should be run
INFO     18/06 15:08:58   Running antismash.detection.hmm_detection
INFO     18/06 15:08:58   HMM detection using strictness: relaxed
DEBUG    18/06 15:08:58   0 rule-based cluster(s) found in record
DEBUG    18/06 15:08:58   0 protoclusters found
DEBUG    18/06 15:08:58   0 subregions found
INFO     18/06 15:08:58   No regions detected, skipping record
INFO     18/06 15:08:58   Analysing record: C3M06_90
INFO     18/06 15:08:58   Detecting secondary metabolite clusters
DEBUG    18/06 15:08:58   Checking if antismash.detection.hmm_detection should be run
INFO     18/06 15:08:58   Running antismash.detection.hmm_detection
INFO     18/06 15:08:58   HMM detection using strictness: relaxed
DEBUG    18/06 15:09:00   0 rule-based cluster(s) found in record
DEBUG    18/06 15:09:00   0 protoclusters found
DEBUG    18/06 15:09:00   0 subregions found
INFO     18/06 15:09:00   No regions detected, skipping record
INFO     18/06 15:09:00   Analysing record: C3M06_91
INFO     18/06 15:09:00   Detecting secondary metabolite clusters
DEBUG    18/06 15:09:00   Checking if antismash.detection.hmm_detection should be run
INFO     18/06 15:09:00   Running antismash.detection.hmm_detection
INFO     18/06 15:09:00   HMM detection using strictness: relaxed
DEBUG    18/06 15:09:01   0 rule-based cluster(s) found in record
DEBUG    18/06 15:09:01   0 protoclusters found
DEBUG    18/06 15:09:01   0 subregions found
INFO     18/06 15:09:01   No regions detected, skipping record
INFO     18/06 15:09:01   Analysing record: C3M06_92
INFO     18/06 15:09:01   Detecting secondary metabolite clusters
DEBUG    18/06 15:09:01   Checking if antismash.detection.hmm_detection should be run
INFO     18/06 15:09:01   Running antismash.detection.hmm_detection
INFO     18/06 15:09:01   HMM detection using strictness: relaxed
DEBUG    18/06 15:09:01   0 rule-based cluster(s) found in record
DEBUG    18/06 15:09:01   0 protoclusters found
DEBUG    18/06 15:09:01   0 subregions found
INFO     18/06 15:09:01   No regions detected, skipping record
INFO     18/06 15:09:01   Analysing record: C3M06_93
INFO     18/06 15:09:01   Detecting secondary metabolite clusters
DEBUG    18/06 15:09:01   Checking if antismash.detection.hmm_detection should be run
INFO     18/06 15:09:01   Running antismash.detection.hmm_detection
INFO     18/06 15:09:01   HMM detection using strictness: relaxed
DEBUG    18/06 15:09:03   0 rule-based cluster(s) found in record
DEBUG    18/06 15:09:03   0 protoclusters found
DEBUG    18/06 15:09:03   0 subregions found
INFO     18/06 15:09:03   No regions detected, skipping record
INFO     18/06 15:09:03   Analysing record: C3M06_94
INFO     18/06 15:09:03   Detecting secondary metabolite clusters
DEBUG    18/06 15:09:03   Checking if antismash.detection.hmm_detection should be run
INFO     18/06 15:09:03   Running antismash.detection.hmm_detection
INFO     18/06 15:09:03   HMM detection using strictness: relaxed
DEBUG    18/06 15:09:03   0 rule-based cluster(s) found in record
DEBUG    18/06 15:09:03   0 protoclusters found
DEBUG    18/06 15:09:03   0 subregions found
INFO     18/06 15:09:03   No regions detected, skipping record
INFO     18/06 15:09:03   Analysing record: C3M06_95
INFO     18/06 15:09:03   Detecting secondary metabolite clusters
DEBUG    18/06 15:09:03   Checking if antismash.detection.hmm_detection should be run
INFO     18/06 15:09:03   Running antismash.detection.hmm_detection
INFO     18/06 15:09:03   HMM detection using strictness: relaxed
DEBUG    18/06 15:09:04   0 rule-based cluster(s) found in record
DEBUG    18/06 15:09:04   0 protoclusters found
DEBUG    18/06 15:09:04   0 subregions found
INFO     18/06 15:09:04   No regions detected, skipping record
INFO     18/06 15:09:04   Analysing record: C3M06_96
INFO     18/06 15:09:04   Detecting secondary metabolite clusters
DEBUG    18/06 15:09:04   Checking if antismash.detection.hmm_detection should be run
INFO     18/06 15:09:04   Running antismash.detection.hmm_detection
INFO     18/06 15:09:04   HMM detection using strictness: relaxed
DEBUG    18/06 15:09:04   0 rule-based cluster(s) found in record
DEBUG    18/06 15:09:04   0 protoclusters found
DEBUG    18/06 15:09:04   0 subregions found
INFO     18/06 15:09:04   No regions detected, skipping record
INFO     18/06 15:09:04   Analysing record: C3M06_97
INFO     18/06 15:09:04   Detecting secondary metabolite clusters
DEBUG    18/06 15:09:04   Checking if antismash.detection.hmm_detection should be run
INFO     18/06 15:09:04   Running antismash.detection.hmm_detection
INFO     18/06 15:09:04   HMM detection using strictness: relaxed
DEBUG    18/06 15:09:05   0 rule-based cluster(s) found in record
DEBUG    18/06 15:09:05   0 protoclusters found
DEBUG    18/06 15:09:05   0 subregions found
INFO     18/06 15:09:05   No regions detected, skipping record
INFO     18/06 15:09:05   Analysing record: C3M06_98
INFO     18/06 15:09:05   Detecting secondary metabolite clusters
DEBUG    18/06 15:09:05   Checking if antismash.detection.hmm_detection should be run
INFO     18/06 15:09:05   Running antismash.detection.hmm_detection
INFO     18/06 15:09:05   HMM detection using strictness: relaxed
DEBUG    18/06 15:09:06   0 rule-based cluster(s) found in record
DEBUG    18/06 15:09:06   0 protoclusters found
DEBUG    18/06 15:09:06   0 subregions found
INFO     18/06 15:09:06   No regions detected, skipping record
INFO     18/06 15:09:06   Analysing record: C3M06_99
INFO     18/06 15:09:06   Detecting secondary metabolite clusters
DEBUG    18/06 15:09:06   Checking if antismash.detection.hmm_detection should be run
INFO     18/06 15:09:06   Running antismash.detection.hmm_detection
INFO     18/06 15:09:06   HMM detection using strictness: relaxed
DEBUG    18/06 15:09:06   0 rule-based cluster(s) found in record
DEBUG    18/06 15:09:06   0 protoclusters found
DEBUG    18/06 15:09:06   0 subregions found
INFO     18/06 15:09:06   No regions detected, skipping record
INFO     18/06 15:09:06   Analysing record: C3M06_100
INFO     18/06 15:09:06   Detecting secondary metabolite clusters
DEBUG    18/06 15:09:06   Checking if antismash.detection.hmm_detection should be run
INFO     18/06 15:09:06   Running antismash.detection.hmm_detection
INFO     18/06 15:09:06   HMM detection using strictness: relaxed
DEBUG    18/06 15:09:07   1 rule-based cluster(s) found in record
DEBUG    18/06 15:09:07   1 protoclusters found
DEBUG    18/06 15:09:07   0 subregions found
INFO     18/06 15:09:07   1 region(s) detected in record
DEBUG    18/06 15:09:07   Checking if antismash.detection.cluster_hmmer should be run
INFO     18/06 15:09:07   Running antismash.detection.cluster_hmmer
INFO     18/06 15:09:07   Running cluster PFAM search
DEBUG    18/06 15:09:11   Adding detection results from antismash.detection.cluster_hmmer to record
DEBUG    18/06 15:09:11   Checking if antismash.detection.genefunctions should be run
INFO     18/06 15:09:11   Running antismash.detection.genefunctions
DEBUG    18/06 15:09:13   Adding detection results from antismash.detection.genefunctions to record
DEBUG    18/06 15:09:13   annotating CDS features with extras info: 0 CDSes
DEBUG    18/06 15:09:13   annotating CDS features with halogenases info: 0 CDSes
DEBUG    18/06 15:09:13   annotating CDS features with MITE info: 0 CDSes
DEBUG    18/06 15:09:13   annotating CDS features with resist info: 0 CDSes
DEBUG    18/06 15:09:13   annotating CDS features with smcogs info: 3 CDSes
DEBUG    18/06 15:09:13   Checking if antismash.detection.nrps_pks_domains should be run
INFO     18/06 15:09:13   Running antismash.detection.nrps_pks_domains
DEBUG    18/06 15:09:13   Marking NRPS/PKS CDS features and domains in clusters
DEBUG    18/06 15:09:13   Adding detection results from antismash.detection.nrps_pks_domains to record
DEBUG    18/06 15:09:13   Checking if antismash.detection.tigrfam should be run
INFO     18/06 15:09:13   Running antismash.detection.tigrfam
INFO     18/06 15:09:13   Running TIGRFam search
DEBUG    18/06 15:09:14   Adding detection results from antismash.detection.tigrfam to record
DEBUG    18/06 15:09:14   Checking if antismash.modules.active_site_finder should be run
INFO     18/06 15:09:14   Running antismash.modules.active_site_finder
DEBUG    18/06 15:09:14   Checking if antismash.modules.cluster_compare should be run
INFO     18/06 15:09:14   Running antismash.modules.cluster_compare
DEBUG    18/06 15:09:14   Loading comparison database: MIBiG
DEBUG    18/06 15:09:14   Comparison database loaded
INFO     18/06 15:09:14   Comparing regions to reference database
DEBUG    18/06 15:09:17   Checking if antismash.modules.clusterblast should be run
INFO     18/06 15:09:17   Running antismash.modules.clusterblast
INFO     18/06 15:09:17   Running ClusterBlast
INFO     18/06 15:09:17   ClusterBlast: Loading gene cluster database into memory...
INFO     18/06 15:09:19   ClusterBlast: Loading gene cluster database proteins into memory...
INFO     18/06 15:09:47   Comparing regions to reference database
INFO     18/06 15:10:10   Running subcluster search
INFO     18/06 15:10:10   SubClusterBlast: Loading gene cluster database into memory...
INFO     18/06 15:10:10   SubClusterBlast: Loading gene cluster database proteins into memory...
INFO     18/06 15:10:10   Running known cluster search
INFO     18/06 15:10:10   KnownClusterBlast: Loading gene cluster database into memory...
INFO     18/06 15:10:10   KnownClusterBlast: Loading gene cluster database proteins into memory...
DEBUG    18/06 15:10:11   Running DIAMOND knowncluster searches..
INFO     18/06 15:10:11   Comparing regions to reference database
DEBUG    18/06 15:10:15   Checking if antismash.modules.lanthipeptides should be run
INFO     18/06 15:10:15   Running antismash.modules.lanthipeptides
DEBUG    18/06 15:10:15   Lanthipeptide module marked 0 motifs
DEBUG    18/06 15:10:16   Checking if antismash.modules.lassopeptides should be run
INFO     18/06 15:10:16   Running antismash.modules.lassopeptides
DEBUG    18/06 15:10:16   Lassopeptide module marked 0 motifs
DEBUG    18/06 15:10:16   Checking if antismash.modules.nrps_pks should be run
INFO     18/06 15:10:16   Running antismash.modules.nrps_pks
DEBUG    18/06 15:10:16   No NRPS or PKS genes found, skipping analysis
DEBUG    18/06 15:10:16   Checking if antismash.modules.pfam2go should be run
INFO     18/06 15:10:16   Running antismash.modules.pfam2go
DEBUG    18/06 15:10:16   Checking if antismash.modules.rrefinder should be run
INFO     18/06 15:10:16   Running antismash.modules.rrefinder
DEBUG    18/06 15:10:16   Checking if antismash.modules.sactipeptides should be run
INFO     18/06 15:10:16   Running antismash.modules.sactipeptides
DEBUG    18/06 15:10:16   Found no sactipeptide motifs
DEBUG    18/06 15:10:16   Checking if antismash.modules.t2pks should be run
INFO     18/06 15:10:16   Running antismash.modules.t2pks
DEBUG    18/06 15:10:16   No type II PKS clusters to analyze
DEBUG    18/06 15:10:16   Checking if antismash.modules.terpene should be run
INFO     18/06 15:10:16   Running antismash.modules.terpene
DEBUG    18/06 15:10:16   No terpene clusters to analyse
DEBUG    18/06 15:10:16   Checking if antismash.modules.tfbs_finder should be run
INFO     18/06 15:10:16   Running antismash.modules.tfbs_finder
DEBUG    18/06 15:10:17   Checking if antismash.modules.thiopeptides should be run
INFO     18/06 15:10:17   Running antismash.modules.thiopeptides
DEBUG    18/06 15:10:17   Thiopeptides marked 0 motifs
DEBUG    18/06 15:10:17   Checking if antismash.modules.tta should be run
INFO     18/06 15:10:17   Running antismash.modules.tta
INFO     18/06 15:10:17   Detecting TTA codons
DEBUG    18/06 15:10:17   GC content: 66%
DEBUG    18/06 15:10:17   Detected 2 TTA codons
INFO     18/06 15:10:17   Analysing record: C3M06_101
INFO     18/06 15:10:17   Detecting secondary metabolite clusters
DEBUG    18/06 15:10:17   Checking if antismash.detection.hmm_detection should be run
INFO     18/06 15:10:17   Running antismash.detection.hmm_detection
INFO     18/06 15:10:17   HMM detection using strictness: relaxed
DEBUG    18/06 15:10:18   1 rule-based cluster(s) found in record
DEBUG    18/06 15:10:18   1 protoclusters found
DEBUG    18/06 15:10:18   0 subregions found
INFO     18/06 15:10:18   1 region(s) detected in record
DEBUG    18/06 15:10:18   Checking if antismash.detection.cluster_hmmer should be run
INFO     18/06 15:10:18   Running antismash.detection.cluster_hmmer
INFO     18/06 15:10:18   Running cluster PFAM search
DEBUG    18/06 15:10:24   Adding detection results from antismash.detection.cluster_hmmer to record
DEBUG    18/06 15:10:24   Checking if antismash.detection.genefunctions should be run
INFO     18/06 15:10:24   Running antismash.detection.genefunctions
DEBUG    18/06 15:10:26   Adding detection results from antismash.detection.genefunctions to record
DEBUG    18/06 15:10:26   annotating CDS features with extras info: 0 CDSes
DEBUG    18/06 15:10:26   annotating CDS features with halogenases info: 0 CDSes
DEBUG    18/06 15:10:26   annotating CDS features with MITE info: 0 CDSes
DEBUG    18/06 15:10:26   annotating CDS features with resist info: 0 CDSes
DEBUG    18/06 15:10:26   annotating CDS features with smcogs info: 3 CDSes
DEBUG    18/06 15:10:26   Checking if antismash.detection.nrps_pks_domains should be run
INFO     18/06 15:10:26   Running antismash.detection.nrps_pks_domains
DEBUG    18/06 15:10:26   Marking NRPS/PKS CDS features and domains in clusters
DEBUG    18/06 15:10:26   Adding detection results from antismash.detection.nrps_pks_domains to record
DEBUG    18/06 15:10:26   Checking if antismash.detection.tigrfam should be run
INFO     18/06 15:10:26   Running antismash.detection.tigrfam
INFO     18/06 15:10:26   Running TIGRFam search
DEBUG    18/06 15:10:29   Adding detection results from antismash.detection.tigrfam to record
DEBUG    18/06 15:10:29   Checking if antismash.modules.active_site_finder should be run
INFO     18/06 15:10:29   Running antismash.modules.active_site_finder
DEBUG    18/06 15:10:29   Checking if antismash.modules.cluster_compare should be run
INFO     18/06 15:10:29   Running antismash.modules.cluster_compare
DEBUG    18/06 15:10:29   Loading comparison database: MIBiG
DEBUG    18/06 15:10:29   Comparison database loaded
INFO     18/06 15:10:29   Comparing regions to reference database
DEBUG    18/06 15:10:32   Checking if antismash.modules.clusterblast should be run
INFO     18/06 15:10:32   Running antismash.modules.clusterblast
INFO     18/06 15:10:32   Running ClusterBlast
INFO     18/06 15:10:32   ClusterBlast: Loading gene cluster database into memory...
INFO     18/06 15:10:35   ClusterBlast: Loading gene cluster database proteins into memory...
INFO     18/06 15:11:08   Comparing regions to reference database
INFO     18/06 15:11:45   Running subcluster search
INFO     18/06 15:11:45   SubClusterBlast: Loading gene cluster database into memory...
INFO     18/06 15:11:45   SubClusterBlast: Loading gene cluster database proteins into memory...
INFO     18/06 15:11:46   Running known cluster search
INFO     18/06 15:11:46   KnownClusterBlast: Loading gene cluster database into memory...
INFO     18/06 15:11:46   KnownClusterBlast: Loading gene cluster database proteins into memory...
DEBUG    18/06 15:11:46   Running DIAMOND knowncluster searches..
INFO     18/06 15:11:46   Comparing regions to reference database
DEBUG    18/06 15:11:52   Checking if antismash.modules.lanthipeptides should be run
INFO     18/06 15:11:52   Running antismash.modules.lanthipeptides
DEBUG    18/06 15:11:52   Lanthipeptide module marked 0 motifs
DEBUG    18/06 15:11:52   Checking if antismash.modules.lassopeptides should be run
INFO     18/06 15:11:52   Running antismash.modules.lassopeptides
DEBUG    18/06 15:11:53   Lassopeptide module marked 0 motifs
DEBUG    18/06 15:11:53   Checking if antismash.modules.nrps_pks should be run
INFO     18/06 15:11:53   Running antismash.modules.nrps_pks
INFO     18/06 15:11:53   Predicting A domain substrate specificities with nrpys
INFO     18/06 15:11:53   Predicting NRPS C domain activity using active site motifs
DEBUG    18/06 15:11:53   CandidateCluster 1 monomer ordering method: colinear
DEBUG    18/06 15:11:53   Checking if antismash.modules.pfam2go should be run
INFO     18/06 15:11:53   Running antismash.modules.pfam2go
DEBUG    18/06 15:11:53   Checking if antismash.modules.rrefinder should be run
INFO     18/06 15:11:53   Running antismash.modules.rrefinder
DEBUG    18/06 15:11:53   Checking if antismash.modules.sactipeptides should be run
INFO     18/06 15:11:53   Running antismash.modules.sactipeptides
DEBUG    18/06 15:11:53   Found no sactipeptide motifs
DEBUG    18/06 15:11:53   Checking if antismash.modules.t2pks should be run
INFO     18/06 15:11:53   Running antismash.modules.t2pks
DEBUG    18/06 15:11:53   No type II PKS clusters to analyze
DEBUG    18/06 15:11:53   Checking if antismash.modules.terpene should be run
INFO     18/06 15:11:53   Running antismash.modules.terpene
DEBUG    18/06 15:11:53   No terpene clusters to analyse
DEBUG    18/06 15:11:53   Checking if antismash.modules.tfbs_finder should be run
INFO     18/06 15:11:53   Running antismash.modules.tfbs_finder
DEBUG    18/06 15:11:54   Checking if antismash.modules.thiopeptides should be run
INFO     18/06 15:11:54   Running antismash.modules.thiopeptides
DEBUG    18/06 15:11:54   Thiopeptides marked 0 motifs
DEBUG    18/06 15:11:54   Checking if antismash.modules.tta should be run
INFO     18/06 15:11:54   Running antismash.modules.tta
INFO     18/06 15:11:54   Detecting TTA codons
DEBUG    18/06 15:11:54   GC content: 65%
DEBUG    18/06 15:11:54   Detected 0 TTA codons
INFO     18/06 15:11:54   Analysing record: C3M06_102
INFO     18/06 15:11:54   Detecting secondary metabolite clusters
DEBUG    18/06 15:11:54   Checking if antismash.detection.hmm_detection should be run
INFO     18/06 15:11:54   Running antismash.detection.hmm_detection
INFO     18/06 15:11:54   HMM detection using strictness: relaxed
DEBUG    18/06 15:11:55   0 rule-based cluster(s) found in record
DEBUG    18/06 15:11:55   0 protoclusters found
DEBUG    18/06 15:11:55   0 subregions found
INFO     18/06 15:11:55   No regions detected, skipping record
INFO     18/06 15:11:55   Analysing record: C3M06_103
INFO     18/06 15:11:55   Detecting secondary metabolite clusters
DEBUG    18/06 15:11:55   Checking if antismash.detection.hmm_detection should be run
INFO     18/06 15:11:55   Running antismash.detection.hmm_detection
INFO     18/06 15:11:55   HMM detection using strictness: relaxed
DEBUG    18/06 15:11:55   0 rule-based cluster(s) found in record
DEBUG    18/06 15:11:55   0 protoclusters found
DEBUG    18/06 15:11:55   0 subregions found
INFO     18/06 15:11:55   No regions detected, skipping record
INFO     18/06 15:11:55   Analysing record: C3M06_104
INFO     18/06 15:11:55   Detecting secondary metabolite clusters
DEBUG    18/06 15:11:55   Checking if antismash.detection.hmm_detection should be run
INFO     18/06 15:11:55   Running antismash.detection.hmm_detection
INFO     18/06 15:11:55   HMM detection using strictness: relaxed
DEBUG    18/06 15:11:56   0 rule-based cluster(s) found in record
DEBUG    18/06 15:11:56   0 protoclusters found
DEBUG    18/06 15:11:56   0 subregions found
INFO     18/06 15:11:56   No regions detected, skipping record
INFO     18/06 15:11:56   Analysing record: C3M06_105
INFO     18/06 15:11:56   Detecting secondary metabolite clusters
DEBUG    18/06 15:11:56   Checking if antismash.detection.hmm_detection should be run
INFO     18/06 15:11:56   Running antismash.detection.hmm_detection
INFO     18/06 15:11:56   HMM detection using strictness: relaxed
DEBUG    18/06 15:11:58   0 rule-based cluster(s) found in record
DEBUG    18/06 15:11:58   0 protoclusters found
DEBUG    18/06 15:11:58   0 subregions found
INFO     18/06 15:11:58   No regions detected, skipping record
INFO     18/06 15:11:58   Analysing record: C3M06_106
INFO     18/06 15:11:58   Detecting secondary metabolite clusters
DEBUG    18/06 15:11:58   Checking if antismash.detection.hmm_detection should be run
INFO     18/06 15:11:58   Running antismash.detection.hmm_detection
INFO     18/06 15:11:58   HMM detection using strictness: relaxed
DEBUG    18/06 15:11:58   0 rule-based cluster(s) found in record
DEBUG    18/06 15:11:58   0 protoclusters found
DEBUG    18/06 15:11:58   0 subregions found
INFO     18/06 15:11:58   No regions detected, skipping record
INFO     18/06 15:11:58   Writing results
DEBUG    18/06 15:11:58   Writing json results to '/data/antismash/upload/bacteria-75ce95a5-47f2-492b-b2d4-d57dd483cbab/C3M06_short.json'
DEBUG    18/06 15:11:58   Record C3M06_1 has results for modules: hmm_detection
DEBUG    18/06 15:11:58   Converting antismash.detection.hmm_detection results to json
DEBUG    18/06 15:11:58   Record C3M06_2 has results for modules: hmm_detection
DEBUG    18/06 15:11:58   Converting antismash.detection.hmm_detection results to json
DEBUG    18/06 15:11:58   Record C3M06_3 has results for modules: hmm_detection
DEBUG    18/06 15:11:58   Converting antismash.detection.hmm_detection results to json
DEBUG    18/06 15:11:58   Record C3M06_4 has results for modules: hmm_detection, cluster_hmmer, genefunctions, nrps_pks_domains, tigrfam, active_site_finder, cluster_compare, clusterblast, lanthipeptides, lassopeptides, nrps_pks, pfam2go, rrefinder, sactipeptides, t2pks, terpene, tfbs_finder, thiopeptides
DEBUG    18/06 15:11:58   Converting antismash.detection.hmm_detection results to json
DEBUG    18/06 15:11:58   Converting antismash.detection.cluster_hmmer results to json
DEBUG    18/06 15:11:58   Converting antismash.detection.genefunctions results to json
DEBUG    18/06 15:11:58   Converting antismash.detection.nrps_pks_domains results to json
DEBUG    18/06 15:11:58   Converting antismash.detection.tigrfam results to json
DEBUG    18/06 15:11:58   Converting antismash.modules.active_site_finder results to json
DEBUG    18/06 15:11:58   Converting antismash.modules.cluster_compare results to json
DEBUG    18/06 15:11:58   Converting antismash.modules.clusterblast results to json
DEBUG    18/06 15:11:58   Converting antismash.modules.lanthipeptides results to json
DEBUG    18/06 15:11:58   Converting antismash.modules.lassopeptides results to json
DEBUG    18/06 15:11:58   Converting antismash.modules.nrps_pks results to json
DEBUG    18/06 15:11:58   Converting antismash.modules.pfam2go results to json
DEBUG    18/06 15:11:58   Converting antismash.modules.rrefinder results to json
DEBUG    18/06 15:11:58   Converting antismash.modules.sactipeptides results to json
DEBUG    18/06 15:11:58   Converting antismash.modules.t2pks results to json
DEBUG    18/06 15:11:58   Converting antismash.modules.terpene results to json
DEBUG    18/06 15:11:58   Converting antismash.modules.tfbs_finder results to json
DEBUG    18/06 15:11:58   Converting antismash.modules.thiopeptides results to json
DEBUG    18/06 15:11:58   Converting antismash.modules.tta results to json
DEBUG    18/06 15:11:58   Record C3M06_5 has results for modules: hmm_detection
DEBUG    18/06 15:11:58   Converting antismash.detection.hmm_detection results to json
DEBUG    18/06 15:11:58   Record C3M06_6 has results for modules: hmm_detection
DEBUG    18/06 15:11:58   Converting antismash.detection.hmm_detection results to json
DEBUG    18/06 15:11:58   Record C3M06_7 has results for modules: hmm_detection
DEBUG    18/06 15:11:58   Converting antismash.detection.hmm_detection results to json
DEBUG    18/06 15:11:58   Record C3M06_8 has results for modules: hmm_detection
DEBUG    18/06 15:11:58   Converting antismash.detection.hmm_detection results to json
DEBUG    18/06 15:11:58   Record C3M06_9 has results for modules: hmm_detection
DEBUG    18/06 15:11:58   Converting antismash.detection.hmm_detection results to json
DEBUG    18/06 15:11:58   Record C3M06_10 has results for modules: hmm_detection
DEBUG    18/06 15:11:58   Converting antismash.detection.hmm_detection results to json
DEBUG    18/06 15:11:58   Record C3M06_11 has results for modules: hmm_detection
DEBUG    18/06 15:11:58   Converting antismash.detection.hmm_detection results to json
DEBUG    18/06 15:11:58   Record C3M06_12 has results for modules: hmm_detection
DEBUG    18/06 15:11:58   Converting antismash.detection.hmm_detection results to json
DEBUG    18/06 15:11:58   Record C3M06_13 has results for modules: hmm_detection
DEBUG    18/06 15:11:58   Converting antismash.detection.hmm_detection results to json
DEBUG    18/06 15:11:58   Record C3M06_14 has results for modules: hmm_detection
DEBUG    18/06 15:11:58   Converting antismash.detection.hmm_detection results to json
DEBUG    18/06 15:11:58   Record C3M06_15 has results for modules: hmm_detection
DEBUG    18/06 15:11:58   Converting antismash.detection.hmm_detection results to json
DEBUG    18/06 15:11:58   Record C3M06_16 has results for modules: hmm_detection
DEBUG    18/06 15:11:58   Converting antismash.detection.hmm_detection results to json
DEBUG    18/06 15:11:58   Record C3M06_17 has results for modules: hmm_detection
DEBUG    18/06 15:11:58   Converting antismash.detection.hmm_detection results to json
DEBUG    18/06 15:11:58   Record C3M06_18 has results for modules: hmm_detection
DEBUG    18/06 15:11:58   Converting antismash.detection.hmm_detection results to json
DEBUG    18/06 15:11:58   Record C3M06_19 has results for modules: hmm_detection
DEBUG    18/06 15:11:58   Converting antismash.detection.hmm_detection results to json
DEBUG    18/06 15:11:58   Record C3M06_20 has results for modules: hmm_detection
DEBUG    18/06 15:11:58   Converting antismash.detection.hmm_detection results to json
DEBUG    18/06 15:11:58   Record C3M06_21 has results for modules: hmm_detection
DEBUG    18/06 15:11:58   Converting antismash.detection.hmm_detection results to json
DEBUG    18/06 15:11:58   Record C3M06_22 has results for modules: hmm_detection
DEBUG    18/06 15:11:58   Converting antismash.detection.hmm_detection results to json
DEBUG    18/06 15:11:58   Record C3M06_23 has results for modules: hmm_detection
DEBUG    18/06 15:11:58   Converting antismash.detection.hmm_detection results to json
DEBUG    18/06 15:11:58   Record C3M06_24 has results for modules: hmm_detection
DEBUG    18/06 15:11:58   Converting antismash.detection.hmm_detection results to json
DEBUG    18/06 15:11:58   Record C3M06_25 has results for modules: hmm_detection
DEBUG    18/06 15:11:58   Converting antismash.detection.hmm_detection results to json
DEBUG    18/06 15:11:58   Record C3M06_26 has results for modules: hmm_detection
DEBUG    18/06 15:11:58   Converting antismash.detection.hmm_detection results to json
DEBUG    18/06 15:11:58   Record C3M06_27 has results for modules: hmm_detection
DEBUG    18/06 15:11:58   Converting antismash.detection.hmm_detection results to json
DEBUG    18/06 15:11:58   Record C3M06_28 has results for modules: hmm_detection
DEBUG    18/06 15:11:58   Converting antismash.detection.hmm_detection results to json
DEBUG    18/06 15:11:58   Record C3M06_29 has results for modules: hmm_detection
DEBUG    18/06 15:11:58   Converting antismash.detection.hmm_detection results to json
DEBUG    18/06 15:11:58   Record C3M06_30 has results for modules: hmm_detection
DEBUG    18/06 15:11:58   Converting antismash.detection.hmm_detection results to json
DEBUG    18/06 15:11:58   Record C3M06_31 has results for modules: hmm_detection
DEBUG    18/06 15:11:58   Converting antismash.detection.hmm_detection results to json
DEBUG    18/06 15:11:58   Record C3M06_32 has results for modules: hmm_detection
DEBUG    18/06 15:11:58   Converting antismash.detection.hmm_detection results to json
DEBUG    18/06 15:11:58   Record C3M06_33 has results for modules: hmm_detection
DEBUG    18/06 15:11:58   Converting antismash.detection.hmm_detection results to json
DEBUG    18/06 15:11:59   Record C3M06_34 has results for modules: hmm_detection
DEBUG    18/06 15:11:59   Converting antismash.detection.hmm_detection results to json
DEBUG    18/06 15:11:59   Record C3M06_35 has results for modules: hmm_detection
DEBUG    18/06 15:11:59   Converting antismash.detection.hmm_detection results to json
DEBUG    18/06 15:11:59   Record C3M06_36 has results for modules: hmm_detection
DEBUG    18/06 15:11:59   Converting antismash.detection.hmm_detection results to json
DEBUG    18/06 15:11:59   Record C3M06_37 has results for modules: hmm_detection
DEBUG    18/06 15:11:59   Converting antismash.detection.hmm_detection results to json
DEBUG    18/06 15:11:59   Record C3M06_38 has results for modules: hmm_detection
DEBUG    18/06 15:11:59   Converting antismash.detection.hmm_detection results to json
DEBUG    18/06 15:11:59   Record C3M06_39 has results for modules: hmm_detection
DEBUG    18/06 15:11:59   Converting antismash.detection.hmm_detection results to json
DEBUG    18/06 15:11:59   Record C3M06_40 has results for modules: hmm_detection
DEBUG    18/06 15:11:59   Converting antismash.detection.hmm_detection results to json
DEBUG    18/06 15:11:59   Record C3M06_41 has results for modules: hmm_detection, cluster_hmmer, genefunctions, nrps_pks_domains, tigrfam, active_site_finder, cluster_compare, clusterblast, lanthipeptides, lassopeptides, nrps_pks, pfam2go, rrefinder, sactipeptides, t2pks, terpene, tfbs_finder, thiopeptides
DEBUG    18/06 15:11:59   Converting antismash.detection.hmm_detection results to json
DEBUG    18/06 15:11:59   Converting antismash.detection.cluster_hmmer results to json
DEBUG    18/06 15:11:59   Converting antismash.detection.genefunctions results to json
DEBUG    18/06 15:11:59   Converting antismash.detection.nrps_pks_domains results to json
DEBUG    18/06 15:11:59   Converting antismash.detection.tigrfam results to json
DEBUG    18/06 15:11:59   Converting antismash.modules.active_site_finder results to json
DEBUG    18/06 15:11:59   Converting antismash.modules.cluster_compare results to json
DEBUG    18/06 15:11:59   Converting antismash.modules.clusterblast results to json
DEBUG    18/06 15:11:59   Converting antismash.modules.lanthipeptides results to json
DEBUG    18/06 15:11:59   Converting antismash.modules.lassopeptides results to json
DEBUG    18/06 15:11:59   Converting antismash.modules.nrps_pks results to json
DEBUG    18/06 15:11:59   Converting antismash.modules.pfam2go results to json
DEBUG    18/06 15:11:59   Converting antismash.modules.rrefinder results to json
DEBUG    18/06 15:11:59   Converting antismash.modules.sactipeptides results to json
DEBUG    18/06 15:11:59   Converting antismash.modules.t2pks results to json
DEBUG    18/06 15:11:59   Converting antismash.modules.terpene results to json
DEBUG    18/06 15:11:59   Converting antismash.modules.tfbs_finder results to json
DEBUG    18/06 15:11:59   Converting antismash.modules.thiopeptides results to json
DEBUG    18/06 15:11:59   Converting antismash.modules.tta results to json
DEBUG    18/06 15:11:59   Record C3M06_42 has results for modules: hmm_detection, cluster_hmmer, genefunctions, nrps_pks_domains, tigrfam, active_site_finder, cluster_compare, clusterblast, lanthipeptides, lassopeptides, nrps_pks, pfam2go, rrefinder, sactipeptides, t2pks, terpene, tfbs_finder, thiopeptides
DEBUG    18/06 15:11:59   Converting antismash.detection.hmm_detection results to json
DEBUG    18/06 15:11:59   Converting antismash.detection.cluster_hmmer results to json
DEBUG    18/06 15:11:59   Converting antismash.detection.genefunctions results to json
DEBUG    18/06 15:11:59   Converting antismash.detection.nrps_pks_domains results to json
DEBUG    18/06 15:11:59   Converting antismash.detection.tigrfam results to json
DEBUG    18/06 15:11:59   Converting antismash.modules.active_site_finder results to json
DEBUG    18/06 15:11:59   Converting antismash.modules.cluster_compare results to json
DEBUG    18/06 15:11:59   Converting antismash.modules.clusterblast results to json
DEBUG    18/06 15:11:59   Converting antismash.modules.lanthipeptides results to json
DEBUG    18/06 15:11:59   Converting antismash.modules.lassopeptides results to json
DEBUG    18/06 15:11:59   Converting antismash.modules.nrps_pks results to json
DEBUG    18/06 15:11:59   Converting antismash.modules.pfam2go results to json
DEBUG    18/06 15:11:59   Converting antismash.modules.rrefinder results to json
DEBUG    18/06 15:11:59   Converting antismash.modules.sactipeptides results to json
DEBUG    18/06 15:11:59   Converting antismash.modules.t2pks results to json
DEBUG    18/06 15:11:59   Converting antismash.modules.terpene results to json
DEBUG    18/06 15:11:59   Converting antismash.modules.tfbs_finder results to json
DEBUG    18/06 15:11:59   Converting antismash.modules.thiopeptides results to json
DEBUG    18/06 15:11:59   Converting antismash.modules.tta results to json
DEBUG    18/06 15:11:59   Record C3M06_43 has results for modules: hmm_detection
DEBUG    18/06 15:11:59   Converting antismash.detection.hmm_detection results to json
DEBUG    18/06 15:11:59   Record C3M06_44 has results for modules: hmm_detection
DEBUG    18/06 15:11:59   Converting antismash.detection.hmm_detection results to json
DEBUG    18/06 15:11:59   Record C3M06_45 has results for modules: hmm_detection
DEBUG    18/06 15:11:59   Converting antismash.detection.hmm_detection results to json
DEBUG    18/06 15:11:59   Record C3M06_46 has results for modules: hmm_detection
DEBUG    18/06 15:11:59   Converting antismash.detection.hmm_detection results to json
DEBUG    18/06 15:11:59   Record C3M06_47 has results for modules: hmm_detection
DEBUG    18/06 15:11:59   Converting antismash.detection.hmm_detection results to json
DEBUG    18/06 15:11:59   Record C3M06_48 has results for modules: hmm_detection, cluster_hmmer, genefunctions, nrps_pks_domains, tigrfam, active_site_finder, cluster_compare, clusterblast, lanthipeptides, lassopeptides, nrps_pks, pfam2go, rrefinder, sactipeptides, t2pks, terpene, tfbs_finder, thiopeptides
DEBUG    18/06 15:11:59   Converting antismash.detection.hmm_detection results to json
DEBUG    18/06 15:11:59   Converting antismash.detection.cluster_hmmer results to json
DEBUG    18/06 15:11:59   Converting antismash.detection.genefunctions results to json
DEBUG    18/06 15:11:59   Converting antismash.detection.nrps_pks_domains results to json
DEBUG    18/06 15:11:59   Converting antismash.detection.tigrfam results to json
DEBUG    18/06 15:11:59   Converting antismash.modules.active_site_finder results to json
DEBUG    18/06 15:11:59   Converting antismash.modules.cluster_compare results to json
DEBUG    18/06 15:11:59   Converting antismash.modules.clusterblast results to json
DEBUG    18/06 15:11:59   Converting antismash.modules.lanthipeptides results to json
DEBUG    18/06 15:11:59   Converting antismash.modules.lassopeptides results to json
DEBUG    18/06 15:11:59   Converting antismash.modules.nrps_pks results to json
DEBUG    18/06 15:11:59   Converting antismash.modules.pfam2go results to json
DEBUG    18/06 15:11:59   Converting antismash.modules.rrefinder results to json
DEBUG    18/06 15:11:59   Converting antismash.modules.sactipeptides results to json
DEBUG    18/06 15:11:59   Converting antismash.modules.t2pks results to json
DEBUG    18/06 15:11:59   Converting antismash.modules.terpene results to json
DEBUG    18/06 15:11:59   Converting antismash.modules.tfbs_finder results to json
DEBUG    18/06 15:11:59   Converting antismash.modules.thiopeptides results to json
DEBUG    18/06 15:11:59   Converting antismash.modules.tta results to json
DEBUG    18/06 15:11:59   Record C3M06_49 has results for modules: hmm_detection
DEBUG    18/06 15:11:59   Converting antismash.detection.hmm_detection results to json
DEBUG    18/06 15:11:59   Record C3M06_50 has results for modules: hmm_detection
DEBUG    18/06 15:11:59   Converting antismash.detection.hmm_detection results to json
DEBUG    18/06 15:11:59   Record C3M06_51 has results for modules: hmm_detection
DEBUG    18/06 15:11:59   Converting antismash.detection.hmm_detection results to json
DEBUG    18/06 15:11:59   Record C3M06_52 has results for modules: hmm_detection
DEBUG    18/06 15:11:59   Converting antismash.detection.hmm_detection results to json
DEBUG    18/06 15:11:59   Record C3M06_53 has results for modules: hmm_detection, cluster_hmmer, genefunctions, nrps_pks_domains, tigrfam, active_site_finder, cluster_compare, clusterblast, lanthipeptides, lassopeptides, nrps_pks, pfam2go, rrefinder, sactipeptides, t2pks, terpene, tfbs_finder, thiopeptides
DEBUG    18/06 15:11:59   Converting antismash.detection.hmm_detection results to json
DEBUG    18/06 15:11:59   Converting antismash.detection.cluster_hmmer results to json
DEBUG    18/06 15:11:59   Converting antismash.detection.genefunctions results to json
DEBUG    18/06 15:11:59   Converting antismash.detection.nrps_pks_domains results to json
DEBUG    18/06 15:11:59   Converting antismash.detection.tigrfam results to json
DEBUG    18/06 15:11:59   Converting antismash.modules.active_site_finder results to json
DEBUG    18/06 15:11:59   Converting antismash.modules.cluster_compare results to json
DEBUG    18/06 15:11:59   Converting antismash.modules.clusterblast results to json
DEBUG    18/06 15:11:59   Converting antismash.modules.lanthipeptides results to json
DEBUG    18/06 15:11:59   Converting antismash.modules.lassopeptides results to json
DEBUG    18/06 15:11:59   Converting antismash.modules.nrps_pks results to json
DEBUG    18/06 15:11:59   Converting antismash.modules.pfam2go results to json
DEBUG    18/06 15:11:59   Converting antismash.modules.rrefinder results to json
DEBUG    18/06 15:11:59   Converting antismash.modules.sactipeptides results to json
DEBUG    18/06 15:11:59   Converting antismash.modules.t2pks results to json
DEBUG    18/06 15:11:59   Converting antismash.modules.terpene results to json
DEBUG    18/06 15:11:59   Converting antismash.modules.tfbs_finder results to json
DEBUG    18/06 15:11:59   Converting antismash.modules.thiopeptides results to json
DEBUG    18/06 15:11:59   Converting antismash.modules.tta results to json
DEBUG    18/06 15:11:59   Record C3M06_54 has results for modules: hmm_detection
DEBUG    18/06 15:11:59   Converting antismash.detection.hmm_detection results to json
DEBUG    18/06 15:11:59   Record C3M06_55 has results for modules: hmm_detection
DEBUG    18/06 15:11:59   Converting antismash.detection.hmm_detection results to json
DEBUG    18/06 15:11:59   Record C3M06_56 has results for modules: hmm_detection
DEBUG    18/06 15:11:59   Converting antismash.detection.hmm_detection results to json
DEBUG    18/06 15:11:59   Record C3M06_57 has results for modules: hmm_detection
DEBUG    18/06 15:11:59   Converting antismash.detection.hmm_detection results to json
DEBUG    18/06 15:11:59   Record C3M06_58 has results for modules: hmm_detection
DEBUG    18/06 15:11:59   Converting antismash.detection.hmm_detection results to json
DEBUG    18/06 15:11:59   Record C3M06_59 has results for modules: hmm_detection
DEBUG    18/06 15:11:59   Converting antismash.detection.hmm_detection results to json
DEBUG    18/06 15:11:59   Record C3M06_60 has results for modules: hmm_detection
DEBUG    18/06 15:11:59   Converting antismash.detection.hmm_detection results to json
DEBUG    18/06 15:11:59   Record C3M06_61 has results for modules: hmm_detection
DEBUG    18/06 15:11:59   Converting antismash.detection.hmm_detection results to json
DEBUG    18/06 15:11:59   Record C3M06_62 has results for modules: hmm_detection
DEBUG    18/06 15:11:59   Converting antismash.detection.hmm_detection results to json
DEBUG    18/06 15:11:59   Record C3M06_63 has results for modules: hmm_detection
DEBUG    18/06 15:11:59   Converting antismash.detection.hmm_detection results to json
DEBUG    18/06 15:11:59   Record C3M06_64 has results for modules: hmm_detection
DEBUG    18/06 15:11:59   Converting antismash.detection.hmm_detection results to json
DEBUG    18/06 15:11:59   Record C3M06_65 has results for modules: hmm_detection
DEBUG    18/06 15:11:59   Converting antismash.detection.hmm_detection results to json
DEBUG    18/06 15:11:59   Record C3M06_66 has results for modules: hmm_detection
DEBUG    18/06 15:11:59   Converting antismash.detection.hmm_detection results to json
DEBUG    18/06 15:11:59   Record C3M06_67 has results for modules: hmm_detection
DEBUG    18/06 15:11:59   Converting antismash.detection.hmm_detection results to json
DEBUG    18/06 15:11:59   Record C3M06_68 has results for modules: hmm_detection
DEBUG    18/06 15:11:59   Converting antismash.detection.hmm_detection results to json
DEBUG    18/06 15:11:59   Record C3M06_69 has results for modules: hmm_detection, cluster_hmmer, genefunctions, nrps_pks_domains, tigrfam, active_site_finder, cluster_compare, clusterblast, lanthipeptides, lassopeptides, nrps_pks, pfam2go, rrefinder, sactipeptides, t2pks, terpene, tfbs_finder, thiopeptides
DEBUG    18/06 15:11:59   Converting antismash.detection.hmm_detection results to json
DEBUG    18/06 15:11:59   Converting antismash.detection.cluster_hmmer results to json
DEBUG    18/06 15:11:59   Converting antismash.detection.genefunctions results to json
DEBUG    18/06 15:11:59   Converting antismash.detection.nrps_pks_domains results to json
DEBUG    18/06 15:11:59   Converting antismash.detection.tigrfam results to json
DEBUG    18/06 15:11:59   Converting antismash.modules.active_site_finder results to json
DEBUG    18/06 15:11:59   Converting antismash.modules.cluster_compare results to json
DEBUG    18/06 15:11:59   Converting antismash.modules.clusterblast results to json
DEBUG    18/06 15:11:59   Converting antismash.modules.lanthipeptides results to json
DEBUG    18/06 15:11:59   Converting antismash.modules.lassopeptides results to json
DEBUG    18/06 15:11:59   Converting antismash.modules.nrps_pks results to json
DEBUG    18/06 15:11:59   Converting antismash.modules.pfam2go results to json
DEBUG    18/06 15:11:59   Converting antismash.modules.rrefinder results to json
DEBUG    18/06 15:11:59   Converting antismash.modules.sactipeptides results to json
DEBUG    18/06 15:11:59   Converting antismash.modules.t2pks results to json
DEBUG    18/06 15:11:59   Converting antismash.modules.terpene results to json
DEBUG    18/06 15:11:59   Converting antismash.modules.tfbs_finder results to json
DEBUG    18/06 15:11:59   Converting antismash.modules.thiopeptides results to json
DEBUG    18/06 15:11:59   Converting antismash.modules.tta results to json
DEBUG    18/06 15:11:59   Record C3M06_70 has results for modules: hmm_detection
DEBUG    18/06 15:11:59   Converting antismash.detection.hmm_detection results to json
DEBUG    18/06 15:11:59   Record C3M06_71 has results for modules: hmm_detection
DEBUG    18/06 15:11:59   Converting antismash.detection.hmm_detection results to json
DEBUG    18/06 15:11:59   Record C3M06_72 has results for modules: hmm_detection
DEBUG    18/06 15:11:59   Converting antismash.detection.hmm_detection results to json
DEBUG    18/06 15:11:59   Record C3M06_73 has results for modules: hmm_detection
DEBUG    18/06 15:11:59   Converting antismash.detection.hmm_detection results to json
DEBUG    18/06 15:11:59   Record C3M06_74 has results for modules: hmm_detection
DEBUG    18/06 15:11:59   Converting antismash.detection.hmm_detection results to json
DEBUG    18/06 15:11:59   Record C3M06_75 has results for modules: hmm_detection
DEBUG    18/06 15:11:59   Converting antismash.detection.hmm_detection results to json
DEBUG    18/06 15:11:59   Record C3M06_76 has results for modules: hmm_detection
DEBUG    18/06 15:11:59   Converting antismash.detection.hmm_detection results to json
DEBUG    18/06 15:11:59   Record C3M06_77 has results for modules: hmm_detection
DEBUG    18/06 15:11:59   Converting antismash.detection.hmm_detection results to json
DEBUG    18/06 15:11:59   Record C3M06_78 has results for modules: hmm_detection
DEBUG    18/06 15:11:59   Converting antismash.detection.hmm_detection results to json
DEBUG    18/06 15:11:59   Record C3M06_79 has results for modules: hmm_detection
DEBUG    18/06 15:11:59   Converting antismash.detection.hmm_detection results to json
DEBUG    18/06 15:11:59   Record C3M06_80 has results for modules: hmm_detection
DEBUG    18/06 15:11:59   Converting antismash.detection.hmm_detection results to json
DEBUG    18/06 15:11:59   Record C3M06_81 has results for modules: hmm_detection, cluster_hmmer, genefunctions, nrps_pks_domains, tigrfam, active_site_finder, cluster_compare, clusterblast, lanthipeptides, lassopeptides, nrps_pks, pfam2go, rrefinder, sactipeptides, t2pks, terpene, tfbs_finder, thiopeptides
DEBUG    18/06 15:11:59   Converting antismash.detection.hmm_detection results to json
DEBUG    18/06 15:11:59   Converting antismash.detection.cluster_hmmer results to json
DEBUG    18/06 15:11:59   Converting antismash.detection.genefunctions results to json
DEBUG    18/06 15:11:59   Converting antismash.detection.nrps_pks_domains results to json
DEBUG    18/06 15:11:59   Converting antismash.detection.tigrfam results to json
DEBUG    18/06 15:11:59   Converting antismash.modules.active_site_finder results to json
DEBUG    18/06 15:11:59   Converting antismash.modules.cluster_compare results to json
DEBUG    18/06 15:11:59   Converting antismash.modules.clusterblast results to json
DEBUG    18/06 15:11:59   Converting antismash.modules.lanthipeptides results to json
DEBUG    18/06 15:11:59   Converting antismash.modules.lassopeptides results to json
DEBUG    18/06 15:11:59   Converting antismash.modules.nrps_pks results to json
DEBUG    18/06 15:11:59   Converting antismash.modules.pfam2go results to json
DEBUG    18/06 15:11:59   Converting antismash.modules.rrefinder results to json
DEBUG    18/06 15:11:59   Converting antismash.modules.sactipeptides results to json
DEBUG    18/06 15:11:59   Converting antismash.modules.t2pks results to json
DEBUG    18/06 15:11:59   Converting antismash.modules.terpene results to json
DEBUG    18/06 15:11:59   Converting antismash.modules.tfbs_finder results to json
DEBUG    18/06 15:11:59   Converting antismash.modules.thiopeptides results to json
DEBUG    18/06 15:11:59   Converting antismash.modules.tta results to json
DEBUG    18/06 15:11:59   Record C3M06_82 has results for modules: hmm_detection
DEBUG    18/06 15:11:59   Converting antismash.detection.hmm_detection results to json
DEBUG    18/06 15:11:59   Record C3M06_83 has results for modules: hmm_detection
DEBUG    18/06 15:11:59   Converting antismash.detection.hmm_detection results to json
DEBUG    18/06 15:11:59   Record C3M06_84 has results for modules: hmm_detection
DEBUG    18/06 15:11:59   Converting antismash.detection.hmm_detection results to json
DEBUG    18/06 15:11:59   Record C3M06_85 has results for modules: hmm_detection
DEBUG    18/06 15:11:59   Converting antismash.detection.hmm_detection results to json
DEBUG    18/06 15:11:59   Record C3M06_86 has results for modules: hmm_detection
DEBUG    18/06 15:11:59   Converting antismash.detection.hmm_detection results to json
DEBUG    18/06 15:11:59   Record C3M06_87 has results for modules: hmm_detection
DEBUG    18/06 15:11:59   Converting antismash.detection.hmm_detection results to json
DEBUG    18/06 15:11:59   Record C3M06_88 has results for modules: hmm_detection
DEBUG    18/06 15:11:59   Converting antismash.detection.hmm_detection results to json
DEBUG    18/06 15:11:59   Record C3M06_89 has results for modules: hmm_detection
DEBUG    18/06 15:11:59   Converting antismash.detection.hmm_detection results to json
DEBUG    18/06 15:11:59   Record C3M06_90 has results for modules: hmm_detection
DEBUG    18/06 15:11:59   Converting antismash.detection.hmm_detection results to json
DEBUG    18/06 15:11:59   Record C3M06_91 has results for modules: hmm_detection
DEBUG    18/06 15:11:59   Converting antismash.detection.hmm_detection results to json
DEBUG    18/06 15:11:59   Record C3M06_92 has results for modules: hmm_detection
DEBUG    18/06 15:11:59   Converting antismash.detection.hmm_detection results to json
DEBUG    18/06 15:11:59   Record C3M06_93 has results for modules: hmm_detection
DEBUG    18/06 15:11:59   Converting antismash.detection.hmm_detection results to json
DEBUG    18/06 15:11:59   Record C3M06_94 has results for modules: hmm_detection
DEBUG    18/06 15:11:59   Converting antismash.detection.hmm_detection results to json
DEBUG    18/06 15:11:59   Record C3M06_95 has results for modules: hmm_detection
DEBUG    18/06 15:11:59   Converting antismash.detection.hmm_detection results to json
DEBUG    18/06 15:11:59   Record C3M06_96 has results for modules: hmm_detection
DEBUG    18/06 15:11:59   Converting antismash.detection.hmm_detection results to json
DEBUG    18/06 15:11:59   Record C3M06_97 has results for modules: hmm_detection
DEBUG    18/06 15:11:59   Converting antismash.detection.hmm_detection results to json
DEBUG    18/06 15:11:59   Record C3M06_98 has results for modules: hmm_detection
DEBUG    18/06 15:11:59   Converting antismash.detection.hmm_detection results to json
DEBUG    18/06 15:11:59   Record C3M06_99 has results for modules: hmm_detection
DEBUG    18/06 15:11:59   Converting antismash.detection.hmm_detection results to json
DEBUG    18/06 15:11:59   Record C3M06_100 has results for modules: hmm_detection, cluster_hmmer, genefunctions, nrps_pks_domains, tigrfam, active_site_finder, cluster_compare, clusterblast, lanthipeptides, lassopeptides, nrps_pks, pfam2go, rrefinder, sactipeptides, t2pks, terpene, tfbs_finder, thiopeptides, tta
DEBUG    18/06 15:11:59   Converting antismash.detection.hmm_detection results to json
DEBUG    18/06 15:11:59   Converting antismash.detection.cluster_hmmer results to json
DEBUG    18/06 15:11:59   Converting antismash.detection.genefunctions results to json
DEBUG    18/06 15:11:59   Converting antismash.detection.nrps_pks_domains results to json
DEBUG    18/06 15:11:59   Converting antismash.detection.tigrfam results to json
DEBUG    18/06 15:11:59   Converting antismash.modules.active_site_finder results to json
DEBUG    18/06 15:11:59   Converting antismash.modules.cluster_compare results to json
DEBUG    18/06 15:11:59   Converting antismash.modules.clusterblast results to json
DEBUG    18/06 15:11:59   Converting antismash.modules.lanthipeptides results to json
DEBUG    18/06 15:11:59   Converting antismash.modules.lassopeptides results to json
DEBUG    18/06 15:11:59   Converting antismash.modules.nrps_pks results to json
DEBUG    18/06 15:11:59   Converting antismash.modules.pfam2go results to json
DEBUG    18/06 15:11:59   Converting antismash.modules.rrefinder results to json
DEBUG    18/06 15:11:59   Converting antismash.modules.sactipeptides results to json
DEBUG    18/06 15:11:59   Converting antismash.modules.t2pks results to json
DEBUG    18/06 15:11:59   Converting antismash.modules.terpene results to json
DEBUG    18/06 15:11:59   Converting antismash.modules.tfbs_finder results to json
DEBUG    18/06 15:11:59   Converting antismash.modules.thiopeptides results to json
DEBUG    18/06 15:11:59   Converting antismash.modules.tta results to json
DEBUG    18/06 15:11:59   Record C3M06_101 has results for modules: hmm_detection, cluster_hmmer, genefunctions, nrps_pks_domains, tigrfam, active_site_finder, cluster_compare, clusterblast, lanthipeptides, lassopeptides, nrps_pks, pfam2go, rrefinder, sactipeptides, t2pks, terpene, tfbs_finder, thiopeptides
DEBUG    18/06 15:11:59   Converting antismash.detection.hmm_detection results to json
DEBUG    18/06 15:11:59   Converting antismash.detection.cluster_hmmer results to json
DEBUG    18/06 15:11:59   Converting antismash.detection.genefunctions results to json
DEBUG    18/06 15:11:59   Converting antismash.detection.nrps_pks_domains results to json
DEBUG    18/06 15:11:59   Converting antismash.detection.tigrfam results to json
DEBUG    18/06 15:11:59   Converting antismash.modules.active_site_finder results to json
DEBUG    18/06 15:11:59   Converting antismash.modules.cluster_compare results to json
DEBUG    18/06 15:11:59   Converting antismash.modules.clusterblast results to json
DEBUG    18/06 15:11:59   Converting antismash.modules.lanthipeptides results to json
DEBUG    18/06 15:11:59   Converting antismash.modules.lassopeptides results to json
DEBUG    18/06 15:11:59   Converting antismash.modules.nrps_pks results to json
DEBUG    18/06 15:11:59   Converting antismash.modules.pfam2go results to json
DEBUG    18/06 15:11:59   Converting antismash.modules.rrefinder results to json
DEBUG    18/06 15:11:59   Converting antismash.modules.sactipeptides results to json
DEBUG    18/06 15:11:59   Converting antismash.modules.t2pks results to json
DEBUG    18/06 15:11:59   Converting antismash.modules.terpene results to json
DEBUG    18/06 15:11:59   Converting antismash.modules.tfbs_finder results to json
DEBUG    18/06 15:11:59   Converting antismash.modules.thiopeptides results to json
DEBUG    18/06 15:11:59   Converting antismash.modules.tta results to json
DEBUG    18/06 15:11:59   Record C3M06_102 has results for modules: hmm_detection
DEBUG    18/06 15:11:59   Converting antismash.detection.hmm_detection results to json
DEBUG    18/06 15:11:59   Record C3M06_103 has results for modules: hmm_detection
DEBUG    18/06 15:11:59   Converting antismash.detection.hmm_detection results to json
DEBUG    18/06 15:11:59   Record C3M06_104 has results for modules: hmm_detection
DEBUG    18/06 15:11:59   Converting antismash.detection.hmm_detection results to json
DEBUG    18/06 15:11:59   Record C3M06_105 has results for modules: hmm_detection
DEBUG    18/06 15:11:59   Converting antismash.detection.hmm_detection results to json
DEBUG    18/06 15:11:59   Record C3M06_106 has results for modules: hmm_detection
DEBUG    18/06 15:11:59   Converting antismash.detection.hmm_detection results to json
DEBUG    18/06 15:11:59   Not annotating skipped record C3M06_1: No regions detected
DEBUG    18/06 15:11:59   Not annotating skipped record C3M06_2: No regions detected
DEBUG    18/06 15:11:59   Not annotating skipped record C3M06_3: No regions detected
DEBUG    18/06 15:11:59   Annotating record C3M06_4 with results from: hmm_detection, cluster_hmmer, genefunctions, nrps_pks_domains, tigrfam, active_site_finder, cluster_compare, clusterblast, lanthipeptides, lassopeptides, nrps_pks, pfam2go, rrefinder, sactipeptides, t2pks, terpene, tfbs_finder, thiopeptides, tta
DEBUG    18/06 15:11:59    Adding results from antismash.modules.active_site_finder
DEBUG    18/06 15:11:59    Adding results from antismash.modules.cluster_compare
DEBUG    18/06 15:11:59    Adding results from antismash.modules.clusterblast
DEBUG    18/06 15:11:59    Adding results from antismash.modules.lanthipeptides
DEBUG    18/06 15:11:59    Adding results from antismash.modules.lassopeptides
DEBUG    18/06 15:11:59    Adding results from antismash.modules.nrps_pks
DEBUG    18/06 15:11:59    Adding results from antismash.modules.pfam2go
DEBUG    18/06 15:11:59    Adding results from antismash.modules.rrefinder
DEBUG    18/06 15:11:59    Adding results from antismash.modules.sactipeptides
DEBUG    18/06 15:11:59    Adding results from antismash.modules.t2pks
DEBUG    18/06 15:11:59    Adding results from antismash.modules.terpene
DEBUG    18/06 15:11:59    Adding results from antismash.modules.tfbs_finder
DEBUG    18/06 15:11:59    Adding results from antismash.modules.thiopeptides
DEBUG    18/06 15:11:59    Adding results from antismash.modules.tta
DEBUG    18/06 15:11:59   Not annotating skipped record C3M06_5: No regions detected
DEBUG    18/06 15:11:59   Not annotating skipped record C3M06_6: No regions detected
DEBUG    18/06 15:11:59   Not annotating skipped record C3M06_7: No regions detected
DEBUG    18/06 15:11:59   Not annotating skipped record C3M06_8: No regions detected
DEBUG    18/06 15:11:59   Not annotating skipped record C3M06_9: No regions detected
DEBUG    18/06 15:11:59   Not annotating skipped record C3M06_10: No regions detected
DEBUG    18/06 15:11:59   Not annotating skipped record C3M06_11: No regions detected
DEBUG    18/06 15:11:59   Not annotating skipped record C3M06_12: No regions detected
DEBUG    18/06 15:11:59   Not annotating skipped record C3M06_13: No regions detected
DEBUG    18/06 15:11:59   Not annotating skipped record C3M06_14: No regions detected
DEBUG    18/06 15:11:59   Not annotating skipped record C3M06_15: No regions detected
DEBUG    18/06 15:11:59   Not annotating skipped record C3M06_16: No regions detected
DEBUG    18/06 15:11:59   Not annotating skipped record C3M06_17: No regions detected
DEBUG    18/06 15:11:59   Not annotating skipped record C3M06_18: No regions detected
DEBUG    18/06 15:11:59   Not annotating skipped record C3M06_19: No regions detected
DEBUG    18/06 15:11:59   Not annotating skipped record C3M06_20: No regions detected
DEBUG    18/06 15:11:59   Not annotating skipped record C3M06_21: No regions detected
DEBUG    18/06 15:11:59   Not annotating skipped record C3M06_22: No regions detected
DEBUG    18/06 15:11:59   Not annotating skipped record C3M06_23: No regions detected
DEBUG    18/06 15:11:59   Not annotating skipped record C3M06_24: No regions detected
DEBUG    18/06 15:11:59   Not annotating skipped record C3M06_25: No regions detected
DEBUG    18/06 15:11:59   Not annotating skipped record C3M06_26: No regions detected
DEBUG    18/06 15:11:59   Not annotating skipped record C3M06_27: No regions detected
DEBUG    18/06 15:11:59   Not annotating skipped record C3M06_28: No regions detected
DEBUG    18/06 15:11:59   Not annotating skipped record C3M06_29: No regions detected
DEBUG    18/06 15:11:59   Not annotating skipped record C3M06_30: No regions detected
DEBUG    18/06 15:11:59   Not annotating skipped record C3M06_31: No regions detected
DEBUG    18/06 15:11:59   Not annotating skipped record C3M06_32: No regions detected
DEBUG    18/06 15:11:59   Not annotating skipped record C3M06_33: No regions detected
DEBUG    18/06 15:11:59   Not annotating skipped record C3M06_34: No regions detected
DEBUG    18/06 15:11:59   Not annotating skipped record C3M06_35: No regions detected
DEBUG    18/06 15:11:59   Not annotating skipped record C3M06_36: No regions detected
DEBUG    18/06 15:11:59   Not annotating skipped record C3M06_37: No regions detected
DEBUG    18/06 15:11:59   Not annotating skipped record C3M06_38: No regions detected
DEBUG    18/06 15:11:59   Not annotating skipped record C3M06_39: No regions detected
DEBUG    18/06 15:11:59   Not annotating skipped record C3M06_40: No regions detected
DEBUG    18/06 15:11:59   Annotating record C3M06_41 with results from: hmm_detection, cluster_hmmer, genefunctions, nrps_pks_domains, tigrfam, active_site_finder, cluster_compare, clusterblast, lanthipeptides, lassopeptides, nrps_pks, pfam2go, rrefinder, sactipeptides, t2pks, terpene, tfbs_finder, thiopeptides, tta
DEBUG    18/06 15:11:59    Adding results from antismash.modules.active_site_finder
DEBUG    18/06 15:11:59    Adding results from antismash.modules.cluster_compare
DEBUG    18/06 15:11:59    Adding results from antismash.modules.clusterblast
DEBUG    18/06 15:11:59    Adding results from antismash.modules.lanthipeptides
DEBUG    18/06 15:11:59    Adding results from antismash.modules.lassopeptides
DEBUG    18/06 15:11:59    Adding results from antismash.modules.nrps_pks
DEBUG    18/06 15:11:59    Adding results from antismash.modules.pfam2go
DEBUG    18/06 15:11:59    Adding results from antismash.modules.rrefinder
DEBUG    18/06 15:11:59    Adding results from antismash.modules.sactipeptides
DEBUG    18/06 15:11:59    Adding results from antismash.modules.t2pks
DEBUG    18/06 15:11:59    Adding results from antismash.modules.terpene
DEBUG    18/06 15:11:59    Adding results from antismash.modules.tfbs_finder
DEBUG    18/06 15:11:59    Adding results from antismash.modules.thiopeptides
DEBUG    18/06 15:11:59    Adding results from antismash.modules.tta
DEBUG    18/06 15:11:59   Annotating record C3M06_42 with results from: hmm_detection, cluster_hmmer, genefunctions, nrps_pks_domains, tigrfam, active_site_finder, cluster_compare, clusterblast, lanthipeptides, lassopeptides, nrps_pks, pfam2go, rrefinder, sactipeptides, t2pks, terpene, tfbs_finder, thiopeptides, tta
DEBUG    18/06 15:11:59    Adding results from antismash.modules.active_site_finder
DEBUG    18/06 15:11:59    Adding results from antismash.modules.cluster_compare
DEBUG    18/06 15:11:59    Adding results from antismash.modules.clusterblast
DEBUG    18/06 15:11:59    Adding results from antismash.modules.lanthipeptides
DEBUG    18/06 15:11:59    Adding results from antismash.modules.lassopeptides
DEBUG    18/06 15:11:59    Adding results from antismash.modules.nrps_pks
DEBUG    18/06 15:11:59    Adding results from antismash.modules.pfam2go
DEBUG    18/06 15:11:59    Adding results from antismash.modules.rrefinder
DEBUG    18/06 15:11:59    Adding results from antismash.modules.sactipeptides
DEBUG    18/06 15:11:59    Adding results from antismash.modules.t2pks
DEBUG    18/06 15:11:59    Adding results from antismash.modules.terpene
DEBUG    18/06 15:11:59    Adding results from antismash.modules.tfbs_finder
DEBUG    18/06 15:11:59    Adding results from antismash.modules.thiopeptides
DEBUG    18/06 15:11:59    Adding results from antismash.modules.tta
DEBUG    18/06 15:11:59   Not annotating skipped record C3M06_43: No regions detected
DEBUG    18/06 15:11:59   Not annotating skipped record C3M06_44: No regions detected
DEBUG    18/06 15:11:59   Not annotating skipped record C3M06_45: No regions detected
DEBUG    18/06 15:11:59   Not annotating skipped record C3M06_46: No regions detected
DEBUG    18/06 15:11:59   Not annotating skipped record C3M06_47: No regions detected
DEBUG    18/06 15:11:59   Annotating record C3M06_48 with results from: hmm_detection, cluster_hmmer, genefunctions, nrps_pks_domains, tigrfam, active_site_finder, cluster_compare, clusterblast, lanthipeptides, lassopeptides, nrps_pks, pfam2go, rrefinder, sactipeptides, t2pks, terpene, tfbs_finder, thiopeptides, tta
DEBUG    18/06 15:11:59    Adding results from antismash.modules.active_site_finder
DEBUG    18/06 15:11:59    Adding results from antismash.modules.cluster_compare
DEBUG    18/06 15:11:59    Adding results from antismash.modules.clusterblast
DEBUG    18/06 15:11:59    Adding results from antismash.modules.lanthipeptides
DEBUG    18/06 15:11:59    Adding results from antismash.modules.lassopeptides
DEBUG    18/06 15:11:59    Adding results from antismash.modules.nrps_pks
DEBUG    18/06 15:11:59    Adding results from antismash.modules.pfam2go
DEBUG    18/06 15:11:59    Adding results from antismash.modules.rrefinder
DEBUG    18/06 15:11:59    Adding results from antismash.modules.sactipeptides
DEBUG    18/06 15:11:59    Adding results from antismash.modules.t2pks
DEBUG    18/06 15:11:59    Adding results from antismash.modules.terpene
DEBUG    18/06 15:11:59    Adding results from antismash.modules.tfbs_finder
DEBUG    18/06 15:11:59    Adding results from antismash.modules.thiopeptides
DEBUG    18/06 15:11:59    Adding results from antismash.modules.tta
DEBUG    18/06 15:11:59   Not annotating skipped record C3M06_49: No regions detected
DEBUG    18/06 15:11:59   Not annotating skipped record C3M06_50: No regions detected
DEBUG    18/06 15:11:59   Not annotating skipped record C3M06_51: No regions detected
DEBUG    18/06 15:11:59   Not annotating skipped record C3M06_52: No regions detected
DEBUG    18/06 15:11:59   Annotating record C3M06_53 with results from: hmm_detection, cluster_hmmer, genefunctions, nrps_pks_domains, tigrfam, active_site_finder, cluster_compare, clusterblast, lanthipeptides, lassopeptides, nrps_pks, pfam2go, rrefinder, sactipeptides, t2pks, terpene, tfbs_finder, thiopeptides, tta
DEBUG    18/06 15:11:59    Adding results from antismash.modules.active_site_finder
DEBUG    18/06 15:11:59    Adding results from antismash.modules.cluster_compare
DEBUG    18/06 15:11:59    Adding results from antismash.modules.clusterblast
DEBUG    18/06 15:11:59    Adding results from antismash.modules.lanthipeptides
DEBUG    18/06 15:11:59    Adding results from antismash.modules.lassopeptides
DEBUG    18/06 15:11:59    Adding results from antismash.modules.nrps_pks
DEBUG    18/06 15:11:59    Adding results from antismash.modules.pfam2go
DEBUG    18/06 15:11:59    Adding results from antismash.modules.rrefinder
DEBUG    18/06 15:11:59    Adding results from antismash.modules.sactipeptides
DEBUG    18/06 15:11:59    Adding results from antismash.modules.t2pks
DEBUG    18/06 15:11:59    Adding results from antismash.modules.terpene
DEBUG    18/06 15:11:59    Adding results from antismash.modules.tfbs_finder
DEBUG    18/06 15:11:59    Adding results from antismash.modules.thiopeptides
DEBUG    18/06 15:11:59    Adding results from antismash.modules.tta
DEBUG    18/06 15:11:59   Not annotating skipped record C3M06_54: No regions detected
DEBUG    18/06 15:11:59   Not annotating skipped record C3M06_55: No regions detected
DEBUG    18/06 15:11:59   Not annotating skipped record C3M06_56: No regions detected
DEBUG    18/06 15:11:59   Not annotating skipped record C3M06_57: No regions detected
DEBUG    18/06 15:11:59   Not annotating skipped record C3M06_58: No regions detected
DEBUG    18/06 15:11:59   Not annotating skipped record C3M06_59: No regions detected
DEBUG    18/06 15:11:59   Not annotating skipped record C3M06_60: No regions detected
DEBUG    18/06 15:11:59   Not annotating skipped record C3M06_61: No regions detected
DEBUG    18/06 15:11:59   Not annotating skipped record C3M06_62: No regions detected
DEBUG    18/06 15:11:59   Not annotating skipped record C3M06_63: No regions detected
DEBUG    18/06 15:11:59   Not annotating skipped record C3M06_64: No regions detected
DEBUG    18/06 15:11:59   Not annotating skipped record C3M06_65: No regions detected
DEBUG    18/06 15:11:59   Not annotating skipped record C3M06_66: No regions detected
DEBUG    18/06 15:11:59   Not annotating skipped record C3M06_67: No regions detected
DEBUG    18/06 15:11:59   Not annotating skipped record C3M06_68: No regions detected
DEBUG    18/06 15:11:59   Annotating record C3M06_69 with results from: hmm_detection, cluster_hmmer, genefunctions, nrps_pks_domains, tigrfam, active_site_finder, cluster_compare, clusterblast, lanthipeptides, lassopeptides, nrps_pks, pfam2go, rrefinder, sactipeptides, t2pks, terpene, tfbs_finder, thiopeptides, tta
DEBUG    18/06 15:11:59    Adding results from antismash.modules.active_site_finder
DEBUG    18/06 15:11:59    Adding results from antismash.modules.cluster_compare
DEBUG    18/06 15:11:59    Adding results from antismash.modules.clusterblast
DEBUG    18/06 15:11:59    Adding results from antismash.modules.lanthipeptides
DEBUG    18/06 15:11:59    Adding results from antismash.modules.lassopeptides
DEBUG    18/06 15:11:59    Adding results from antismash.modules.nrps_pks
DEBUG    18/06 15:11:59    Adding results from antismash.modules.pfam2go
DEBUG    18/06 15:11:59    Adding results from antismash.modules.rrefinder
DEBUG    18/06 15:11:59    Adding results from antismash.modules.sactipeptides
DEBUG    18/06 15:11:59    Adding results from antismash.modules.t2pks
DEBUG    18/06 15:11:59    Adding results from antismash.modules.terpene
DEBUG    18/06 15:11:59    Adding results from antismash.modules.tfbs_finder
DEBUG    18/06 15:11:59    Adding results from antismash.modules.thiopeptides
DEBUG    18/06 15:11:59    Adding results from antismash.modules.tta
DEBUG    18/06 15:11:59   Not annotating skipped record C3M06_70: No regions detected
DEBUG    18/06 15:11:59   Not annotating skipped record C3M06_71: No regions detected
DEBUG    18/06 15:11:59   Not annotating skipped record C3M06_72: No regions detected
DEBUG    18/06 15:11:59   Not annotating skipped record C3M06_73: No regions detected
DEBUG    18/06 15:11:59   Not annotating skipped record C3M06_74: No regions detected
DEBUG    18/06 15:11:59   Not annotating skipped record C3M06_75: No regions detected
DEBUG    18/06 15:11:59   Not annotating skipped record C3M06_76: No regions detected
DEBUG    18/06 15:11:59   Not annotating skipped record C3M06_77: No regions detected
DEBUG    18/06 15:11:59   Not annotating skipped record C3M06_78: No regions detected
DEBUG    18/06 15:11:59   Not annotating skipped record C3M06_79: No regions detected
DEBUG    18/06 15:11:59   Not annotating skipped record C3M06_80: No regions detected
DEBUG    18/06 15:11:59   Annotating record C3M06_81 with results from: hmm_detection, cluster_hmmer, genefunctions, nrps_pks_domains, tigrfam, active_site_finder, cluster_compare, clusterblast, lanthipeptides, lassopeptides, nrps_pks, pfam2go, rrefinder, sactipeptides, t2pks, terpene, tfbs_finder, thiopeptides, tta
DEBUG    18/06 15:11:59    Adding results from antismash.modules.active_site_finder
DEBUG    18/06 15:11:59    Adding results from antismash.modules.cluster_compare
DEBUG    18/06 15:11:59    Adding results from antismash.modules.clusterblast
DEBUG    18/06 15:11:59    Adding results from antismash.modules.lanthipeptides
DEBUG    18/06 15:11:59    Adding results from antismash.modules.lassopeptides
DEBUG    18/06 15:11:59    Adding results from antismash.modules.nrps_pks
DEBUG    18/06 15:11:59    Adding results from antismash.modules.pfam2go
DEBUG    18/06 15:11:59    Adding results from antismash.modules.rrefinder
DEBUG    18/06 15:11:59    Adding results from antismash.modules.sactipeptides
DEBUG    18/06 15:11:59    Adding results from antismash.modules.t2pks
DEBUG    18/06 15:11:59    Adding results from antismash.modules.terpene
DEBUG    18/06 15:11:59    Adding results from antismash.modules.tfbs_finder
DEBUG    18/06 15:11:59    Adding results from antismash.modules.thiopeptides
DEBUG    18/06 15:11:59    Adding results from antismash.modules.tta
DEBUG    18/06 15:11:59   Not annotating skipped record C3M06_82: No regions detected
DEBUG    18/06 15:11:59   Not annotating skipped record C3M06_83: No regions detected
DEBUG    18/06 15:11:59   Not annotating skipped record C3M06_84: No regions detected
DEBUG    18/06 15:11:59   Not annotating skipped record C3M06_85: No regions detected
DEBUG    18/06 15:11:59   Not annotating skipped record C3M06_86: No regions detected
DEBUG    18/06 15:11:59   Not annotating skipped record C3M06_87: No regions detected
DEBUG    18/06 15:11:59   Not annotating skipped record C3M06_88: No regions detected
DEBUG    18/06 15:11:59   Not annotating skipped record C3M06_89: No regions detected
DEBUG    18/06 15:11:59   Not annotating skipped record C3M06_90: No regions detected
DEBUG    18/06 15:11:59   Not annotating skipped record C3M06_91: No regions detected
DEBUG    18/06 15:11:59   Not annotating skipped record C3M06_92: No regions detected
DEBUG    18/06 15:11:59   Not annotating skipped record C3M06_93: No regions detected
DEBUG    18/06 15:11:59   Not annotating skipped record C3M06_94: No regions detected
DEBUG    18/06 15:11:59   Not annotating skipped record C3M06_95: No regions detected
DEBUG    18/06 15:11:59   Not annotating skipped record C3M06_96: No regions detected
DEBUG    18/06 15:11:59   Not annotating skipped record C3M06_97: No regions detected
DEBUG    18/06 15:11:59   Not annotating skipped record C3M06_98: No regions detected
DEBUG    18/06 15:11:59   Not annotating skipped record C3M06_99: No regions detected
DEBUG    18/06 15:11:59   Annotating record C3M06_100 with results from: hmm_detection, cluster_hmmer, genefunctions, nrps_pks_domains, tigrfam, active_site_finder, cluster_compare, clusterblast, lanthipeptides, lassopeptides, nrps_pks, pfam2go, rrefinder, sactipeptides, t2pks, terpene, tfbs_finder, thiopeptides, tta
DEBUG    18/06 15:11:59    Adding results from antismash.modules.active_site_finder
DEBUG    18/06 15:11:59    Adding results from antismash.modules.cluster_compare
DEBUG    18/06 15:11:59    Adding results from antismash.modules.clusterblast
DEBUG    18/06 15:11:59    Adding results from antismash.modules.lanthipeptides
DEBUG    18/06 15:11:59    Adding results from antismash.modules.lassopeptides
DEBUG    18/06 15:11:59    Adding results from antismash.modules.nrps_pks
DEBUG    18/06 15:11:59    Adding results from antismash.modules.pfam2go
DEBUG    18/06 15:11:59    Adding results from antismash.modules.rrefinder
DEBUG    18/06 15:11:59    Adding results from antismash.modules.sactipeptides
DEBUG    18/06 15:11:59    Adding results from antismash.modules.t2pks
DEBUG    18/06 15:11:59    Adding results from antismash.modules.terpene
DEBUG    18/06 15:11:59    Adding results from antismash.modules.tfbs_finder
DEBUG    18/06 15:11:59    Adding results from antismash.modules.thiopeptides
DEBUG    18/06 15:11:59    Adding results from antismash.modules.tta
DEBUG    18/06 15:11:59   Annotating record C3M06_101 with results from: hmm_detection, cluster_hmmer, genefunctions, nrps_pks_domains, tigrfam, active_site_finder, cluster_compare, clusterblast, lanthipeptides, lassopeptides, nrps_pks, pfam2go, rrefinder, sactipeptides, t2pks, terpene, tfbs_finder, thiopeptides, tta
DEBUG    18/06 15:11:59    Adding results from antismash.modules.active_site_finder
DEBUG    18/06 15:11:59    Adding results from antismash.modules.cluster_compare
DEBUG    18/06 15:11:59    Adding results from antismash.modules.clusterblast
DEBUG    18/06 15:11:59    Adding results from antismash.modules.lanthipeptides
DEBUG    18/06 15:11:59    Adding results from antismash.modules.lassopeptides
DEBUG    18/06 15:11:59    Adding results from antismash.modules.nrps_pks
DEBUG    18/06 15:11:59    Adding results from antismash.modules.pfam2go
DEBUG    18/06 15:11:59    Adding results from antismash.modules.rrefinder
DEBUG    18/06 15:11:59    Adding results from antismash.modules.sactipeptides
DEBUG    18/06 15:11:59    Adding results from antismash.modules.t2pks
DEBUG    18/06 15:11:59    Adding results from antismash.modules.terpene
DEBUG    18/06 15:11:59    Adding results from antismash.modules.tfbs_finder
DEBUG    18/06 15:11:59    Adding results from antismash.modules.thiopeptides
DEBUG    18/06 15:11:59    Adding results from antismash.modules.tta
DEBUG    18/06 15:11:59   Not annotating skipped record C3M06_102: No regions detected
DEBUG    18/06 15:11:59   Not annotating skipped record C3M06_103: No regions detected
DEBUG    18/06 15:11:59   Not annotating skipped record C3M06_104: No regions detected
DEBUG    18/06 15:11:59   Not annotating skipped record C3M06_105: No regions detected
DEBUG    18/06 15:11:59   Not annotating skipped record C3M06_106: No regions detected
DEBUG    18/06 15:11:59   Writing non-HTML output files
DEBUG    18/06 15:11:59    Writing relevant output files for antismash.detection.hmm_detection
DEBUG    18/06 15:11:59    Writing relevant output files for antismash.detection.hmm_detection
DEBUG    18/06 15:11:59    Writing relevant output files for antismash.detection.hmm_detection
DEBUG    18/06 15:11:59    Writing relevant output files for antismash.detection.hmm_detection
DEBUG    18/06 15:11:59    Writing relevant output files for antismash.detection.cluster_hmmer
DEBUG    18/06 15:11:59    Writing relevant output files for antismash.detection.genefunctions
DEBUG    18/06 15:11:59    Writing relevant output files for antismash.detection.nrps_pks_domains
DEBUG    18/06 15:11:59    Writing relevant output files for antismash.detection.tigrfam
DEBUG    18/06 15:11:59    Writing relevant output files for antismash.modules.active_site_finder
DEBUG    18/06 15:11:59    Writing relevant output files for antismash.modules.cluster_compare
DEBUG    18/06 15:11:59    Writing relevant output files for antismash.modules.clusterblast
DEBUG    18/06 15:11:59    Writing relevant output files for antismash.modules.lanthipeptides
DEBUG    18/06 15:11:59    Writing relevant output files for antismash.modules.lassopeptides
DEBUG    18/06 15:11:59    Writing relevant output files for antismash.modules.nrps_pks
DEBUG    18/06 15:11:59    Writing relevant output files for antismash.modules.pfam2go
DEBUG    18/06 15:11:59    Writing relevant output files for antismash.modules.rrefinder
DEBUG    18/06 15:11:59    Writing relevant output files for antismash.modules.sactipeptides
DEBUG    18/06 15:11:59    Writing relevant output files for antismash.modules.t2pks
DEBUG    18/06 15:11:59    Writing relevant output files for antismash.modules.terpene
DEBUG    18/06 15:11:59    Writing relevant output files for antismash.modules.tfbs_finder
DEBUG    18/06 15:11:59    Writing relevant output files for antismash.modules.thiopeptides
DEBUG    18/06 15:11:59    Writing relevant output files for antismash.modules.tta
DEBUG    18/06 15:11:59    Writing relevant output files for antismash.detection.hmm_detection
DEBUG    18/06 15:11:59    Writing relevant output files for antismash.detection.hmm_detection
DEBUG    18/06 15:11:59    Writing relevant output files for antismash.detection.hmm_detection
DEBUG    18/06 15:11:59    Writing relevant output files for antismash.detection.hmm_detection
DEBUG    18/06 15:11:59    Writing relevant output files for antismash.detection.hmm_detection
DEBUG    18/06 15:11:59    Writing relevant output files for antismash.detection.hmm_detection
DEBUG    18/06 15:11:59    Writing relevant output files for antismash.detection.hmm_detection
DEBUG    18/06 15:11:59    Writing relevant output files for antismash.detection.hmm_detection
DEBUG    18/06 15:11:59    Writing relevant output files for antismash.detection.hmm_detection
DEBUG    18/06 15:11:59    Writing relevant output files for antismash.detection.hmm_detection
DEBUG    18/06 15:11:59    Writing relevant output files for antismash.detection.hmm_detection
DEBUG    18/06 15:11:59    Writing relevant output files for antismash.detection.hmm_detection
DEBUG    18/06 15:11:59    Writing relevant output files for antismash.detection.hmm_detection
DEBUG    18/06 15:11:59    Writing relevant output files for antismash.detection.hmm_detection
DEBUG    18/06 15:11:59    Writing relevant output files for antismash.detection.hmm_detection
DEBUG    18/06 15:11:59    Writing relevant output files for antismash.detection.hmm_detection
DEBUG    18/06 15:11:59    Writing relevant output files for antismash.detection.hmm_detection
DEBUG    18/06 15:11:59    Writing relevant output files for antismash.detection.hmm_detection
DEBUG    18/06 15:11:59    Writing relevant output files for antismash.detection.hmm_detection
DEBUG    18/06 15:11:59    Writing relevant output files for antismash.detection.hmm_detection
DEBUG    18/06 15:11:59    Writing relevant output files for antismash.detection.hmm_detection
DEBUG    18/06 15:11:59    Writing relevant output files for antismash.detection.hmm_detection
DEBUG    18/06 15:11:59    Writing relevant output files for antismash.detection.hmm_detection
DEBUG    18/06 15:11:59    Writing relevant output files for antismash.detection.hmm_detection
DEBUG    18/06 15:11:59    Writing relevant output files for antismash.detection.hmm_detection
DEBUG    18/06 15:11:59    Writing relevant output files for antismash.detection.hmm_detection
DEBUG    18/06 15:11:59    Writing relevant output files for antismash.detection.hmm_detection
DEBUG    18/06 15:11:59    Writing relevant output files for antismash.detection.hmm_detection
DEBUG    18/06 15:11:59    Writing relevant output files for antismash.detection.hmm_detection
DEBUG    18/06 15:11:59    Writing relevant output files for antismash.detection.hmm_detection
DEBUG    18/06 15:11:59    Writing relevant output files for antismash.detection.hmm_detection
DEBUG    18/06 15:11:59    Writing relevant output files for antismash.detection.hmm_detection
DEBUG    18/06 15:11:59    Writing relevant output files for antismash.detection.hmm_detection
DEBUG    18/06 15:11:59    Writing relevant output files for antismash.detection.hmm_detection
DEBUG    18/06 15:11:59    Writing relevant output files for antismash.detection.hmm_detection
DEBUG    18/06 15:11:59    Writing relevant output files for antismash.detection.hmm_detection
DEBUG    18/06 15:11:59    Writing relevant output files for antismash.detection.hmm_detection
DEBUG    18/06 15:11:59    Writing relevant output files for antismash.detection.cluster_hmmer
DEBUG    18/06 15:11:59    Writing relevant output files for antismash.detection.genefunctions
DEBUG    18/06 15:11:59    Writing relevant output files for antismash.detection.nrps_pks_domains
DEBUG    18/06 15:11:59    Writing relevant output files for antismash.detection.tigrfam
DEBUG    18/06 15:11:59    Writing relevant output files for antismash.modules.active_site_finder
DEBUG    18/06 15:11:59    Writing relevant output files for antismash.modules.cluster_compare
DEBUG    18/06 15:11:59    Writing relevant output files for antismash.modules.clusterblast
DEBUG    18/06 15:11:59    Writing relevant output files for antismash.modules.lanthipeptides
DEBUG    18/06 15:11:59    Writing relevant output files for antismash.modules.lassopeptides
DEBUG    18/06 15:11:59    Writing relevant output files for antismash.modules.nrps_pks
DEBUG    18/06 15:11:59    Writing relevant output files for antismash.modules.pfam2go
DEBUG    18/06 15:11:59    Writing relevant output files for antismash.modules.rrefinder
DEBUG    18/06 15:11:59    Writing relevant output files for antismash.modules.sactipeptides
DEBUG    18/06 15:11:59    Writing relevant output files for antismash.modules.t2pks
DEBUG    18/06 15:11:59    Writing relevant output files for antismash.modules.terpene
DEBUG    18/06 15:11:59    Writing relevant output files for antismash.modules.tfbs_finder
DEBUG    18/06 15:11:59    Writing relevant output files for antismash.modules.thiopeptides
DEBUG    18/06 15:11:59    Writing relevant output files for antismash.modules.tta
DEBUG    18/06 15:11:59    Writing relevant output files for antismash.detection.hmm_detection
DEBUG    18/06 15:11:59    Writing relevant output files for antismash.detection.cluster_hmmer
DEBUG    18/06 15:11:59    Writing relevant output files for antismash.detection.genefunctions
DEBUG    18/06 15:11:59    Writing relevant output files for antismash.detection.nrps_pks_domains
DEBUG    18/06 15:11:59    Writing relevant output files for antismash.detection.tigrfam
DEBUG    18/06 15:11:59    Writing relevant output files for antismash.modules.active_site_finder
DEBUG    18/06 15:11:59    Writing relevant output files for antismash.modules.cluster_compare
DEBUG    18/06 15:11:59    Writing relevant output files for antismash.modules.clusterblast
DEBUG    18/06 15:11:59    Writing relevant output files for antismash.modules.lanthipeptides
DEBUG    18/06 15:11:59    Writing relevant output files for antismash.modules.lassopeptides
DEBUG    18/06 15:11:59    Writing relevant output files for antismash.modules.nrps_pks
DEBUG    18/06 15:11:59    Writing relevant output files for antismash.modules.pfam2go
DEBUG    18/06 15:11:59    Writing relevant output files for antismash.modules.rrefinder
DEBUG    18/06 15:11:59    Writing relevant output files for antismash.modules.sactipeptides
DEBUG    18/06 15:11:59    Writing relevant output files for antismash.modules.t2pks
DEBUG    18/06 15:11:59    Writing relevant output files for antismash.modules.terpene
DEBUG    18/06 15:11:59    Writing relevant output files for antismash.modules.tfbs_finder
DEBUG    18/06 15:11:59    Writing relevant output files for antismash.modules.thiopeptides
DEBUG    18/06 15:11:59    Writing relevant output files for antismash.modules.tta
DEBUG    18/06 15:11:59    Writing relevant output files for antismash.detection.hmm_detection
DEBUG    18/06 15:11:59    Writing relevant output files for antismash.detection.hmm_detection
DEBUG    18/06 15:11:59    Writing relevant output files for antismash.detection.hmm_detection
DEBUG    18/06 15:11:59    Writing relevant output files for antismash.detection.hmm_detection
DEBUG    18/06 15:11:59    Writing relevant output files for antismash.detection.hmm_detection
DEBUG    18/06 15:11:59    Writing relevant output files for antismash.detection.hmm_detection
DEBUG    18/06 15:11:59    Writing relevant output files for antismash.detection.cluster_hmmer
DEBUG    18/06 15:11:59    Writing relevant output files for antismash.detection.genefunctions
DEBUG    18/06 15:11:59    Writing relevant output files for antismash.detection.nrps_pks_domains
DEBUG    18/06 15:11:59    Writing relevant output files for antismash.detection.tigrfam
DEBUG    18/06 15:11:59    Writing relevant output files for antismash.modules.active_site_finder
DEBUG    18/06 15:11:59    Writing relevant output files for antismash.modules.cluster_compare
DEBUG    18/06 15:11:59    Writing relevant output files for antismash.modules.clusterblast
DEBUG    18/06 15:11:59    Writing relevant output files for antismash.modules.lanthipeptides
DEBUG    18/06 15:11:59    Writing relevant output files for antismash.modules.lassopeptides
DEBUG    18/06 15:11:59    Writing relevant output files for antismash.modules.nrps_pks
DEBUG    18/06 15:11:59    Writing relevant output files for antismash.modules.pfam2go
DEBUG    18/06 15:11:59    Writing relevant output files for antismash.modules.rrefinder
DEBUG    18/06 15:11:59    Writing relevant output files for antismash.modules.sactipeptides
DEBUG    18/06 15:11:59    Writing relevant output files for antismash.modules.t2pks
DEBUG    18/06 15:11:59    Writing relevant output files for antismash.modules.terpene
DEBUG    18/06 15:11:59    Writing relevant output files for antismash.modules.tfbs_finder
DEBUG    18/06 15:11:59    Writing relevant output files for antismash.modules.thiopeptides
DEBUG    18/06 15:11:59    Writing relevant output files for antismash.modules.tta
DEBUG    18/06 15:11:59    Writing relevant output files for antismash.detection.hmm_detection
DEBUG    18/06 15:11:59    Writing relevant output files for antismash.detection.hmm_detection
DEBUG    18/06 15:11:59    Writing relevant output files for antismash.detection.hmm_detection
DEBUG    18/06 15:11:59    Writing relevant output files for antismash.detection.hmm_detection
DEBUG    18/06 15:11:59    Writing relevant output files for antismash.detection.hmm_detection
DEBUG    18/06 15:11:59    Writing relevant output files for antismash.detection.cluster_hmmer
DEBUG    18/06 15:11:59    Writing relevant output files for antismash.detection.genefunctions
DEBUG    18/06 15:11:59    Writing relevant output files for antismash.detection.nrps_pks_domains
DEBUG    18/06 15:11:59    Writing relevant output files for antismash.detection.tigrfam
DEBUG    18/06 15:11:59    Writing relevant output files for antismash.modules.active_site_finder
DEBUG    18/06 15:11:59    Writing relevant output files for antismash.modules.cluster_compare
DEBUG    18/06 15:11:59    Writing relevant output files for antismash.modules.clusterblast
DEBUG    18/06 15:11:59    Writing relevant output files for antismash.modules.lanthipeptides
DEBUG    18/06 15:11:59    Writing relevant output files for antismash.modules.lassopeptides
DEBUG    18/06 15:11:59    Writing relevant output files for antismash.modules.nrps_pks
DEBUG    18/06 15:11:59    Writing relevant output files for antismash.modules.pfam2go
DEBUG    18/06 15:11:59    Writing relevant output files for antismash.modules.rrefinder
DEBUG    18/06 15:11:59    Writing relevant output files for antismash.modules.sactipeptides
DEBUG    18/06 15:11:59    Writing relevant output files for antismash.modules.t2pks
DEBUG    18/06 15:11:59    Writing relevant output files for antismash.modules.terpene
DEBUG    18/06 15:11:59    Writing relevant output files for antismash.modules.tfbs_finder
DEBUG    18/06 15:11:59    Writing relevant output files for antismash.modules.thiopeptides
DEBUG    18/06 15:11:59    Writing relevant output files for antismash.modules.tta
DEBUG    18/06 15:11:59    Writing relevant output files for antismash.detection.hmm_detection
DEBUG    18/06 15:11:59    Writing relevant output files for antismash.detection.hmm_detection
DEBUG    18/06 15:11:59    Writing relevant output files for antismash.detection.hmm_detection
DEBUG    18/06 15:11:59    Writing relevant output files for antismash.detection.hmm_detection
DEBUG    18/06 15:11:59    Writing relevant output files for antismash.detection.hmm_detection
DEBUG    18/06 15:11:59    Writing relevant output files for antismash.detection.hmm_detection
DEBUG    18/06 15:11:59    Writing relevant output files for antismash.detection.hmm_detection
DEBUG    18/06 15:11:59    Writing relevant output files for antismash.detection.hmm_detection
DEBUG    18/06 15:11:59    Writing relevant output files for antismash.detection.hmm_detection
DEBUG    18/06 15:11:59    Writing relevant output files for antismash.detection.hmm_detection
DEBUG    18/06 15:11:59    Writing relevant output files for antismash.detection.hmm_detection
DEBUG    18/06 15:11:59    Writing relevant output files for antismash.detection.hmm_detection
DEBUG    18/06 15:11:59    Writing relevant output files for antismash.detection.hmm_detection
DEBUG    18/06 15:11:59    Writing relevant output files for antismash.detection.hmm_detection
DEBUG    18/06 15:11:59    Writing relevant output files for antismash.detection.hmm_detection
DEBUG    18/06 15:11:59    Writing relevant output files for antismash.detection.hmm_detection
DEBUG    18/06 15:11:59    Writing relevant output files for antismash.detection.cluster_hmmer
DEBUG    18/06 15:11:59    Writing relevant output files for antismash.detection.genefunctions
DEBUG    18/06 15:11:59    Writing relevant output files for antismash.detection.nrps_pks_domains
DEBUG    18/06 15:11:59    Writing relevant output files for antismash.detection.tigrfam
DEBUG    18/06 15:11:59    Writing relevant output files for antismash.modules.active_site_finder
DEBUG    18/06 15:11:59    Writing relevant output files for antismash.modules.cluster_compare
DEBUG    18/06 15:11:59    Writing relevant output files for antismash.modules.clusterblast
DEBUG    18/06 15:12:00    Writing relevant output files for antismash.modules.lanthipeptides
DEBUG    18/06 15:12:00    Writing relevant output files for antismash.modules.lassopeptides
DEBUG    18/06 15:12:00    Writing relevant output files for antismash.modules.nrps_pks
DEBUG    18/06 15:12:00    Writing relevant output files for antismash.modules.pfam2go
DEBUG    18/06 15:12:00    Writing relevant output files for antismash.modules.rrefinder
DEBUG    18/06 15:12:00    Writing relevant output files for antismash.modules.sactipeptides
DEBUG    18/06 15:12:00    Writing relevant output files for antismash.modules.t2pks
DEBUG    18/06 15:12:00    Writing relevant output files for antismash.modules.terpene
DEBUG    18/06 15:12:00    Writing relevant output files for antismash.modules.tfbs_finder
DEBUG    18/06 15:12:00    Writing relevant output files for antismash.modules.thiopeptides
DEBUG    18/06 15:12:00    Writing relevant output files for antismash.modules.tta
DEBUG    18/06 15:12:00    Writing relevant output files for antismash.detection.hmm_detection
DEBUG    18/06 15:12:00    Writing relevant output files for antismash.detection.hmm_detection
DEBUG    18/06 15:12:00    Writing relevant output files for antismash.detection.hmm_detection
DEBUG    18/06 15:12:00    Writing relevant output files for antismash.detection.hmm_detection
DEBUG    18/06 15:12:00    Writing relevant output files for antismash.detection.hmm_detection
DEBUG    18/06 15:12:00    Writing relevant output files for antismash.detection.hmm_detection
DEBUG    18/06 15:12:00    Writing relevant output files for antismash.detection.hmm_detection
DEBUG    18/06 15:12:00    Writing relevant output files for antismash.detection.hmm_detection
DEBUG    18/06 15:12:00    Writing relevant output files for antismash.detection.hmm_detection
DEBUG    18/06 15:12:00    Writing relevant output files for antismash.detection.hmm_detection
DEBUG    18/06 15:12:00    Writing relevant output files for antismash.detection.hmm_detection
DEBUG    18/06 15:12:00    Writing relevant output files for antismash.detection.hmm_detection
DEBUG    18/06 15:12:00    Writing relevant output files for antismash.detection.cluster_hmmer
DEBUG    18/06 15:12:00    Writing relevant output files for antismash.detection.genefunctions
DEBUG    18/06 15:12:00    Writing relevant output files for antismash.detection.nrps_pks_domains
DEBUG    18/06 15:12:00    Writing relevant output files for antismash.detection.tigrfam
DEBUG    18/06 15:12:00    Writing relevant output files for antismash.modules.active_site_finder
DEBUG    18/06 15:12:00    Writing relevant output files for antismash.modules.cluster_compare
DEBUG    18/06 15:12:00    Writing relevant output files for antismash.modules.clusterblast
DEBUG    18/06 15:12:00    Writing relevant output files for antismash.modules.lanthipeptides
DEBUG    18/06 15:12:00    Writing relevant output files for antismash.modules.lassopeptides
DEBUG    18/06 15:12:00    Writing relevant output files for antismash.modules.nrps_pks
DEBUG    18/06 15:12:00    Writing relevant output files for antismash.modules.pfam2go
DEBUG    18/06 15:12:00    Writing relevant output files for antismash.modules.rrefinder
DEBUG    18/06 15:12:00    Writing relevant output files for antismash.modules.sactipeptides
DEBUG    18/06 15:12:00    Writing relevant output files for antismash.modules.t2pks
DEBUG    18/06 15:12:00    Writing relevant output files for antismash.modules.terpene
DEBUG    18/06 15:12:00    Writing relevant output files for antismash.modules.tfbs_finder
DEBUG    18/06 15:12:00    Writing relevant output files for antismash.modules.thiopeptides
DEBUG    18/06 15:12:00    Writing relevant output files for antismash.modules.tta
DEBUG    18/06 15:12:00    Writing relevant output files for antismash.detection.hmm_detection
DEBUG    18/06 15:12:00    Writing relevant output files for antismash.detection.hmm_detection
DEBUG    18/06 15:12:00    Writing relevant output files for antismash.detection.hmm_detection
DEBUG    18/06 15:12:00    Writing relevant output files for antismash.detection.hmm_detection
DEBUG    18/06 15:12:00    Writing relevant output files for antismash.detection.hmm_detection
DEBUG    18/06 15:12:00    Writing relevant output files for antismash.detection.hmm_detection
DEBUG    18/06 15:12:00    Writing relevant output files for antismash.detection.hmm_detection
DEBUG    18/06 15:12:00    Writing relevant output files for antismash.detection.hmm_detection
DEBUG    18/06 15:12:00    Writing relevant output files for antismash.detection.hmm_detection
DEBUG    18/06 15:12:00    Writing relevant output files for antismash.detection.hmm_detection
DEBUG    18/06 15:12:00    Writing relevant output files for antismash.detection.hmm_detection
DEBUG    18/06 15:12:00    Writing relevant output files for antismash.detection.hmm_detection
DEBUG    18/06 15:12:00    Writing relevant output files for antismash.detection.hmm_detection
DEBUG    18/06 15:12:00    Writing relevant output files for antismash.detection.hmm_detection
DEBUG    18/06 15:12:00    Writing relevant output files for antismash.detection.hmm_detection
DEBUG    18/06 15:12:00    Writing relevant output files for antismash.detection.hmm_detection
DEBUG    18/06 15:12:00    Writing relevant output files for antismash.detection.hmm_detection
DEBUG    18/06 15:12:00    Writing relevant output files for antismash.detection.hmm_detection
DEBUG    18/06 15:12:00    Writing relevant output files for antismash.detection.hmm_detection
DEBUG    18/06 15:12:00    Writing relevant output files for antismash.detection.cluster_hmmer
DEBUG    18/06 15:12:00    Writing relevant output files for antismash.detection.genefunctions
DEBUG    18/06 15:12:00    Writing relevant output files for antismash.detection.nrps_pks_domains
DEBUG    18/06 15:12:00    Writing relevant output files for antismash.detection.tigrfam
DEBUG    18/06 15:12:00    Writing relevant output files for antismash.modules.active_site_finder
DEBUG    18/06 15:12:00    Writing relevant output files for antismash.modules.cluster_compare
DEBUG    18/06 15:12:00    Writing relevant output files for antismash.modules.clusterblast
DEBUG    18/06 15:12:00    Writing relevant output files for antismash.modules.lanthipeptides
DEBUG    18/06 15:12:00    Writing relevant output files for antismash.modules.lassopeptides
DEBUG    18/06 15:12:00    Writing relevant output files for antismash.modules.nrps_pks
DEBUG    18/06 15:12:00    Writing relevant output files for antismash.modules.pfam2go
DEBUG    18/06 15:12:00    Writing relevant output files for antismash.modules.rrefinder
DEBUG    18/06 15:12:00    Writing relevant output files for antismash.modules.sactipeptides
DEBUG    18/06 15:12:00    Writing relevant output files for antismash.modules.t2pks
DEBUG    18/06 15:12:00    Writing relevant output files for antismash.modules.terpene
DEBUG    18/06 15:12:00    Writing relevant output files for antismash.modules.tfbs_finder
DEBUG    18/06 15:12:00    Writing relevant output files for antismash.modules.thiopeptides
DEBUG    18/06 15:12:00    Writing relevant output files for antismash.modules.tta
DEBUG    18/06 15:12:00    Writing relevant output files for antismash.detection.hmm_detection
DEBUG    18/06 15:12:00    Writing relevant output files for antismash.detection.cluster_hmmer
DEBUG    18/06 15:12:00    Writing relevant output files for antismash.detection.genefunctions
DEBUG    18/06 15:12:00    Writing relevant output files for antismash.detection.nrps_pks_domains
DEBUG    18/06 15:12:00    Writing relevant output files for antismash.detection.tigrfam
DEBUG    18/06 15:12:00    Writing relevant output files for antismash.modules.active_site_finder
DEBUG    18/06 15:12:00    Writing relevant output files for antismash.modules.cluster_compare
DEBUG    18/06 15:12:00    Writing relevant output files for antismash.modules.clusterblast
DEBUG    18/06 15:12:00    Writing relevant output files for antismash.modules.lanthipeptides
DEBUG    18/06 15:12:00    Writing relevant output files for antismash.modules.lassopeptides
DEBUG    18/06 15:12:00    Writing relevant output files for antismash.modules.nrps_pks
DEBUG    18/06 15:12:00    Writing relevant output files for antismash.modules.pfam2go
DEBUG    18/06 15:12:00    Writing relevant output files for antismash.modules.rrefinder
DEBUG    18/06 15:12:00    Writing relevant output files for antismash.modules.sactipeptides
DEBUG    18/06 15:12:00    Writing relevant output files for antismash.modules.t2pks
DEBUG    18/06 15:12:00    Writing relevant output files for antismash.modules.terpene
DEBUG    18/06 15:12:00    Writing relevant output files for antismash.modules.tfbs_finder
DEBUG    18/06 15:12:00    Writing relevant output files for antismash.modules.thiopeptides
DEBUG    18/06 15:12:00    Writing relevant output files for antismash.modules.tta
DEBUG    18/06 15:12:00    Writing relevant output files for antismash.detection.hmm_detection
DEBUG    18/06 15:12:00    Writing relevant output files for antismash.detection.hmm_detection
DEBUG    18/06 15:12:00    Writing relevant output files for antismash.detection.hmm_detection
DEBUG    18/06 15:12:00    Writing relevant output files for antismash.detection.hmm_detection
DEBUG    18/06 15:12:00    Writing relevant output files for antismash.detection.hmm_detection
DEBUG    18/06 15:12:00   Creating results page
DEBUG    18/06 15:12:00   Results page using antismash.js from local copy: /databases/as-js/0.16/antismash.js
DEBUG    18/06 15:12:05   Writing cluster-specific genbank files
DEBUG    18/06 15:12:05   Writing final genbank file to '/data/antismash/upload/bacteria-75ce95a5-47f2-492b-b2d4-d57dd483cbab/C3M06_short.gbk'
DEBUG    18/06 15:12:06   Zipping output to '/data/antismash/upload/bacteria-75ce95a5-47f2-492b-b2d4-d57dd483cbab/C3M06_short.zip'
